Date,Time,Item,Group,Category,Barcode Number,QTY Sold,Unit Price,Total Price,WAC per PC,Total WAC,Daily Gross Profit,Loyalty Card,Customer Name,Customer Debt Status,Payment Type,UserID,TransactionID
12/7/2026,13:15:58,Niceone-180g,Sabuni : UNGA,Usafi:Jumla,6.20302E+12,1,500,500,425,425,75,KM-0000,Guest,Not In-Debt,Full Paid,USR-002,
12/7/2026,13:15:58,Niceone-400g,Sabuni : UNGA,Usafi:Jumla,6.20302E+12,2,"1,000","2,000",867,"1,733",267,KM-0000,Guest,Not In-Debt,Full Paid,USR-002,
12/7/2026,13:40:35,MO:Passion-300ml,Soda,Vinywaji,,1,600,600,400,400,200,KM-0000,Guest,Not In-Debt,Full Paid,USR-001,
12/7/2026,13:40:35,Afiya:Oranges-300ml,Juisi,Vinywaji,,2,600,"1,200",433,867,333,KM-0000,Guest,Not In-Debt,Full Paid,USR-001,
12/7/2026,13:40:35,Serengeti:(Lg),Bia,Vinywaji,4.98654E+12,1,"2,200","2,200","1,775","1,775",425,KM-0000,Guest,Not In-Debt,Full Paid,USR-001,
12/7/2026,13:40:35,Safari:(Lg),Bia,Vinywaji,6.2011E+12,1,"2,200","2,200","1,775","1,775",425,KM-0000,Guest,Not In-Debt,Full Paid,USR-001,
12/7/2026,13:40:35,Murua:Nice,Biskuti,Vitamu,7.92383E+11,1,300,300,160,160,140,KM-0000,Guest,Not In-Debt,Full Paid,USR-001,
12/7/2026,13:40:35,Pepsi : 600ml,Soda,Vinywaji,6.2011E+12,2,"1,200","2,400",800,"1,600",800,KM-0000,Guest,Not In-Debt,Full Paid,USR-001,
12/7/2026,13:40:35,Afiya:Lemon-300ml,Juisi,Vinywaji,,1,600,600,438,438,163,KM-0000,Guest,Not In-Debt,Full Paid,USR-001,
12/7/2026,13:40:35,Azam-Cola-300ml,Soda,Vinywaji,6.20301E+12,4,600,"2,400",423,"1,692",708,KM-0000,Guest,Not In-Debt,Full Paid,USR-001,
12/7/2026,13:40:35,Uhai(W)-1.6L,Maji,Vinywaji,6.20301E+12,2,800,"1,600",500,"1,000",600,KM-0000,Guest,Not In-Debt,Full Paid,USR-001,
12/7/2026,13:40:35,Sembe-25kg,Unga/Sembe,Nafaka,,1.5,"1,500","2,250","1,280","1,920",330,KM-0000,Guest,Not In-Debt,Full Paid,USR-001,
12/7/2026,13:40:35,Sukari(Kupima) - 50kg,Sukari,Viungo,,0.5,"3,000","1,500","2,360","1,180",320,KM-0000,Guest,Not In-Debt,Full Paid,USR-001,
12/7/2026,13:40:35,Jambo:Bolibo-300ml,Juisi,Vinywaji,6.203E+12,1,600,600,417,417,183,KM-0000,Guest,Not In-Debt,Full Paid,USR-001,
12/7/2026,13:40:35,Mayai@Kizungu,Mayai: Kizungu,Viungo,,9,350,"3,150",267,"2,400",750,KM-0000,Guest,Not In-Debt,Full Paid,USR-001,
12/7/2026,13:40:35,Pipi:Bigijii@50,Pipi/Bigijii,Vitamu,,19,50,950,33,633,317,KM-0000,Guest,Not In-Debt,Full Paid,USR-001,
12/7/2026,13:40:35,Pipi:Bigijii@100,Pipi/Bigijii,Vitamu,,7,100,700,90,630,70,KM-0000,Guest,Not In-Debt,Full Paid,USR-001,
12/7/2026,13:40:35,MO:(E)-300ML,E-Drink,Vinywaji,6.20302E+12,3,600,"1,800",519,"1,558",242,KM-0000,Guest,Not In-Debt,Full Paid,USR-001,
12/7/2026,13:40:35,Ngano-25kg,Unga/Ngano,Nafaka,,0.75,"2,000","1,500","1,500","1,125",375,KM-0000,Guest,Not In-Debt,Full Paid,USR-001,
12/7/2026,13:40:35,Mshumaa,MSHUMAA,Jikoni,6.203E+12,1,500,500,333,333,167,KM-0000,Guest,Not In-Debt,Full Paid,USR-001,
12/7/2026,13:40:35,Niceone-180g,Sabuni : UNGA,Usafi:Jumla,6.20302E+12,1,500,500,425,425,75,KM-0000,Guest,Not In-Debt,Full Paid,USR-001,
12/7/2026,13:40:35,Azam-Malt-300ml,Soda,Vinywaji,6.00964E+12,1,700,700,479,479,221,KM-0000,Guest,Not In-Debt,Full Paid,USR-001,
12/7/2026,13:40:35,Haswa -Nazi-150ML,Mafuta : Nazi,Usafi:Binafsi,6.2011E+12,1,"2,000","2,000","1,250","1,250",750,KM-0000,Guest,Not In-Debt,Full Paid,USR-001,
12/7/2026,13:40:35,"Tamu : Bakery Maandazi-24pcs@2,000",Maandazi,Nafaka,,10,100,"1,000",83,833,167,KM-0000,Guest,Not In-Debt,Full Paid,USR-001,
12/7/2026,13:40:35,Azam:(E)-300ML,E-Drink,Vinywaji,6.00964E+12,3,700,"2,100",475,"1,425",675,KM-0000,Guest,Not In-Debt,Full Paid,USR-001,
12/7/2026,13:40:35,Mimi-6g,Snaki,Snaki,,14,100,"1,400",83,"1,167",233,KM-0000,Guest,Not In-Debt,Full Paid,USR-001,
12/7/2026,13:40:35,Uhai(W)-1L,Maji,Vinywaji,6.20301E+12,2,600,"1,200",417,833,367,KM-0000,Guest,Not In-Debt,Full Paid,USR-001,
12/7/2026,13:40:35,Tamu : Bakery Mkate-1pcs@800,Mkate,Nafaka,,2,"1,000","2,000",800,"1,600",400,KM-0000,Guest,Not In-Debt,Full Paid,USR-001,
12/7/2026,13:40:35,Jambo:Cocopine-300ml,Juisi,Vinywaji,6.203E+12,1,600,600,417,417,183,KM-0000,Guest,Not In-Debt,Full Paid,USR-001,
12/7/2026,13:40:35,BlueBand-100g,Siagi,Viungo,,2,"1,500","3,000","1,333","2,667",333,KM-0000,Guest,Not In-Debt,Full Paid,USR-001,
12/7/2026,13:40:35,Tressa :Shampoo - 10ML,Shampoo/Nywele,Usafi:Binafsi,6.20305E+12,2,200,400,125,250,150,KM-0000,Guest,Not In-Debt,Full Paid,USR-001,
12/7/2026,13:40:35,Paracetamol - 500mg,Dawa : Maumivu,Afya,,6,50,300,30,180,120,KM-0000,Guest,Not In-Debt,Full Paid,USR-001,
12/7/2026,13:40:35,Tambi-25kg (Kupima),Spaghetti,Nafaka,,0.25,"2,800",700,"2,080",520,180,KM-0000,Guest,Not In-Debt,Full Paid,USR-001,
12/7/2026,13:48:43,Serengeti:(Lg),Bia,Vinywaji,4.98654E+12,2,"2,200","4,400","1,775","3,550",850,KM-0000,Guest,Not In-Debt,Full Paid,USR-001,
12/7/2026,13:58:47,Azam-Cola-300ml,Soda,Vinywaji,6.20301E+12,3,600,"1,800",423,"1,269",531,KM-0000,Guest,Not In-Debt,Full Paid,USR-002,
12/7/2026,13:58:47,Pepsi : 600ml,Soda,Vinywaji,6.2011E+12,1,"1,200","1,200",800,800,400,KM-0000,Guest,Not In-Debt,Full Paid,USR-002,
12/7/2026,14:17:30,Fanta-Orange : 350ml,Soda,Vinywaji,,1,800,800,563,563,238,KM-0000,Guest,Not In-Debt,Full Paid,USR-002,
12/7/2026,14:20:05,U-Fresh:Bottled-Mango-200ml,Juisi,Vinywaji,6.203E+12,5,400,"2,000",250,"1,250",750,KM-0000,Guest,Not In-Debt,Full Paid,USR-002,
12/7/2026,14:27:15,K-vant(L)- 750ml,Spirit,Vinywaji,6.204E+12,1,"13,000","13,000","8,500","8,500","4,500",KM-0000,Guest,Not In-Debt,Full Paid,USR-002,
12/7/2026,14:28:46,U-Fresh:Tube-Mango-80ml,Juisi,Vinywaji,6.203E+12,2,100,200,83,167,33,KM-0000,Guest,Not In-Debt,Full Paid,USR-002,
12/7/2026,14:30:33,Vestline-Herbal-100g,Mafuta(Mgando),Usafi:Binafsi,6.2011E+12,1,"1,000","1,000",833,833,167,KM-0000,Guest,Not In-Debt,Full Paid,USR-002,
12/7/2026,14:43:34,Taifa(L),Gesi:Mtungi,Gesi:Mtungi,,1,"61,000","61,000","55,000","55,000","6,000",KM-0000,Guest,Not In-Debt,Full Paid,USR-001,
12/7/2026,14:44:58,Double(KK)-200ml,Spirit,Vinywaji,6.20301E+12,0.5,"2,200","1,100","1,867",933,167,KM-0000,Guest,Not In-Debt,Full Paid,USR-001,
12/7/2026,14:59:06,Softcare(P)-(9-15),Pampasi/Diaper,Usafi:Mtoto,,3,500,"1,500",263,788,713,KM-0000,Guest,Not In-Debt,Full Paid,USR-001,
12/7/2026,15:03:45,K-vant(L)- 750ml,Spirit,Vinywaji,6.204E+12,1,"13,000","13,000","8,500","8,500","4,500",KM-0000,Guest,Not In-Debt,Full Paid,USR-001,
12/7/2026,15:30:59,MO:Malt-300ml,Soda,Vinywaji,6.20302E+12,1,600,600,400,400,200,KM-0000,Guest,Not In-Debt,Full Paid,USR-001,
12/7/2026,15:30:59,U-Fresh:Bottled-Mango-200ml,Juisi,Vinywaji,6.203E+12,2,400,800,250,500,300,KM-0000,Guest,Not In-Debt,Full Paid,USR-001,
12/7/2026,15:39:06,Sembe-25kg,Unga/Sembe,Nafaka,,0.25,"1,500",375,"1,280",320,55,KM-0000,Guest,Not In-Debt,Full Paid,USR-001,
12/7/2026,15:39:06,Portsman,Sigara & RIZLA,Sigara & RIZLA,,2,300,600,214,427,173,KM-0000,Guest,Not In-Debt,Full Paid,USR-001,
12/7/2026,15:39:06,Pipi:Bigijii@100,Pipi/Bigijii,Vitamu,,1,100,100,90,90,10,KM-0000,Guest,Not In-Debt,Full Paid,USR-001,
12/7/2026,15:39:06,U-Fresh:Bottled-Mango-200ml,Juisi,Vinywaji,6.203E+12,1,400,400,250,250,150,KM-0000,Guest,Not In-Debt,Full Paid,USR-001,
12/7/2026,16:00:15,Master(R),Sigara & RIZLA,Sigara & RIZLA,,1,150,150,120,120,30,KM-0000,Guest,Not In-Debt,Full Paid,USR-002,
12/7/2026,16:00:15,Jobo-200ml,Spirit,Vinywaji,6.20304E+12,0.5,"2,200","1,100","1,792",896,204,KM-0000,Guest,Not In-Debt,Full Paid,USR-002,
12/7/2026,16:00:15,Murua:Vanilla,Biskuti,Vitamu,7.92382E+11,1,600,600,375,375,225,KM-0000,Guest,Not In-Debt,Full Paid,USR-002,
12/7/2026,16:00:15,Kilimanjaro:(Lg),Bia,Vinywaji,6.2011E+12,1,"2,200","2,200","1,775","1,775",425,KM-0000,Guest,Not In-Debt,Full Paid,USR-002,
12/7/2026,20:58:48,Safari:(Lg),Bia,Vinywaji,6.2011E+12,5,"2,200","11,000","1,775","8,875","2,125",KM-0000,Guest,Not In-Debt,Full Paid,USR-002,
12/7/2026,20:58:48,Serengeti:(Lg),Bia,Vinywaji,4.98654E+12,8,"2,200","17,600","1,775","14,200","3,400",KM-0000,Guest,Not In-Debt,Full Paid,USR-002,
12/7/2026,20:58:48,Kilimanjaro:(Lg),Bia,Vinywaji,6.2011E+12,6,"2,200","13,200","1,775","10,650","2,550",KM-0000,Guest,Not In-Debt,Full Paid,USR-002,
12/7/2026,20:58:48,Mayai@Kizungu,Mayai: Kizungu,Viungo,,5,350,"1,750",317,"1,583",167,KM-0000,Guest,Not In-Debt,Full Paid,USR-002,
12/7/2026,20:58:48,Mosquito :COIL,Dawa Mbu : Koili,Afya,,2,250,500,130,260,240,KM-0000,Guest,Not In-Debt,Full Paid,USR-002,
12/7/2026,20:58:48,Sparletta : 350ml,Soda,Vinywaji,,2,800,"1,600",563,"1,125",475,KM-0000,Guest,Not In-Debt,Full Paid,USR-002,
12/7/2026,20:58:48,Jobo-200ml,Spirit,Vinywaji,6.20304E+12,1,"2,200","2,200","1,792","1,792",408,KM-0000,Guest,Not In-Debt,Full Paid,USR-002,
12/7/2026,20:58:48,Smart Gin-200ml,Spirit,Vinywaji,6.20301E+12,0.5,"2,200","1,100","1,867",933,167,KM-0000,Guest,Not In-Debt,Full Paid,USR-002,
12/7/2026,20:58:48,Softcare(P)-(9-15),Pampasi/Diaper,Usafi:Mtoto,,3,500,"1,500",263,788,713,KM-0000,Guest,Not In-Debt,Full Paid,USR-002,
12/7/2026,20:58:48,Softcare(P)-(6-9Kg),Pampasi/Diaper,Usafi:Mtoto,,2,500,"1,000",250,500,500,KM-0000,Guest,Not In-Debt,Full Paid,USR-002,
12/7/2026,20:58:48,Double(KK)-200ml,Spirit,Vinywaji,6.20301E+12,0.5,"2,200","1,100","1,867",933,167,KM-0000,Guest,Not In-Debt,Full Paid,USR-002,
12/7/2026,20:58:48,Azam:(E)-300ML,E-Drink,Vinywaji,6.00964E+12,1,700,700,475,475,225,KM-0000,Guest,Not In-Debt,Full Paid,USR-002,
12/7/2026,20:58:48,Embassy,Sigara & RIZLA,Sigara & RIZLA,,1,400,400,263,263,138,KM-0000,Guest,Not In-Debt,Full Paid,USR-002,
12/7/2026,20:58:48,Master(R),Sigara & RIZLA,Sigara & RIZLA,,2,150,300,120,240,60,KM-0000,Guest,Not In-Debt,Full Paid,USR-002,
12/7/2026,20:58:48,RIZLA,Sigara & RIZLA,Sigara & RIZLA,,2,800,"1,600",550,"1,100",500,KM-0000,Guest,Not In-Debt,Full Paid,USR-002,
12/7/2026,20:58:48,Portsman,Sigara & RIZLA,Sigara & RIZLA,,2,300,600,214,427,173,KM-0000,Guest,Not In-Debt,Full Paid,USR-002,
12/7/2026,20:58:48,Jambo:Bolibo-300ml,Juisi,Vinywaji,6.203E+12,1,600,600,417,417,183,KM-0000,Guest,Not In-Debt,Full Paid,USR-002,
12/7/2026,20:58:48,Jambo:Cocopine-300ml,Juisi,Vinywaji,6.203E+12,1,600,600,417,417,183,KM-0000,Guest,Not In-Debt,Full Paid,USR-002,
12/7/2026,20:58:48,Winston(R),Sigara & RIZLA,Sigara & RIZLA,,25,200,"5,000",128,"3,188","1,813",KM-0000,Guest,Not In-Debt,Full Paid,USR-002,
12/7/2026,20:58:48,Kiberiti,Kiberiti : NJITI,Jikoni,,14,100,"1,400",40,560,840,KM-0000,Guest,Not In-Debt,Full Paid,USR-002,
12/7/2026,20:58:48,Uhai(W)-13L,Maji,Vinywaji,,1,"4,500","4,500","3,800","3,800",700,KM-0000,Guest,Not In-Debt,Full Paid,USR-002,
12/7/2026,20:58:48,Uhai(W)-1L,Maji,Vinywaji,6.20301E+12,2,600,"1,200",417,833,367,KM-0000,Guest,Not In-Debt,Full Paid,USR-002,
12/7/2026,20:58:48,Uhai(W)-1.6L,Maji,Vinywaji,6.20301E+12,2,800,"1,600",500,"1,000",600,KM-0000,Guest,Not In-Debt,Full Paid,USR-002,
12/7/2026,21:10:47,U-Fresh:Tube-Mango-80ml,Juisi,Vinywaji,6.203E+12,3,100,300,83,250,50,KM-0000,Guest,Not In-Debt,Full Paid,USR-002,
12/7/2026,21:10:47,Jobo-200ml,Spirit,Vinywaji,6.20304E+12,0.5,"2,200","1,100","1,792",896,204,KM-0000,Guest,Not In-Debt,Full Paid,USR-002,
12/7/2026,21:10:47,Winston(R),Sigara & RIZLA,Sigara & RIZLA,,3,200,600,128,383,218,KM-0000,Guest,Not In-Debt,Full Paid,USR-002,
12/7/2026,21:10:47,Murua:Milk,Biskuti,Vitamu,7.92382E+11,4,300,"1,200",160,642,558,KM-0000,Guest,Not In-Debt,Full Paid,USR-002,
12/7/2026,21:10:47,MO:Malt-300ml,Soda,Vinywaji,6.20302E+12,1,600,600,400,400,200,KM-0000,Guest,Not In-Debt,Full Paid,USR-002,
12/7/2026,21:10:47,Azam-Cola-300ml,Soda,Vinywaji,6.20301E+12,1,600,600,423,423,177,KM-0000,Guest,Not In-Debt,Full Paid,USR-002,
12/7/2026,21:10:47,Azam:(E)-300ML,E-Drink,Vinywaji,6.00964E+12,1,700,700,475,475,225,KM-0000,Guest,Not In-Debt,Full Paid,USR-002,
12/7/2026,21:10:47,Haswa -Nazi-150ML,Mafuta : Nazi,Usafi:Binafsi,6.2011E+12,1,"2,000","2,000","1,250","1,250",750,KM-0000,Guest,Not In-Debt,Full Paid,USR-002,
12/7/2026,21:10:47,Mchele@1850,Mchele,Nafaka,,5,"2,000","10,000","1,850","9,250",750,KM-0000,Guest,Not In-Debt,Full Paid,USR-002,
12/7/2026,21:10:47,Mimi-6g,Snaki,Snaki,,4,100,400,83,333,67,KM-0000,Guest,Not In-Debt,Full Paid,USR-002,
12/7/2026,21:30:30,Jobo-200ml,Spirit,Vinywaji,6.20304E+12,0.5,"2,200","1,100","1,792",896,204,KM-0000,Guest,Not In-Debt,Full Paid,USR-002,
12/7/2026,21:30:30,Mafuta/Kupikia-20L,Mafuta : KULA,Viungo,,0.75,"6,000","4,500","4,150","3,113","1,388",KM-0000,Guest,Not In-Debt,Full Paid,USR-002,
12/7/2026,21:30:30,UDI : STIKI,UDI,Usafi:Binafsi,,4,50,200,24,95,105,KM-0000,Guest,Not In-Debt,Full Paid,USR-002,
12/7/2026,21:30:30,Winston(R),Sigara & RIZLA,Sigara & RIZLA,,1,200,200,128,128,73,KM-0000,Guest,Not In-Debt,Full Paid,USR-002,
12/7/2026,21:30:30,Nyota/Kali,Sigara & RIZLA,Sigara & RIZLA,,3,150,450,85,255,195,KM-0000,Guest,Not In-Debt,Full Paid,USR-002,
12/7/2026,21:30:30,Double(KK)-200ml,Spirit,Vinywaji,6.20301E+12,1,"2,200","2,200","1,867","1,867",333,KM-0000,Guest,Not In-Debt,Full Paid,USR-002,
12/7/2026,21:30:30,Mimi-6g,Snaki,Snaki,,2,100,200,83,167,33,KM-0000,Guest,Not In-Debt,Full Paid,USR-002,
12/7/2026,21:30:30,Tamu : Bakery Mkate-1pcs@800,Mkate,Nafaka,,1,"1,000","1,000",800,800,200,KM-0000,Guest,Not In-Debt,Full Paid,USR-002,
12/7/2026,21:30:30,Pipi:Bigijii@100,Pipi/Bigijii,Vitamu,,4,100,400,90,360,40,KM-0000,Guest,Not In-Debt,Full Paid,USR-002,
12/7/2026,21:30:30,Pipi:Bigijii@50,Pipi/Bigijii,Vitamu,,4,50,200,33,133,67,KM-0000,Guest,Not In-Debt,Full Paid,USR-002,
12/7/2026,21:49:21,Afiya:Berries-300ml,Juisi,Vinywaji,2.5525E+12,1,600,600,442,442,158,KM-0000,Guest,Not In-Debt,Full Paid,USR-002,
12/7/2026,21:49:21,Softcare(P)-(6-9Kg),Pampasi/Diaper,Usafi:Mtoto,,1,500,500,250,250,250,KM-0000,Guest,Not In-Debt,Full Paid,USR-002,
12/7/2026,21:49:21,Pipi:Bigijii@100,Pipi/Bigijii,Vitamu,,1,100,100,90,90,10,KM-0000,Guest,Not In-Debt,Full Paid,USR-002,
12/7/2026,21:49:21,Karanga,Karanga,Nafaka,,0.5,"6,000","3,000","4,200","2,100",900,KM-0000,Guest,Not In-Debt,Full Paid,USR-002,
12/7/2026,22:03:35,Softcare(P)-(6-9Kg),Pampasi/Diaper,Usafi:Mtoto,,2,500,"1,000",250,500,500,KM-0000,Guest,Not In-Debt,Full Paid,USR-002,
12/7/2026,22:12:39,Bambino,Bambino : Chupi,Usafi:Mtoto,,1,200,200,100,100,100,KM-0000,Guest,Not In-Debt,Full Paid,USR-002,
12/7/2026,22:12:39,Pepsi : 600ml,Soda,Vinywaji,6.2011E+12,1,"1,200","1,200",800,800,400,KM-0000,Guest,Not In-Debt,Full Paid,USR-002,
12/7/2026,22:12:39,Double(KK)-200ml,Spirit,Vinywaji,6.20301E+12,0.5,"2,200","1,100","1,867",933,167,KM-0000,Guest,Not In-Debt,Full Paid,USR-002,
12/7/2026,22:25:08,Smart Gin-200ml,Spirit,Vinywaji,6.20301E+12,0.5,"2,200","1,100","1,867",933,167,KM-0000,Guest,Not In-Debt,Full Paid,USR-002,
12/7/2026,22:25:08,Konyagi(S)- 200ml,Spirit,Vinywaji,6.20301E+12,1.2,"5,000","6,000","3,950","4,740","1,260",KM-0000,Guest,Not In-Debt,Full Paid,USR-002,
12/7/2026,22:25:08,Soksi(SL)-23-24,Soksi : Shule,Usafi:Mtoto,,1,"1,000","1,000",500,500,500,KM-0000,Guest,Not In-Debt,Full Paid,USR-002,
12/7/2026,22:25:08,Winston(R),Sigara & RIZLA,Sigara & RIZLA,,3,200,600,128,383,218,KM-0000,Guest,Not In-Debt,Full Paid,USR-002,
12/7/2026,22:25:08,Nyota/Kali,Sigara & RIZLA,Sigara & RIZLA,,3,150,450,85,255,195,KM-0000,Guest,Not In-Debt,Full Paid,USR-002,
12/7/2026,22:25:08,Kiberiti,Kiberiti : NJITI,Jikoni,,1,100,100,40,40,60,KM-0000,Guest,Not In-Debt,Full Paid,USR-002,
12/7/2026,22:25:08,Mosquito :COIL,Dawa Mbu : Koili,Afya,,2,250,500,130,260,240,KM-0000,Guest,Not In-Debt,Full Paid,USR-002,
12/7/2026,22:25:08,"Tamu : Bakery Skonzi-4pcs@1,600",Skonzi,Nafaka,,2,500,"1,000",400,800,200,KM-0000,Guest,Not In-Debt,Full Paid,USR-002,
12/7/2026,22:25:08,Jambo:Cocopine-300ml,Juisi,Vinywaji,6.203E+12,2,600,"1,200",417,833,367,KM-0000,Guest,Not In-Debt,Full Paid,USR-002,
12/7/2026,22:53:33,Azam-Malt-300ml,Soda,Vinywaji,6.00964E+12,1,700,700,479,479,221,KM-0000,Guest,Not In-Debt,Full Paid,USR-002,
12/7/2026,22:53:33,Jambo:Bolibo-300ml,Juisi,Vinywaji,6.203E+12,1,600,600,417,417,183,KM-0000,Guest,Not In-Debt,Full Paid,USR-002,
12/7/2026,22:53:33,Jambo:Cocopine-300ml,Juisi,Vinywaji,6.203E+12,1,600,600,417,417,183,KM-0000,Guest,Not In-Debt,Full Paid,USR-002,
12/7/2026,22:53:33,Murua:Milk,Biskuti,Vitamu,7.92382E+11,1,300,300,160,160,140,KM-0000,Guest,Not In-Debt,Full Paid,USR-002,
12/7/2026,22:53:33,Winston(R),Sigara & RIZLA,Sigara & RIZLA,,1,200,200,128,128,73,KM-0000,Guest,Not In-Debt,Full Paid,USR-002,
12/7/2026,23:18:37,Mayai@Kizungu,Mayai: Kizungu,Viungo,,8,350,"2,800",317,"2,533",267,KM-0000,Guest,Not In-Debt,Full Paid,USR-002,
12/7/2026,23:18:37,Niceone-180g,Sabuni : UNGA,Usafi:Jumla,6.20302E+12,1,500,500,425,425,75,KM-0000,Guest,Not In-Debt,Full Paid,USR-002,
12/7/2026,23:18:37,Family(BS),Sabuni-(Mche),Usafi:Binafsi,6.20301E+12,2,700,"1,400",486,972,428,KM-0000,Guest,Not In-Debt,Full Paid,USR-002,
12/7/2026,23:20:44,Murua:Milk,Biskuti,Vitamu,7.92382E+11,1,300,300,160,160,140,KM-0000,Guest,Not In-Debt,Full Paid,USR-002,
12/7/2026,23:20:44,MO:(E)-300ML,E-Drink,Vinywaji,6.20302E+12,1,600,600,425,425,175,KM-0000,Guest,Not In-Debt,Full Paid,USR-002,
13/07/2026,9:51:00,Winston(R),Sigara & RIZLA,Sigara & RIZLA,,7,200,"1,400",128,893,508,KM-0000,Guest,Not In-Debt,Full Paid,USR-002,
13/07/2026,9:51:00,Serengeti:(Lg),Bia,Vinywaji,4.98654E+12,3,"2,200","6,600","1,775","5,325","1,275",KM-0000,Guest,Not In-Debt,Full Paid,USR-002,
13/07/2026,9:51:00,Mchele@1850,Mchele,Nafaka,,1,"2,000","2,000","1,850","1,850",150,KM-0000,Guest,Not In-Debt,Full Paid,USR-002,
13/07/2026,9:51:00,Sukari(Kupima) - 50kg,Sukari,Viungo,,0.25,"3,000",750,"2,360",590,160,KM-0000,Guest,Not In-Debt,Full Paid,USR-002,
13/07/2026,9:51:00,Kiwembe : RK,Viwembe,Usafi:Binafsi,,1,100,100,60,60,40,KM-0000,Guest,Not In-Debt,Full Paid,USR-002,
13/07/2026,9:51:00,Embassy,Sigara & RIZLA,Sigara & RIZLA,,1,400,400,263,263,138,KM-0000,Guest,Not In-Debt,Full Paid,USR-002,
13/07/2026,9:51:00,Kiwembe : Dorco,Viwembe,Usafi:Binafsi,8.80104E+12,2,200,400,85,170,230,KM-0000,Guest,Not In-Debt,Full Paid,USR-002,
13/07/2026,9:51:00,Portsman,Sigara & RIZLA,Sigara & RIZLA,,1,300,300,214,214,87,KM-0000,Guest,Not In-Debt,Full Paid,USR-002,
13/07/2026,9:51:00,Winston(K),Sigara & RIZLA,Sigara & RIZLA,,5,200,"1,000",128,638,363,KM-0000,Guest,Not In-Debt,Full Paid,USR-002,
13/07/2026,11:01:43,Jambo:Cocopine-300ml,Juisi,Vinywaji,6.203E+12,2,600,"1,200",417,833,367,KM-0000,Guest,Not In-Debt,Full Paid,USR-001,
13/07/2026,11:01:43,Uhai(W)-1.6L,Maji,Vinywaji,6.20301E+12,1,800,800,500,500,300,KM-0000,Guest,Not In-Debt,Full Paid,USR-001,
13/07/2026,11:01:43,Serengeti:(Lg),Bia,Vinywaji,4.98654E+12,3,"2,200","6,600","1,775","5,325","1,275",KM-0000,Guest,Not In-Debt,Full Paid,USR-001,
13/07/2026,11:01:43,Winston(R),Sigara & RIZLA,Sigara & RIZLA,,3,200,600,128,383,218,KM-0000,Guest,Not In-Debt,Full Paid,USR-001,
13/07/2026,11:01:43,Murua:Milk,Biskuti,Vitamu,7.92382E+11,1,300,300,160,160,140,KM-0000,Guest,Not In-Debt,Full Paid,USR-001,
13/07/2026,11:01:43,Karanga,Karanga,Nafaka,,0.5,"6,000","3,000","4,200","2,100",900,KM-0000,Guest,Not In-Debt,Full Paid,USR-001,
13/07/2026,11:01:43,Pipi:Bigijii@50,Pipi/Bigijii,Vitamu,,12,50,600,33,400,200,KM-0000,Guest,Not In-Debt,Full Paid,USR-001,
13/07/2026,11:01:43,Master(K),Sigara & RIZLA,Sigara & RIZLA,,3,150,450,118,353,98,KM-0000,Guest,Not In-Debt,Full Paid,USR-001,
14/07/2026,9:31:55,Mchele@1850,Mchele,Nafaka,,0.25,"2,000",500,"1,850",463,38,KM-0000,Guest,Not In-Debt,Full Paid,USR-002,
14/07/2026,9:31:55,Paracetamol - 500mg,Dawa : Maumivu,Afya,,4,50,200,30,120,80,KM-0000,Guest,Not In-Debt,Full Paid,USR-002,
14/07/2026,9:31:55,Murua:Chocolate,Biskuti,Vitamu,7.92382E+11,3,600,"1,800",375,"1,125",675,KM-0000,Guest,Not In-Debt,Full Paid,USR-002,
14/07/2026,9:31:55,Sembe-25kg,Unga/Sembe,Nafaka,,0.75,"1,500","1,125","1,280",960,165,KM-0000,Guest,Not In-Debt,Full Paid,USR-002,
14/07/2026,9:31:55,Winston(R),Sigara & RIZLA,Sigara & RIZLA,,22,200,"4,400",128,"2,805","1,595",KM-0000,Guest,Not In-Debt,Full Paid,USR-002,
14/07/2026,9:31:55,Winston(K),Sigara & RIZLA,Sigara & RIZLA,,1,200,200,128,128,73,KM-0000,Guest,Not In-Debt,Full Paid,USR-002,
14/07/2026,9:31:55,Mayai@Kizungu,Mayai: Kizungu,Viungo,,11,350,"3,850",317,"3,483",367,KM-0000,Guest,Not In-Debt,Full Paid,USR-002,
14/07/2026,9:31:55,BlueBand-100g,Siagi,Viungo,,1,"1,500","1,500","1,333","1,333",167,KM-0000,Guest,Not In-Debt,Full Paid,USR-002,
14/07/2026,9:31:55,Mirinda-Black : 350ml,Soda,Vinywaji,,3,700,"2,100",500,"1,500",600,KM-0000,Guest,Not In-Debt,Full Paid,USR-002,
14/07/2026,9:31:55,Double(KK)-200ml,Spirit,Vinywaji,6.20301E+12,1.5,"2,200","3,300","1,867","2,800",500,KM-0000,Guest,Not In-Debt,Full Paid,USR-002,
14/07/2026,9:31:55,Smart Gin-200ml,Spirit,Vinywaji,6.20301E+12,1.5,"2,200","3,300","1,867","2,800",500,KM-0000,Guest,Not In-Debt,Full Paid,USR-002,
14/07/2026,9:31:55,Niceone-180g,Sabuni : UNGA,Usafi:Jumla,6.20302E+12,1,500,500,425,425,75,KM-0000,Guest,Not In-Debt,Full Paid,USR-002,
14/07/2026,9:31:55,Uhai(W)-1.6L,Maji,Vinywaji,6.20301E+12,2,800,"1,600",500,"1,000",600,KM-0000,Guest,Not In-Debt,Full Paid,USR-002,
14/07/2026,9:31:55,Azam-Malt-300ml,Soda,Vinywaji,6.00964E+12,1,700,700,479,479,221,KM-0000,Guest,Not In-Debt,Full Paid,USR-002,
14/07/2026,9:31:55,Family(BS),Sabuni-(Mche),Usafi:Binafsi,6.20301E+12,1,700,700,486,486,214,KM-0000,Guest,Not In-Debt,Full Paid,USR-002,
14/07/2026,9:31:55,Mimi-6g,Snaki,Snaki,,8,100,800,83,667,133,KM-0000,Guest,Not In-Debt,Full Paid,USR-002,
14/07/2026,9:31:55,MO:(E)-300ML,E-Drink,Vinywaji,6.20302E+12,1,600,600,425,425,175,KM-0000,Guest,Not In-Debt,Full Paid,USR-002,
14/07/2026,9:31:55,Portsman,Sigara & RIZLA,Sigara & RIZLA,,7,300,"2,100",214,"1,495",606,KM-0000,Guest,Not In-Debt,Full Paid,USR-002,
14/07/2026,9:31:55,Whitedent (F)-70g,Dawa/Meno,Usafi:Binafsi,6.20305E+12,1,"2,000","2,000","1,500","1,500",500,KM-0000,Guest,Not In-Debt,Full Paid,USR-002,
14/07/2026,9:31:55,Whitedent (F)-40g,Dawa/Meno,Usafi:Binafsi,6.1611E+12,1,"1,000","1,000",833,833,167,KM-0000,Guest,Not In-Debt,Full Paid,USR-002,
14/07/2026,9:31:55,Embassy,Sigara & RIZLA,Sigara & RIZLA,,2,400,800,263,525,275,KM-0000,Guest,Not In-Debt,Full Paid,USR-002,
14/07/2026,9:31:55,Pipi:Bigijii@50,Pipi/Bigijii,Vitamu,,5,50,250,33,167,83,KM-0000,Guest,Not In-Debt,Full Paid,USR-002,
14/07/2026,9:31:55,Pipi:Bigijii@100,Pipi/Bigijii,Vitamu,,10,100,"1,000",90,900,100,KM-0000,Guest,Not In-Debt,Full Paid,USR-002,
14/07/2026,9:31:55,Jambo:Lemon-300ml,Juisi,Vinywaji,,2,600,"1,200",433,867,333,KM-0000,Guest,Not In-Debt,Full Paid,USR-002,
14/07/2026,9:31:55,Jambo:Cocopine-300ml,Juisi,Vinywaji,6.203E+12,3,600,"1,800",417,"1,250",550,KM-0000,Guest,Not In-Debt,Full Paid,USR-002,
14/07/2026,9:31:55,Jambo:Bolibo-300ml,Juisi,Vinywaji,6.203E+12,1,600,600,417,417,183,KM-0000,Guest,Not In-Debt,Full Paid,USR-002,
14/07/2026,9:31:55,UDI : STIKI,UDI,Usafi:Binafsi,,5,50,250,24,119,131,KM-0000,Guest,Not In-Debt,Full Paid,USR-002,
14/07/2026,9:31:55,Azam:Nazi-65mL,Nazi : Maji,Viungo,,1,"1,200","1,200",972,972,228,KM-0000,Guest,Not In-Debt,Full Paid,USR-002,
14/07/2026,9:31:55,Softcare(P)-(6-9Kg),Pampasi/Diaper,Usafi:Mtoto,,1,500,500,250,250,250,KM-0000,Guest,Not In-Debt,Full Paid,USR-002,
14/07/2026,9:31:55,Master(K),Sigara & RIZLA,Sigara & RIZLA,,4,150,600,118,470,130,KM-0000,Guest,Not In-Debt,Full Paid,USR-002,
14/07/2026,9:31:55,Konyagi(S)- 200ml,Spirit,Vinywaji,6.20301E+12,1.2,"5,000","6,000","3,950","4,740","1,260",KM-0000,Guest,Not In-Debt,Full Paid,USR-002,
14/07/2026,9:31:55,U-Fresh Glass (Mango)-120ml,Juisi,Vinywaji,,3,200,600,161,482,118,KM-0000,Guest,Not In-Debt,Full Paid,USR-002,
14/07/2026,9:31:55,Mosquito :COIL,Dawa Mbu : Koili,Afya,,1,250,250,130,130,120,KM-0000,Guest,Not In-Debt,Full Paid,USR-002,
14/07/2026,9:31:55,Kiberiti,Kiberiti : NJITI,Jikoni,,8,100,800,40,320,480,KM-0000,Guest,Not In-Debt,Full Paid,USR-002,
14/07/2026,9:31:55,Oryx(L),Gesi:Mtungi,Gesi:Mtungi,,1,"62,000","62,000","56,000","56,000","6,000",KM-0000,Guest,Not In-Debt,Full Paid,USR-002,
14/07/2026,9:37:10,Double(KK)-200ml,Spirit,Vinywaji,6.20301E+12,2,"2,200","4,400","1,867","3,733",667,KM-0000,Guest,Not In-Debt,Full Paid,USR-002,
14/07/2026,9:37:10,Smart Gin-200ml,Spirit,Vinywaji,6.20301E+12,2.5,"2,200","5,500","1,867","4,667",833,KM-0000,Guest,Not In-Debt,Full Paid,USR-002,
14/07/2026,9:37:10,Jobo-200ml,Spirit,Vinywaji,6.20304E+12,0.5,"2,200","1,100","1,792",896,204,KM-0000,Guest,Not In-Debt,Full Paid,USR-002,
14/07/2026,9:56:44,"Tamu : Bakery Maandazi-12pcs@5,000",Maandazi,Nafaka,,1,500,500,417,417,83,KM-0000,Guest,Not In-Debt,Full Paid,USR-002,
14/07/2026,9:56:44,"Tamu : Bakery Skonzi-4pcs@1,600",Skonzi,Nafaka,,1,500,500,400,400,100,KM-0000,Guest,Not In-Debt,Full Paid,USR-002,
14/07/2026,9:56:44,7up : 600ml,Soda,Vinywaji,,1,"1,200","1,200",875,875,325,KM-0000,Guest,Not In-Debt,Full Paid,USR-002,
14/07/2026,9:56:44,Mchele@1850,Mchele,Nafaka,,0.75,"2,000","1,500","1,850","1,388",113,KM-0000,Guest,Not In-Debt,Full Paid,USR-002,
14/07/2026,9:56:44,Winston(R),Sigara & RIZLA,Sigara & RIZLA,,30,200,"6,000",128,"3,825","2,175",KM-0000,Guest,Not In-Debt,Full Paid,USR-002,
14/07/2026,9:56:44,Nyota/Kali,Sigara & RIZLA,Sigara & RIZLA,,11,150,"1,650",85,935,715,KM-0000,Guest,Not In-Debt,Full Paid,USR-002,
14/07/2026,9:56:44,Embassy,Sigara & RIZLA,Sigara & RIZLA,,2,400,800,263,525,275,KM-0000,Guest,Not In-Debt,Full Paid,USR-002,
14/07/2026,9:56:44,Sukari(Kupima) - 50kg,Sukari,Viungo,,0.5,"3,000","1,500","2,360","1,180",320,KM-0000,Guest,Not In-Debt,Full Paid,USR-002,
14/07/2026,9:56:44,Stone Tangawizi : 350ml,Soda,Vinywaji,,1,800,800,563,563,238,KM-0000,Guest,Not In-Debt,Full Paid,USR-002,
14/07/2026,10:19:50,Pipi:Bigijii@100,Pipi/Bigijii,Vitamu,,3,100,300,90,270,30,KM-0000,Guest,Not In-Debt,Full Paid,USR-002,
14/07/2026,10:19:50,Winston(R),Sigara & RIZLA,Sigara & RIZLA,,3,200,600,128,383,218,KM-0000,Guest,Not In-Debt,Full Paid,USR-002,
14/07/2026,10:19:50,Jobo-200ml,Spirit,Vinywaji,6.20304E+12,0.5,"2,200","1,100","1,792",896,204,KM-0000,Guest,Not In-Debt,Full Paid,USR-002,
14/07/2026,10:19:50,Uhai(W)-1.6L,Maji,Vinywaji,6.20301E+12,2,800,"1,600",500,"1,000",600,KM-0000,Guest,Not In-Debt,Full Paid,USR-002,
14/07/2026,10:19:50,Smart Gin-200ml,Spirit,Vinywaji,6.20301E+12,1,"2,200","2,200","1,867","1,867",333,KM-0000,Guest,Not In-Debt,Full Paid,USR-002,
14/07/2026,18:45:53,Pipi:Bigijii@50,Pipi/Bigijii,Vitamu,,4,50,200,35,140,60,KM-0000,Guest,Not In-Debt,Full Paid,USR-002,
14/07/2026,18:45:53,Mimi-6g,Snaki,Snaki,,1,100,100,83,83,17,KM-0000,Guest,Not In-Debt,Full Paid,USR-002,
14/07/2026,18:45:53,Uhai(W)-1L,Maji,Vinywaji,6.20301E+12,3,600,"1,800",417,"1,250",550,KM-0000,Guest,Not In-Debt,Full Paid,USR-002,
14/07/2026,18:45:53,Mafuta/Kupikia-20L,Mafuta : KULA,Viungo,,0.5,"6,000","3,000","4,150","2,075",925,KM-0000,Guest,Not In-Debt,Full Paid,USR-002,
14/07/2026,18:45:53,Konyagi(S)- 200ml,Spirit,Vinywaji,6.20301E+12,1,"5,000","5,000","3,950","3,950","1,050",KM-0000,Guest,Not In-Debt,Full Paid,USR-002,
14/07/2026,18:45:53,MO:Passion-300ml,Soda,Vinywaji,,1,600,600,400,400,200,KM-0000,Guest,Not In-Debt,Full Paid,USR-002,
14/07/2026,18:45:53,Jambo:Cocopine-300ml,Juisi,Vinywaji,6.203E+12,1,600,600,417,417,183,KM-0000,Guest,Not In-Debt,Full Paid,USR-002,
14/07/2026,18:45:53,Winston(R),Sigara & RIZLA,Sigara & RIZLA,,7,200,"1,400",128,893,508,KM-0000,Guest,Not In-Debt,Full Paid,USR-002,
14/07/2026,18:45:53,Mchele@2000,Mchele,Nafaka,,0.75,"2,400","1,800","2,000","1,500",300,KM-0000,Guest,Not In-Debt,Full Paid,USR-002,
14/07/2026,18:45:53,Mayai@Kizungu,Mayai: Kizungu,Viungo,,3,350,"1,050",317,950,100,KM-0000,Guest,Not In-Debt,Full Paid,USR-002,
14/07/2026,18:45:53,Smart Gin-200ml,Spirit,Vinywaji,6.20301E+12,1,"2,200","2,200","1,867","1,867",333,KM-0000,Guest,Not In-Debt,Full Paid,USR-002,
14/07/2026,18:45:53,Azam:(E)-300ML,E-Drink,Vinywaji,6.00964E+12,1,700,700,475,475,225,KM-0000,Guest,Not In-Debt,Full Paid,USR-002,
14/07/2026,18:45:53,U-Fresh:Bottled-Mango-200ml,Juisi,Vinywaji,6.203E+12,2,300,600,250,500,100,KM-0000,Guest,Not In-Debt,Full Paid,USR-002,
14/07/2026,18:45:53,Mchele@1850,Mchele,Nafaka,,1,"2,000","2,000","1,850","1,850",150,KM-0000,Guest,Not In-Debt,Full Paid,USR-002,
14/07/2026,18:45:53,Pipi:Bigijii@100,Pipi/Bigijii,Vitamu,,1,100,100,90,90,10,KM-0000,Guest,Not In-Debt,Full Paid,USR-002,
14/07/2026,18:57:13,Jobo-200ml,Spirit,Vinywaji,6.20304E+12,1.5,"2,200","3,300","1,792","2,688",612,KM-0000,Guest,Not In-Debt,Full Paid,USR-002,
14/07/2026,18:57:13,Pipi:Bigijii@100,Pipi/Bigijii,Vitamu,,3,100,300,90,270,30,KM-0000,Guest,Not In-Debt,Full Paid,USR-002,
14/07/2026,19:05:56,Mayai@Kizungu,Mayai: Kizungu,Viungo,,2,350,700,317,633,67,KM-0000,Guest,Not In-Debt,Full Paid,USR-002,
14/07/2026,19:05:56,Pipi:Bigijii@50,Pipi/Bigijii,Vitamu,,2,50,100,35,70,30,KM-0000,Guest,Not In-Debt,Full Paid,USR-002,
14/07/2026,19:05:56,Softcare(P)-(6-9Kg),Pampasi/Diaper,Usafi:Mtoto,,1,500,500,250,250,250,KM-0000,Guest,Not In-Debt,Full Paid,USR-002,
14/07/2026,19:27:55,Winston(R),Sigara & RIZLA,Sigara & RIZLA,,2,200,400,128,255,145,KM-0000,Guest,Not In-Debt,Full Paid,USR-002,
14/07/2026,19:27:55,Pipi:Bigijii@100,Pipi/Bigijii,Vitamu,,2,100,200,70,140,60,KM-0000,Guest,Not In-Debt,Full Paid,USR-002,
14/07/2026,19:27:55,Sembe-25kg,Unga/Sembe,Nafaka,,0.5,"1,500",750,"1,280",640,110,KM-0000,Guest,Not In-Debt,Full Paid,USR-002,
14/07/2026,19:27:55,Azam:Nazi-65mL,Nazi : Maji,Viungo,,1,"1,200","1,200",972,972,228,KM-0000,Guest,Not In-Debt,Full Paid,USR-002,
14/07/2026,19:27:55,Madumu : Tupu,Madumu : Tupu/Kula,Mbadala,,5,"2,000","10,000",0,0,"10,000",KM-0000,Guest,Not In-Debt,Full Paid,USR-002,
14/07/2026,19:46:30,Pipi:Bigijii@100,Pipi/Bigijii,Vitamu,,1,100,100,70,70,30,KM-0000,Guest,Not In-Debt,Full Paid,USR-002,
14/07/2026,19:46:30,Pipi:Bigijii@50,Pipi/Bigijii,Vitamu,,3,50,150,35,105,45,KM-0000,Guest,Not In-Debt,Full Paid,USR-002,
14/07/2026,19:46:30,Winston(R),Sigara & RIZLA,Sigara & RIZLA,,1,200,200,128,128,73,KM-0000,Guest,Not In-Debt,Full Paid,USR-002,
14/07/2026,19:46:30,SuperGlue : 3g,Gundi,Umeme/Ufundi,,1,500,500,292,292,208,KM-0000,Guest,Not In-Debt,Full Paid,USR-002,
14/07/2026,19:46:30,LED Bulb-5W,Taa : BULB,Umeme/Ufundi,,1,"1,500","1,500","1,200","1,200",300,KM-0000,Guest,Not In-Debt,Full Paid,USR-002,
14/07/2026,19:46:30,Oryx(S),Gesi:Mtungi,Gesi:Mtungi,,1,"27,000","27,000","24,500","24,500","2,500",KM-0000,Guest,Not In-Debt,Full Paid,USR-002,
14/07/2026,20:38:08,Jambo:Cocopine-300ml,Juisi,Vinywaji,6.203E+12,2,600,"1,200",417,833,367,KM-0000,Guest,Not In-Debt,Full Paid,USR-002,
14/07/2026,20:38:08,Embassy,Sigara & RIZLA,Sigara & RIZLA,,3,400,"1,200",263,788,413,KM-0000,Guest,Not In-Debt,Full Paid,USR-002,
14/07/2026,20:38:08,Mchele@1850,Mchele,Nafaka,,1.75,"2,000","3,500","1,850","3,238",263,KM-0000,Guest,Not In-Debt,Full Paid,USR-002,
14/07/2026,20:38:08,Nyota/Kali,Sigara & RIZLA,Sigara & RIZLA,,2,150,300,85,170,130,KM-0000,Guest,Not In-Debt,Full Paid,USR-002,
14/07/2026,20:38:08,Murua:Chocolate,Biskuti,Vitamu,7.92382E+11,1,600,600,375,375,225,KM-0000,Guest,Not In-Debt,Full Paid,USR-002,
14/07/2026,20:38:08,Pipi:Bigijii@50,Pipi/Bigijii,Vitamu,,8,50,400,35,280,120,KM-0000,Guest,Not In-Debt,Full Paid,USR-002,
14/07/2026,20:38:08,U-Fresh:Tube-Mango-80ml,Juisi,Vinywaji,6.203E+12,3,100,300,83,250,50,KM-0000,Guest,Not In-Debt,Full Paid,USR-002,
14/07/2026,20:38:08,MO:Chungwa-300ml,Soda,Vinywaji,6.20302E+12,1,600,600,442,442,158,KM-0000,Guest,Not In-Debt,Full Paid,USR-002,
14/07/2026,20:38:08,Haswa -Nazi-150ML,Mafuta : Nazi,Usafi:Binafsi,6.2011E+12,1,"2,000","2,000","1,250","1,250",750,KM-0000,Guest,Not In-Debt,Full Paid,USR-002,
14/07/2026,20:45:28,Winston(R),Sigara & RIZLA,Sigara & RIZLA,,2,200,400,128,255,145,KM-0000,Guest,Not In-Debt,Full Paid,USR-002,
14/07/2026,21:31:52,Winston(R),Sigara & RIZLA,Sigara & RIZLA,,3,200,600,128,383,218,KM-0000,Guest,Not In-Debt,Full Paid,USR-002,
14/07/2026,21:31:52,Pipi:Bigijii@100,Pipi/Bigijii,Vitamu,,1,100,100,70,70,30,KM-0000,Guest,Not In-Debt,Full Paid,USR-002,
14/07/2026,21:31:52,Mafuta/Kupikia-20L,Mafuta : KULA,Viungo,,0.25,"6,000","1,500","4,150","1,038",463,KM-0000,Guest,Not In-Debt,Full Paid,USR-002,
14/07/2026,21:31:52,Konyagi(S)- 200ml,Spirit,Vinywaji,6.20301E+12,1,"5,000","5,000","3,950","3,950","1,050",KM-0000,Guest,Not In-Debt,Full Paid,USR-002,
14/07/2026,23:18:09,Winston(R),Sigara & RIZLA,Sigara & RIZLA,,17,200,"3,400",128,"2,168","1,233",KM-0000,Guest,Not In-Debt,Full Paid,USR-002,
14/07/2026,23:18:09,RIZLA,Sigara & RIZLA,Sigara & RIZLA,,1,800,800,550,550,250,KM-0000,Guest,Not In-Debt,Full Paid,USR-002,
14/07/2026,23:18:09,Nyota/Kali,Sigara & RIZLA,Sigara & RIZLA,,5,150,750,85,425,325,KM-0000,Guest,Not In-Debt,Full Paid,USR-002,
14/07/2026,23:18:09,Embassy,Sigara & RIZLA,Sigara & RIZLA,,2,400,800,263,525,275,KM-0000,Guest,Not In-Debt,Full Paid,USR-002,
14/07/2026,23:18:09,Uhai(W)-1L,Maji,Vinywaji,6.20301E+12,1,600,600,417,417,183,KM-0000,Guest,Not In-Debt,Full Paid,USR-002,
14/07/2026,23:18:09,Jambo:Bolibo-300ml,Juisi,Vinywaji,6.203E+12,2,600,"1,200",417,833,367,KM-0000,Guest,Not In-Debt,Full Paid,USR-002,
14/07/2026,23:18:09,Jambo:Cocopine-300ml,Juisi,Vinywaji,6.203E+12,1,600,600,417,417,183,KM-0000,Guest,Not In-Debt,Full Paid,USR-002,
14/07/2026,23:18:09,Pepsi : 350ml,Soda,Vinywaji,,1,700,700,500,500,200,KM-0000,Guest,Not In-Debt,Full Paid,USR-002,
14/07/2026,23:18:09,MO:Chungwa-300ml,Soda,Vinywaji,6.20302E+12,1,600,600,442,442,158,KM-0000,Guest,Not In-Debt,Full Paid,USR-002,
14/07/2026,23:18:09,Safari:(Lg),Bia,Vinywaji,6.2011E+12,2,"2,200","4,400","1,775","3,550",850,KM-0000,Guest,Not In-Debt,Full Paid,USR-002,
14/07/2026,23:18:09,Serengeti:(Lg),Bia,Vinywaji,4.98654E+12,1,"2,200","2,200","1,775","1,775",425,KM-0000,Guest,Not In-Debt,Full Paid,USR-002,
14/07/2026,23:18:09,Mosquito :COIL,Dawa Mbu : Koili,Afya,,3,250,750,130,390,360,KM-0000,Guest,Not In-Debt,Full Paid,USR-002,
15/07/2026,15:21:03,Winston(R),Sigara & RIZLA,Sigara & RIZLA,,17,200,"3,400",128,"2,168","1,233",KM-0000,Guest,Not In-Debt,Full Paid,USR-002,
15/07/2026,15:21:03,Uhai(W)-1L,Maji,Vinywaji,6.20301E+12,1,600,600,417,417,183,KM-0000,Guest,Not In-Debt,Full Paid,USR-002,
15/07/2026,15:21:03,Mafuta/Kupikia-20L,Mafuta : KULA,Viungo,,0.25,"6,000","1,500","4,150","1,038",463,KM-0000,Guest,Not In-Debt,Full Paid,USR-002,
15/07/2026,15:21:03,Mayai@Kizungu,Mayai: Kizungu,Viungo,,5,350,"1,750",317,"1,583",167,KM-0000,Guest,Not In-Debt,Full Paid,USR-002,
15/07/2026,15:21:03,Sukari(Kupima) - 50kg,Sukari,Viungo,,0.25,"3,000",750,"2,360",590,160,KM-0000,Guest,Not In-Debt,Full Paid,USR-002,
15/07/2026,15:21:03,Niceone-400g,Sabuni : UNGA,Usafi:Jumla,6.20302E+12,3,"1,000","3,000",867,"2,600",400,KM-0000,Guest,Not In-Debt,Full Paid,USR-002,
15/07/2026,15:21:03,Niceone-180g,Sabuni : UNGA,Usafi:Jumla,6.20302E+12,10,500,"5,000",425,"4,250",750,KM-0000,Guest,Not In-Debt,Full Paid,USR-002,
15/07/2026,15:21:03,Mimi-6g,Snaki,Snaki,,4,100,400,83,333,67,KM-0000,Guest,Not In-Debt,Full Paid,USR-002,
15/07/2026,15:21:03,Fanta-Orange : 350ml,Soda,Vinywaji,,1,800,800,563,563,238,KM-0000,Guest,Not In-Debt,Full Paid,USR-002,
15/07/2026,15:21:03,Pipi:Bigijii@50,Pipi/Bigijii,Vitamu,,2,50,100,35,70,30,KM-0000,Guest,Not In-Debt,Full Paid,USR-002,
15/07/2026,15:21:03,Pipi:Bigijii@100,Pipi/Bigijii,Vitamu,,1,100,100,70,70,30,KM-0000,Guest,Not In-Debt,Full Paid,USR-002,
15/07/2026,15:21:03,Pepsi : 600ml,Soda,Vinywaji,6.2011E+12,1,"1,200","1,200",800,800,400,KM-0000,Guest,Not In-Debt,Full Paid,USR-002,
15/07/2026,15:21:03,Softcare : Pedi,Taulo/Kike,Usafi:Binafsi,6.20301E+12,1,"2,000","2,000","1,500","1,500",500,KM-0000,Guest,Not In-Debt,Full Paid,USR-002,
15/07/2026,15:21:03,Mchele@1850,Mchele,Nafaka,,2.5,"2,000","5,000","1,850","4,625",375,KM-0000,Guest,Not In-Debt,Full Paid,USR-002,
15/07/2026,15:21:03,Sembe-25kg,Unga/Sembe,Nafaka,,1,"1,500","1,500","1,280","1,280",220,KM-0000,Guest,Not In-Debt,Full Paid,USR-002,
15/07/2026,15:21:03,Master(R),Sigara & RIZLA,Sigara & RIZLA,,2,150,300,120,240,60,KM-0000,Guest,Not In-Debt,Full Paid,USR-002,
15/07/2026,15:21:03,Tressa :Shampoo - 10ML,Shampoo/Nywele,Usafi:Binafsi,6.20305E+12,2,200,400,125,250,150,KM-0000,Guest,Not In-Debt,Full Paid,USR-002,
15/07/2026,15:21:03,Jambo:Cocopine-300ml,Juisi,Vinywaji,6.203E+12,1,600,600,417,417,183,KM-0000,Guest,Not In-Debt,Full Paid,USR-002,
15/07/2026,15:24:51,U-Fresh:Bottled-Mango-200ml,Juisi,Vinywaji,6.203E+12,2,300,600,250,500,100,KM-0000,Guest,Not In-Debt,Full Paid,USR-002,
15/07/2026,21:19:35,Ngano-25kg,Unga/Ngano,Nafaka,,0.5,"2,000","1,000","1,500",750,250,KM-0000,Guest,Not In-Debt,Full Paid,USR-002,
15/07/2026,21:19:35,Mayai@Kizungu,Mayai: Kizungu,Viungo,,12,400,"4,800",317,"3,800","1,000",KM-0000,Guest,Not In-Debt,Full Paid,USR-002,
15/07/2026,21:19:35,Sukari(Kupima) - 50kg,Sukari,Viungo,,0.5,"3,000","1,500","2,360","1,180",320,KM-0000,Guest,Not In-Debt,Full Paid,USR-002,
15/07/2026,21:19:35,Niceone-180g,Sabuni : UNGA,Usafi:Jumla,6.20302E+12,1,500,500,438,438,63,KM-0000,Guest,Not In-Debt,Full Paid,USR-002,
15/07/2026,21:19:35,Winston(R),Sigara & RIZLA,Sigara & RIZLA,,20,200,"4,000",128,"2,550","1,450",KM-0000,Guest,Not In-Debt,Full Paid,USR-002,
15/07/2026,21:19:35,Nyota/Kali,Sigara & RIZLA,Sigara & RIZLA,,5,150,750,85,425,325,KM-0000,Guest,Not In-Debt,Full Paid,USR-002,
15/07/2026,21:19:35,Embassy,Sigara & RIZLA,Sigara & RIZLA,,2,400,800,263,525,275,KM-0000,Guest,Not In-Debt,Full Paid,USR-002,
15/07/2026,21:19:35,Master(R),Sigara & RIZLA,Sigara & RIZLA,,3,150,450,120,360,90,KM-0000,Guest,Not In-Debt,Full Paid,USR-002,
15/07/2026,21:19:35,Softcare(P)-(6-9Kg),Pampasi/Diaper,Usafi:Mtoto,,3,500,"1,500",250,750,750,KM-0000,Guest,Not In-Debt,Full Paid,USR-002,
15/07/2026,21:19:35,Perfumes-50mL,Manukato,Usafi:Binafsi,,1,"3,000","3,000","1,500","1,500","1,500",KM-0000,Guest,Not In-Debt,Full Paid,USR-002,
15/07/2026,21:19:35,Dalan- Soap-125g,Sabuni : MCHE/KIPANDE,Usafi:Binafsi,,1,"1,500","1,500","1,083","1,083",417,KM-0000,Guest,Not In-Debt,Full Paid,USR-002,
15/07/2026,21:19:35,EasyWave:150g,Dawa/Nywele,Usafi:Binafsi,60084224,1,"3,500","3,500","2,667","2,667",833,KM-0000,Guest,Not In-Debt,Full Paid,USR-002,
15/07/2026,21:19:35,Mafuta/Kupikia-20L,Mafuta : KULA,Viungo,,1.25,"6,000","7,500","4,150","5,188","2,313",KM-0000,Guest,Not In-Debt,Full Paid,USR-002,
15/07/2026,21:19:35,Kiberiti,Kiberiti : NJITI,Jikoni,,10,100,"1,000",40,400,600,KM-0000,Guest,Not In-Debt,Full Paid,USR-002,
15/07/2026,21:19:35,Mchele@1850,Mchele,Nafaka,,2.75,"2,000","5,500","1,850","5,088",413,KM-0000,Guest,Not In-Debt,Full Paid,USR-002,
15/07/2026,21:19:35,Maharage/Njano@2500,Maharage,Nafaka,,0.75,"3,000","2,250","2,500","1,875",375,KM-0000,Guest,Not In-Debt,Full Paid,USR-002,
15/07/2026,21:19:35,Karanga,Karanga,Nafaka,,0.25,"6,000","1,500","4,200","1,050",450,KM-0000,Guest,Not In-Debt,Full Paid,USR-002,
15/07/2026,21:19:35,Tamu : Bakery Mkate-1pcs@800,Mkate,Nafaka,,2,"1,000","2,000",800,"1,600",400,KM-0000,Guest,Not In-Debt,Full Paid,USR-002,
15/07/2026,21:19:35,Sembe-25kg,Unga/Sembe,Nafaka,,6,"1,500","9,000","1,280","7,680","1,320",KM-0000,Guest,Not In-Debt,Full Paid,USR-002,
15/07/2026,21:19:35,Madumu : Tupu,Madumu : Tupu/Kula,Mbadala,,1,"2,000","2,000",0,0,"2,000",KM-0000,Guest,Not In-Debt,Full Paid,USR-002,
15/07/2026,21:19:35,Mimi-6g,Snaki,Snaki,,6,100,600,83,500,100,KM-0000,Guest,Not In-Debt,Full Paid,USR-002,
15/07/2026,21:19:35,Jambo:Bolibo-300ml,Juisi,Vinywaji,6.203E+12,2,600,"1,200",417,833,367,KM-0000,Guest,Not In-Debt,Full Paid,USR-002,
15/07/2026,21:19:35,Jambo:Cocopine-300ml,Juisi,Vinywaji,6.203E+12,1,600,600,417,417,183,KM-0000,Guest,Not In-Debt,Full Paid,USR-002,
15/07/2026,21:19:35,Serengeti:(Lg),Bia,Vinywaji,4.98654E+12,1,"2,200","2,200","1,775","1,775",425,KM-0000,Guest,Not In-Debt,Full Paid,USR-002,
15/07/2026,21:19:35,Smart Gin-200ml,Spirit,Vinywaji,6.20301E+12,1.5,"2,200","3,300","1,867","2,800",500,KM-0000,Guest,Not In-Debt,Full Paid,USR-002,
15/07/2026,21:19:35,MO:(E)-300ML,E-Drink,Vinywaji,6.20302E+12,2,600,"1,200",425,850,350,KM-0000,Guest,Not In-Debt,Full Paid,USR-002,
15/07/2026,21:19:35,Afiya:Berries-300ml,Juisi,Vinywaji,2.5525E+12,1,600,600,442,442,158,KM-0000,Guest,Not In-Debt,Full Paid,USR-002,
15/07/2026,21:19:35,Azam:(E)-300ML,E-Drink,Vinywaji,6.00964E+12,2,700,"1,400",475,950,450,KM-0000,Guest,Not In-Debt,Full Paid,USR-002,
15/07/2026,21:19:35,Double(KK)-200ml,Spirit,Vinywaji,6.20301E+12,1.5,"2,200","3,300","1,867","2,800",500,KM-0000,Guest,Not In-Debt,Full Paid,USR-002,
15/07/2026,21:19:35,U-Fresh Glass (Mango)-120ml,Juisi,Vinywaji,,1,200,200,161,161,39,KM-0000,Guest,Not In-Debt,Full Paid,USR-002,
15/07/2026,21:19:35,MO:Passion-300ml,Soda,Vinywaji,,1,600,600,400,400,200,KM-0000,Guest,Not In-Debt,Full Paid,USR-002,
15/07/2026,21:19:35,U-Fresh:Bottled-Mango-200ml,Juisi,Vinywaji,6.203E+12,1,300,300,250,250,50,KM-0000,Guest,Not In-Debt,Full Paid,USR-002,
15/07/2026,21:19:35,Fanta-Orange : 350ml,Soda,Vinywaji,,1,800,800,563,563,238,KM-0000,Guest,Not In-Debt,Full Paid,USR-002,
15/07/2026,21:19:35,Pepsi : 350ml,Soda,Vinywaji,,2,700,"1,400",500,"1,000",400,KM-0000,Guest,Not In-Debt,Full Paid,USR-002,
15/07/2026,21:19:35,U-Fresh:Tube-Mango-80ml,Juisi,Vinywaji,6.203E+12,5,100,500,83,417,83,KM-0000,Guest,Not In-Debt,Full Paid,USR-002,
15/07/2026,21:19:35,Konyagi(S)- 200ml,Spirit,Vinywaji,6.20301E+12,1,"5,000","5,000","3,950","3,950","1,050",KM-0000,Guest,Not In-Debt,Full Paid,USR-002,
15/07/2026,21:19:35,Uhai(W)-1.6L,Maji,Vinywaji,6.20301E+12,2,800,"1,600",500,"1,000",600,KM-0000,Guest,Not In-Debt,Full Paid,USR-002,
15/07/2026,21:19:35,Pipi:Bigijii@50,Pipi/Bigijii,Vitamu,,14,50,700,35,490,210,KM-0000,Guest,Not In-Debt,Full Paid,USR-002,
15/07/2026,21:19:35,Pipi:Bigijii@100,Pipi/Bigijii,Vitamu,,5,100,500,70,350,150,KM-0000,Guest,Not In-Debt,Full Paid,USR-002,
15/07/2026,21:19:35,Oryx(S),Gesi:Mtungi,Gesi:Mtungi,,1,"27,000","27,000","24,500","24,500","2,500",KM-0000,Guest,Not In-Debt,Full Paid,USR-002,
15/07/2026,21:28:38,Murua:Strawberry,Biskuti,Vitamu,7.92382E+11,1,600,600,375,375,225,KM-0000,Guest,Not In-Debt,Full Paid,USR-002,
15/07/2026,21:28:38,Murua:Milk,Biskuti,Vitamu,7.92382E+11,1,300,300,160,160,140,KM-0000,Guest,Not In-Debt,Full Paid,USR-002,
15/07/2026,21:28:38,Mosquito :COIL,Dawa Mbu : Koili,Afya,,1,250,250,130,130,120,KM-0000,Guest,Not In-Debt,Full Paid,USR-002,
15/07/2026,21:28:38,Mimi-6g,Snaki,Snaki,,1,100,100,83,83,17,KM-0000,Guest,Not In-Debt,Full Paid,USR-002,
15/07/2026,22:49:43,Safari:(Lg),Bia,Vinywaji,6.2011E+12,1,"2,200","2,200","1,775","1,775",425,KM-0000,Guest,Not In-Debt,Full Paid,USR-002,
15/07/2026,22:49:43,Azam-Malt-300ml,Soda,Vinywaji,6.00964E+12,1,700,700,479,479,221,KM-0000,Guest,Not In-Debt,Full Paid,USR-002,
15/07/2026,22:49:43,MO:Malt-300ml,Soda,Vinywaji,6.20302E+12,2,600,"1,200",400,800,400,KM-0000,Guest,Not In-Debt,Full Paid,USR-002,
15/07/2026,22:49:43,Nyota/Kali,Sigara & RIZLA,Sigara & RIZLA,,1,150,150,85,85,65,KM-0000,Guest,Not In-Debt,Full Paid,USR-002,
15/07/2026,22:49:43,Jambo:Cocopine-300ml,Juisi,Vinywaji,6.203E+12,1,600,600,417,417,183,KM-0000,Guest,Not In-Debt,Full Paid,USR-002,
15/07/2026,22:49:43,Karanga,Karanga,Nafaka,,0.75,"6,000","4,500","4,200","3,150","1,350",KM-0000,Guest,Not In-Debt,Full Paid,USR-002,
15/07/2026,22:49:43,Uhai(W)-1L,Maji,Vinywaji,6.20301E+12,1,600,600,417,417,183,KM-0000,Guest,Not In-Debt,Full Paid,USR-002,
16/07/2026,15:25:50,Sembe-25kg,Unga/Sembe,Nafaka,,1.75,"1,500","2,625","1,280","2,240",385,KM-0000,Guest,Not In-Debt,Full Paid,USR-002,
16/07/2026,15:25:50,U-Fresh:Bottled-Mango-200ml,Juisi,Vinywaji,6.203E+12,2,300,600,250,500,100,KM-0000,Guest,Not In-Debt,Full Paid,USR-002,
16/07/2026,15:25:50,Murua:Milk,Biskuti,Vitamu,7.92382E+11,1,300,300,160,160,140,KM-0000,Guest,Not In-Debt,Full Paid,USR-002,
16/07/2026,15:25:50,Sukari(Kupima) - 50kg,Sukari,Viungo,,0.75,"3,000","2,250","2,360","1,770",480,KM-0000,Guest,Not In-Debt,Full Paid,USR-002,
16/07/2026,15:25:50,Azam-Malt-300ml,Soda,Vinywaji,6.00964E+12,1,700,700,479,479,221,KM-0000,Guest,Not In-Debt,Full Paid,USR-002,
16/07/2026,15:25:50,Oryx(S),Gesi:Mtungi,Gesi:Mtungi,,1,"27,000","27,000","24,500","24,500","2,500",KM-0000,Guest,Not In-Debt,Full Paid,USR-002,
16/07/2026,15:25:50,Tamu : Bakery Mkate-1pcs@800,Mkate,Nafaka,,1,"1,000","1,000",800,800,200,KM-0000,Guest,Not In-Debt,Full Paid,USR-002,
16/07/2026,15:25:50,MO:Passion-300ml,Soda,Vinywaji,,1,600,600,400,400,200,KM-0000,Guest,Not In-Debt,Full Paid,USR-002,
16/07/2026,15:25:50,Uhai(W)-1.6L,Maji,Vinywaji,6.20301E+12,2,800,"1,600",500,"1,000",600,KM-0000,Guest,Not In-Debt,Full Paid,USR-002,
16/07/2026,15:25:50,Uhai(W)-1L,Maji,Vinywaji,6.20301E+12,1,600,600,417,417,183,KM-0000,Guest,Not In-Debt,Full Paid,USR-002,
16/07/2026,15:25:50,Winston(R),Sigara & RIZLA,Sigara & RIZLA,,6,200,"1,200",128,765,435,KM-0000,Guest,Not In-Debt,Full Paid,USR-002,
16/07/2026,15:25:50,Vestline -Aftershave-100ml,Afteshave,Usafi:Binafsi,6.2011E+12,2,"1,500","3,000",875,"1,750","1,250",KM-0000,Guest,Not In-Debt,Full Paid,USR-002,
16/07/2026,15:25:50,Niceone-400g,Sabuni : UNGA,Usafi:Jumla,6.20302E+12,1,"1,000","1,000",883,883,117,KM-0000,Guest,Not In-Debt,Full Paid,USR-002,
16/07/2026,15:25:50,Kleesoft-180g,Sabuni : UNGA,Usafi:Jumla,1.6203E+13,1,500,500,438,438,63,KM-0000,Guest,Not In-Debt,Full Paid,USR-002,
16/07/2026,15:25:50,Doffi-160g,Sabuni : UNGA,Usafi:Jumla,1.6203E+13,2,500,"1,000",438,875,125,KM-0000,Guest,Not In-Debt,Full Paid,USR-002,
16/07/2026,15:25:50,Maharage/Njano@2500,Maharage,Nafaka,,0.25,"3,000",750,"2,500",625,125,KM-0000,Guest,Not In-Debt,Full Paid,USR-002,
16/07/2026,15:25:50,Mirinda-600ml,Soda,Vinywaji,,1,"1,200","1,200",850,850,350,KM-0000,Guest,Not In-Debt,Full Paid,USR-002,
16/07/2026,15:25:50,Pipi:Bigijii@50,Pipi/Bigijii,Vitamu,,6,50,300,35,210,90,KM-0000,Guest,Not In-Debt,Full Paid,USR-002,
16/07/2026,15:25:50,Pipi:Bigijii@100,Pipi/Bigijii,Vitamu,,4,100,400,70,280,120,KM-0000,Guest,Not In-Debt,Full Paid,USR-002,
16/07/2026,15:25:50,Mimi-6g,Snaki,Snaki,,5,100,500,83,417,83,KM-0000,Guest,Not In-Debt,Full Paid,USR-002,
16/07/2026,18:51:00,Azam-Malt-300ml,Soda,Vinywaji,6.00964E+12,2,700,"1,400",479,958,442,KM-0000,Guest,Not In-Debt,Full Paid,USR-002,
16/07/2026,18:51:00,Winston(R),Sigara & RIZLA,Sigara & RIZLA,,23,200,"4,600",128,"2,933","1,668",KM-0000,Guest,Not In-Debt,Full Paid,USR-002,
16/07/2026,18:51:00,RIZLA,Sigara & RIZLA,Sigara & RIZLA,,2,800,"1,600",550,"1,100",500,KM-0000,Guest,Not In-Debt,Full Paid,USR-002,
16/07/2026,18:51:00,Nyota/Kali,Sigara & RIZLA,Sigara & RIZLA,,4,150,600,85,340,260,KM-0000,Guest,Not In-Debt,Full Paid,USR-002,
16/07/2026,18:51:00,Kiberiti,Kiberiti : NJITI,Jikoni,,1,100,100,40,40,60,KM-0000,Guest,Not In-Debt,Full Paid,USR-002,
16/07/2026,18:51:00,Mshumaa,MSHUMAA,Jikoni,6.203E+12,1,500,500,333,333,167,KM-0000,Guest,Not In-Debt,Full Paid,USR-002,
16/07/2026,18:51:00,Mchele@1850,Mchele,Nafaka,,0.75,"2,000","1,500","1,850","1,388",113,KM-0000,Guest,Not In-Debt,Full Paid,USR-002,
16/07/2026,18:51:00,Pepsi : 350ml,Soda,Vinywaji,,3,700,"2,100",500,"1,500",600,KM-0000,Guest,Not In-Debt,Full Paid,USR-002,
16/07/2026,18:51:00,Uhai(W)-1.6L,Maji,Vinywaji,6.20301E+12,1,800,800,500,500,300,KM-0000,Guest,Not In-Debt,Full Paid,USR-002,
16/07/2026,18:51:00,U-Fresh:Bottled-Mango-200ml,Juisi,Vinywaji,6.203E+12,4,300,"1,200",250,"1,000",200,KM-0000,Guest,Not In-Debt,Full Paid,USR-002,
16/07/2026,18:51:00,Mayai@Kizungu,Mayai: Kizungu,Viungo,,8,400,"3,200",317,"2,533",667,KM-0000,Guest,Not In-Debt,Full Paid,USR-002,
16/07/2026,18:51:00,Niceone-400g,Sabuni : UNGA,Usafi:Jumla,6.20302E+12,2,"1,000","2,000",883,"1,767",233,KM-0000,Guest,Not In-Debt,Full Paid,USR-002,
16/07/2026,18:51:00,Robin-Thread,Uzi : Nywele,Usafi:Binafsi,,1,"1,500","1,500","1,200","1,200",300,KM-0000,Guest,Not In-Debt,Full Paid,USR-002,
16/07/2026,18:51:00,Neel-Salt-500g,Chumvi,Viungo,6.20301E+12,1,500,500,288,288,213,KM-0000,Guest,Not In-Debt,Full Paid,USR-002,
16/07/2026,20:18:07,Winston(R),Sigara & RIZLA,Sigara & RIZLA,,17,200,"3,400",128,"2,168","1,233",KM-0000,Guest,Not In-Debt,Full Paid,USR-002,
16/07/2026,20:18:07,Smart Gin-200ml,Spirit,Vinywaji,6.20301E+12,4.5,"2,200","9,900","1,867","8,400","1,500",KM-0000,Guest,Not In-Debt,Full Paid,USR-002,
16/07/2026,20:18:07,Pipi:Bigijii@50,Pipi/Bigijii,Vitamu,,3,50,150,35,105,45,KM-0000,Guest,Not In-Debt,Full Paid,USR-002,
16/07/2026,20:18:07,Kiberiti,Kiberiti : NJITI,Jikoni,,12,100,"1,200",40,480,720,KM-0000,Guest,Not In-Debt,Full Paid,USR-002,
16/07/2026,20:18:07,Uhai(W)-13L,Maji,Vinywaji,,1,"4,500","4,500","3,800","3,800",700,KM-0000,Guest,Not In-Debt,Full Paid,USR-002,
16/07/2026,20:18:07,Cocacola : 350ml,Soda,Vinywaji,,1,800,800,563,563,238,KM-0000,Guest,Not In-Debt,Full Paid,USR-002,
16/07/2026,20:18:07,Saf-Instant-11g,Amira,Viungo,,2,500,"1,000",333,667,333,KM-0000,Guest,Not In-Debt,Full Paid,USR-002,
16/07/2026,20:18:07,Embassy,Sigara & RIZLA,Sigara & RIZLA,,2,400,800,263,525,275,KM-0000,Guest,Not In-Debt,Full Paid,USR-002,
16/07/2026,20:18:07,Safari:(Lg),Bia,Vinywaji,6.2011E+12,3,"2,200","6,600","1,775","5,325","1,275",KM-0000,Guest,Not In-Debt,Full Paid,USR-002,
16/07/2026,20:18:07,Kilimanjaro:(Lg),Bia,Vinywaji,6.2011E+12,1,"2,200","2,200","1,775","1,775",425,KM-0000,Guest,Not In-Debt,Full Paid,USR-002,
16/07/2026,20:18:07,U-Fresh Glass (Mango)-120ml,Juisi,Vinywaji,,1,200,200,161,161,39,KM-0000,Guest,Not In-Debt,Full Paid,USR-002,
16/07/2026,20:18:07,U-Fresh:Tube-Mango-80ml,Juisi,Vinywaji,6.203E+12,1,100,100,83,83,17,KM-0000,Guest,Not In-Debt,Full Paid,USR-002,
16/07/2026,20:18:07,Azam-Malt-300ml,Soda,Vinywaji,6.00964E+12,1,700,700,479,479,221,KM-0000,Guest,Not In-Debt,Full Paid,USR-002,
16/07/2026,20:38:49,S-Menthol(SM),Sigara & RIZLA,Sigara & RIZLA,,1,300,300,214,214,87,KM-0000,Guest,Not In-Debt,Full Paid,USR-002,
16/07/2026,20:38:49,Master(K),Sigara & RIZLA,Sigara & RIZLA,,1,150,150,118,118,33,KM-0000,Guest,Not In-Debt,Full Paid,USR-002,
16/07/2026,20:38:49,Master(R),Sigara & RIZLA,Sigara & RIZLA,,3,150,450,120,360,90,KM-0000,Guest,Not In-Debt,Full Paid,USR-002,
16/07/2026,20:38:49,Serengeti:(Lg),Bia,Vinywaji,4.98654E+12,1,"2,200","2,200","1,775","1,775",425,KM-0000,Guest,Not In-Debt,Full Paid,USR-002,
16/07/2026,22:13:23,Uhai(W)-1.6L,Maji,Vinywaji,6.20301E+12,5,800,"4,000",500,"2,500","1,500",KM-0000,Guest,Not In-Debt,Full Paid,USR-002,
16/07/2026,22:13:23,MO:Chungwa-300ml,Soda,Vinywaji,6.20302E+12,1,600,600,442,442,158,KM-0000,Guest,Not In-Debt,Full Paid,USR-002,
16/07/2026,22:13:23,Pepsi : 600ml,Soda,Vinywaji,6.2011E+12,1,"1,200","1,200",800,800,400,KM-0000,Guest,Not In-Debt,Full Paid,USR-002,
16/07/2026,22:13:23,Fanta-Orange-600ml,Soda,Vinywaji,5.449E+12,2,"1,000","2,000",833,"1,667",333,KM-0000,Guest,Not In-Debt,Full Paid,USR-002,
16/07/2026,22:13:23,U-Fresh Glass (Mango)-120ml,Juisi,Vinywaji,,2,200,400,161,321,79,KM-0000,Guest,Not In-Debt,Full Paid,USR-002,
16/07/2026,22:13:23,Winston(R),Sigara & RIZLA,Sigara & RIZLA,,5,200,"1,000",128,638,363,KM-0000,Guest,Not In-Debt,Full Paid,USR-002,
16/07/2026,22:13:23,Nyota/Kali,Sigara & RIZLA,Sigara & RIZLA,,3,150,450,85,255,195,KM-0000,Guest,Not In-Debt,Full Paid,USR-002,
16/07/2026,22:13:23,Softcare(P)-(6-9Kg),Pampasi/Diaper,Usafi:Mtoto,,2,500,"1,000",250,500,500,KM-0000,Guest,Not In-Debt,Full Paid,USR-002,
16/07/2026,22:13:23,Karanga,Karanga,Nafaka,,1,"6,000","6,000","4,200","4,200","1,800",KM-0000,Guest,Not In-Debt,Full Paid,USR-002,
16/07/2026,22:13:23,Sembe-25kg,Unga/Sembe,Nafaka,,1.5,"1,500","2,250","1,280","1,920",330,KM-0000,Guest,Not In-Debt,Full Paid,USR-002,
16/07/2026,22:13:23,Mimi-6g,Snaki,Snaki,,1,100,100,83,83,17,KM-0000,Guest,Not In-Debt,Full Paid,USR-002,
16/07/2026,22:13:23,Pipi:Bigijii@50,Pipi/Bigijii,Vitamu,,5,50,250,35,175,75,KM-0000,Guest,Not In-Debt,Full Paid,USR-002,
16/07/2026,22:13:23,Pipi:Bigijii@100,Pipi/Bigijii,Vitamu,,1,100,100,70,70,30,KM-0000,Guest,Not In-Debt,Full Paid,USR-002,
16/07/2026,22:13:23,Murua:Strawberry,Biskuti,Vitamu,7.92382E+11,1,600,600,375,375,225,KM-0000,Guest,Not In-Debt,Full Paid,USR-002,
16/07/2026,22:13:23,Jambo:Cocopine-300ml,Juisi,Vinywaji,6.203E+12,2,600,"1,200",417,833,367,KM-0000,Guest,Not In-Debt,Full Paid,USR-002,
16/07/2026,22:46:25,MO:Malt-300ml,Soda,Vinywaji,6.20302E+12,1,600,600,400,400,200,KM-0000,Guest,Not In-Debt,Full Paid,USR-002,
16/07/2026,22:46:25,Mirinda-Black : 350ml,Soda,Vinywaji,,1,700,700,500,500,200,KM-0000,Guest,Not In-Debt,Full Paid,USR-002,
17/07/2026,15:02:08,Winston(R),Sigara & RIZLA,Sigara & RIZLA,,44,200,"8,800",128,"5,610","3,190",KM-0000,Guest,Not In-Debt,Full Paid,USR-002,
17/07/2026,15:02:08,Embassy,Sigara & RIZLA,Sigara & RIZLA,,6,400,"2,400",263,"1,575",825,KM-0000,Guest,Not In-Debt,Full Paid,USR-002,
17/07/2026,15:02:08,Master(R),Sigara & RIZLA,Sigara & RIZLA,,9,150,"1,350",120,"1,080",270,KM-0000,Guest,Not In-Debt,Full Paid,USR-002,
17/07/2026,15:02:08,Mayai@Kizungu,Mayai: Kizungu,Viungo,,5,400,"2,000",317,"1,583",417,KM-0000,Guest,Not In-Debt,Full Paid,USR-002,
17/07/2026,15:02:08,Pakiti/Ajinomoto,Kiungo : Pakiti,Viungo,,1,100,100,48,48,52,KM-0000,Guest,Not In-Debt,Full Paid,USR-002,
17/07/2026,15:02:08,Pakiti/Magadi,Kiungo : Pakiti,Viungo,,1,100,100,45,45,55,KM-0000,Guest,Not In-Debt,Full Paid,USR-002,
17/07/2026,15:02:08,Pakiti/Ndimu-Unga,Kiungo : Pakiti,Viungo,,1,100,100,45,45,55,KM-0000,Guest,Not In-Debt,Full Paid,USR-002,
17/07/2026,15:02:08,Sukari(Kupima) - 50kg,Sukari,Viungo,,0.25,"3,000",750,"2,360",590,160,KM-0000,Guest,Not In-Debt,Full Paid,USR-002,
17/07/2026,15:02:08,Kiwembe : RK,Viwembe,Usafi:Binafsi,,4,100,400,60,240,160,KM-0000,Guest,Not In-Debt,Full Paid,USR-002,
17/07/2026,15:02:08,UDI : STIKI,UDI,Usafi:Binafsi,,1,50,50,24,24,26,KM-0000,Guest,Not In-Debt,Full Paid,USR-002,
17/07/2026,15:02:08,Azam:(E)-300ML,E-Drink,Vinywaji,6.00964E+12,1,700,700,475,475,225,KM-0000,Guest,Not In-Debt,Full Paid,USR-002,
17/07/2026,15:02:08,Paracetamol - 500mg,Dawa : Maumivu,Afya,,2,50,100,25,50,50,KM-0000,Guest,Not In-Debt,Full Paid,USR-002,
17/07/2026,15:02:08,Mosquito :COIL,Dawa Mbu : Koili,Afya,,1,250,250,130,130,120,KM-0000,Guest,Not In-Debt,Full Paid,USR-002,
17/07/2026,15:02:08,Diclopar-550mg,Dawa : Maumivu,Afya,,1,100,100,50,50,50,KM-0000,Guest,Not In-Debt,Full Paid,USR-002,
17/07/2026,15:02:08,Niceone-180g,Sabuni : UNGA,Usafi:Jumla,6.20302E+12,1,500,500,438,438,63,KM-0000,Guest,Not In-Debt,Full Paid,USR-002,
17/07/2026,15:02:08,Kleesoft-180g,Sabuni : UNGA,Usafi:Jumla,1.6203E+13,1,500,500,438,438,63,KM-0000,Guest,Not In-Debt,Full Paid,USR-002,
17/07/2026,15:02:08,Doffi-160g,Sabuni : UNGA,Usafi:Jumla,1.6203E+13,3,500,"1,500",438,"1,313",188,KM-0000,Guest,Not In-Debt,Full Paid,USR-002,
17/07/2026,15:02:08,Kiberiti,Kiberiti : NJITI,Jikoni,,1,100,100,40,40,60,KM-0000,Guest,Not In-Debt,Full Paid,USR-002,
17/07/2026,15:02:08,Sembe-25kg,Unga/Sembe,Nafaka,,0.75,"1,500","1,125","1,280",960,165,KM-0000,Guest,Not In-Debt,Full Paid,USR-002,
17/07/2026,15:02:08,Mchele@2000,Mchele,Nafaka,,0.5,"2,400","1,200","2,000","1,000",200,KM-0000,Guest,Not In-Debt,Full Paid,USR-002,
17/07/2026,15:02:08,Maharage/Njano@2500,Maharage,Nafaka,,0.25,"3,000",750,"2,500",625,125,KM-0000,Guest,Not In-Debt,Full Paid,USR-002,
17/07/2026,15:02:08,Mimi-6g,Snaki,Snaki,,8,100,800,83,667,133,KM-0000,Guest,Not In-Debt,Full Paid,USR-002,
17/07/2026,15:19:26,Pipi:Bigijii@50,Pipi/Bigijii,Vitamu,,8,50,400,36,284,116,KM-0000,Guest,Not In-Debt,Full Paid,USR-002,
17/07/2026,15:19:26,Pipi:Bigijii@100,Pipi/Bigijii,Vitamu,,1,100,100,70,70,30,KM-0000,Guest,Not In-Debt,Full Paid,USR-002,
17/07/2026,19:24:40,Uhai(W)-1L,Maji,Vinywaji,6.20301E+12,2,600,"1,200",417,833,367,KM-0000,Guest,Not In-Debt,Full Paid,USR-002,
17/07/2026,19:24:40,Uhai(W)-1.6L,Maji,Vinywaji,6.20301E+12,3,800,"2,400",500,"1,500",900,KM-0000,Guest,Not In-Debt,Full Paid,USR-002,
17/07/2026,19:24:40,Smart Gin-200ml,Spirit,Vinywaji,6.20301E+12,3,"2,200","6,600","1,867","5,600","1,000",KM-0000,Guest,Not In-Debt,Full Paid,USR-002,
17/07/2026,19:24:40,MO:(E)-300ML,E-Drink,Vinywaji,6.20302E+12,2,600,"1,200",425,850,350,KM-0000,Guest,Not In-Debt,Full Paid,USR-002,
17/07/2026,19:24:40,Jobo-200ml,Spirit,Vinywaji,6.20304E+12,0.5,"2,200","1,100","1,792",896,204,KM-0000,Guest,Not In-Debt,Full Paid,USR-002,
17/07/2026,19:24:40,Fanta-Orange : 350ml,Soda,Vinywaji,,1,800,800,563,563,238,KM-0000,Guest,Not In-Debt,Full Paid,USR-002,
17/07/2026,19:24:40,Mafuta/Kupikia-20L,Mafuta : KULA,Viungo,,1,"6,000","6,000","4,150","4,150","1,850",KM-0000,Guest,Not In-Debt,Full Paid,USR-002,
17/07/2026,19:24:40,Pakiti/Ajinomoto,Kiungo : Pakiti,Viungo,,2,100,200,48,95,105,KM-0000,Guest,Not In-Debt,Full Paid,USR-002,
17/07/2026,19:24:40,Pakiti/Ndimu-Unga,Kiungo : Pakiti,Viungo,,1,100,100,45,45,55,KM-0000,Guest,Not In-Debt,Full Paid,USR-002,
17/07/2026,19:24:40,Softcare(P)-(6-9Kg),Pampasi/Diaper,Usafi:Mtoto,,2,500,"1,000",250,500,500,KM-0000,Guest,Not In-Debt,Full Paid,USR-002,
17/07/2026,19:24:40,Winston(R),Sigara & RIZLA,Sigara & RIZLA,,7,200,"1,400",128,893,508,KM-0000,Guest,Not In-Debt,Full Paid,USR-002,
17/07/2026,19:24:40,Kiberiti,Kiberiti : NJITI,Jikoni,,5,100,500,40,200,300,KM-0000,Guest,Not In-Debt,Full Paid,USR-002,
17/07/2026,19:24:40,Mchele@1850,Mchele,Nafaka,,3,"2,000","6,000","1,850","5,550",450,KM-0000,Guest,Not In-Debt,Full Paid,USR-002,
17/07/2026,19:24:40,Mchele@2000,Mchele,Nafaka,,1,"2,400","2,400","2,000","2,000",400,KM-0000,Guest,Not In-Debt,Full Paid,USR-002,
17/07/2026,19:24:40,Sembe-25kg,Unga/Sembe,Nafaka,,2.5,"1,500","3,750","1,280","3,200",550,KM-0000,Guest,Not In-Debt,Full Paid,USR-002,
17/07/2026,19:24:40,Mimi-6g,Snaki,Snaki,,7,100,700,83,583,117,KM-0000,Guest,Not In-Debt,Full Paid,USR-002,
17/07/2026,19:24:40,Pipi:Bigijii@50,Pipi/Bigijii,Vitamu,,13,50,650,36,462,188,KM-0000,Guest,Not In-Debt,Full Paid,USR-002,
17/07/2026,19:24:40,Pipi:Bigijii@100,Pipi/Bigijii,Vitamu,,6,100,600,70,420,180,KM-0000,Guest,Not In-Debt,Full Paid,USR-002,
17/07/2026,19:36:27,Nyota/Kali,Sigara & RIZLA,Sigara & RIZLA,,1,150,150,85,85,65,KM-0000,Guest,Not In-Debt,Full Paid,USR-002,
17/07/2026,19:36:27,Softcare : Wipes,Waipsi,Usafi:Mtoto,,1,"3,000","3,000","1,000","1,000","2,000",KM-0000,Guest,Not In-Debt,Full Paid,USR-002,
17/07/2026,19:36:27,Mayai@Kizungu,Mayai: Kizungu,Viungo,,8,400,"3,200",317,"2,533",667,KM-0000,Guest,Not In-Debt,Full Paid,USR-002,
17/07/2026,20:21:14,Jambo:Bolibo-300ml,Juisi,Vinywaji,6.203E+12,1,600,600,417,417,183,KM-0000,Guest,Not In-Debt,Full Paid,USR-002,
17/07/2026,20:21:14,Winston(R),Sigara & RIZLA,Sigara & RIZLA,,9,200,"1,800",128,"1,148",653,KM-0000,Guest,Not In-Debt,Full Paid,USR-002,
17/07/2026,20:21:14,Embassy,Sigara & RIZLA,Sigara & RIZLA,,1,400,400,263,263,138,KM-0000,Guest,Not In-Debt,Full Paid,USR-002,
17/07/2026,20:21:14,Nyota/Kali,Sigara & RIZLA,Sigara & RIZLA,,6,150,900,85,510,390,KM-0000,Guest,Not In-Debt,Full Paid,USR-002,
17/07/2026,20:21:14,Double(KK)-200ml,Spirit,Vinywaji,6.20301E+12,1,"2,200","2,200","1,867","1,867",333,KM-0000,Guest,Not In-Debt,Full Paid,USR-002,
17/07/2026,20:21:14,Pipi:Bigijii@100,Pipi/Bigijii,Vitamu,,1,100,100,70,70,30,KM-0000,Guest,Not In-Debt,Full Paid,USR-002,
17/07/2026,20:21:14,Pipi:Bigijii@50,Pipi/Bigijii,Vitamu,,9,50,450,36,320,130,KM-0000,Guest,Not In-Debt,Full Paid,USR-002,
17/07/2026,20:21:14,Fanta-Orange-600ml,Soda,Vinywaji,5.449E+12,1,"1,000","1,000",833,833,167,KM-0000,Guest,Not In-Debt,Full Paid,USR-002,
17/07/2026,20:21:14,Sukari(Kupima) - 50kg,Sukari,Viungo,,1.75,"3,000","5,250","2,360","4,130","1,120",KM-0000,Guest,Not In-Debt,Full Paid,USR-002,
17/07/2026,20:21:14,Mimi-6g,Snaki,Snaki,,4,100,400,83,333,67,KM-0000,Guest,Not In-Debt,Full Paid,USR-002,
17/07/2026,20:26:45,Konyagi(S)- 200ml,Spirit,Vinywaji,6.20301E+12,0.2,"5,000","1,000","3,950",790,210,KM-0000,Guest,Not In-Debt,Full Paid,USR-002,
17/07/2026,20:26:45,"Tamu : Bakery Skonzi-4pcs@1,600",Skonzi,Nafaka,,1,500,500,400,400,100,KM-0000,Guest,Not In-Debt,Full Paid,USR-002,
17/07/2026,20:26:45,Sembe-25kg,Unga/Sembe,Nafaka,,5.5,"1,500","8,250","1,280","7,040","1,210",KM-0000,Guest,Not In-Debt,Full Paid,USR-002,
17/07/2026,20:26:45,Winston(R),Sigara & RIZLA,Sigara & RIZLA,,7,200,"1,400",128,893,508,KM-0000,Guest,Not In-Debt,Full Paid,USR-002,
17/07/2026,20:26:45,Embassy,Sigara & RIZLA,Sigara & RIZLA,,1,400,400,263,263,138,KM-0000,Guest,Not In-Debt,Full Paid,USR-002,
17/07/2026,20:26:45,Nyota/Kali,Sigara & RIZLA,Sigara & RIZLA,,6,150,900,85,510,390,KM-0000,Guest,Not In-Debt,Full Paid,USR-002,
17/07/2026,20:26:45,Mayai@Kizungu,Mayai: Kizungu,Viungo,,5,400,"2,000",317,"1,583",417,KM-0000,Guest,Not In-Debt,Full Paid,USR-002,
17/07/2026,20:36:22,Haswa -Nazi-150ML,Mafuta : Nazi,Usafi:Binafsi,6.2011E+12,1,"2,000","2,000","1,250","1,250",750,KM-0000,Guest,Not In-Debt,Full Paid,USR-002,
17/07/2026,20:54:41,Karanga,Karanga,Nafaka,,1,"6,000","6,000","4,200","4,200","1,800",KM-0000,Guest,Not In-Debt,Full Paid,USR-002,
17/07/2026,20:54:41,Kiberiti,Kiberiti : NJITI,Jikoni,,11,100,"1,100",40,440,660,KM-0000,Guest,Not In-Debt,Full Paid,USR-002,
17/07/2026,20:54:41,Mafuta/Kupikia-20L,Mafuta : KULA,Viungo,,0.5,"6,000","3,000","4,150","2,075",925,KM-0000,Guest,Not In-Debt,Full Paid,USR-002,
17/07/2026,20:54:41,Uhai(W)-1.6L,Maji,Vinywaji,6.20301E+12,1,800,800,500,500,300,KM-0000,Guest,Not In-Debt,Full Paid,USR-002,
17/07/2026,20:54:41,Fanta-Orange : 350ml,Soda,Vinywaji,,1,800,800,563,563,238,KM-0000,Guest,Not In-Debt,Full Paid,USR-002,
17/07/2026,20:54:41,Fanta-Passion : 350ml,Soda,Vinywaji,,1,800,800,563,563,238,KM-0000,Guest,Not In-Debt,Full Paid,USR-002,
17/07/2026,21:11:34,Winston(R),Sigara & RIZLA,Sigara & RIZLA,,23,200,"4,600",128,"2,933","1,668",KM-0000,Guest,Not In-Debt,Full Paid,USR-002,
17/07/2026,21:11:34,Jambo:Cocopine-300ml,Juisi,Vinywaji,6.203E+12,1,600,600,417,417,183,KM-0000,Guest,Not In-Debt,Full Paid,USR-002,
17/07/2026,21:11:34,Pipi:Bigijii@100,Pipi/Bigijii,Vitamu,,7,100,700,70,490,210,KM-0000,Guest,Not In-Debt,Full Paid,USR-002,
17/07/2026,21:14:43,Softcare(P)-(6-9Kg),Pampasi/Diaper,Usafi:Mtoto,,1,500,500,250,250,250,KM-0000,Guest,Not In-Debt,Full Paid,USR-002,
17/07/2026,21:14:43,Jambo:Cocopine-300ml,Juisi,Vinywaji,6.203E+12,1,600,600,417,417,183,KM-0000,Guest,Not In-Debt,Full Paid,USR-002,
17/07/2026,21:20:00,Mayai@Kizungu,Mayai: Kizungu,Viungo,,2,400,800,317,633,167,KM-0000,Guest,Not In-Debt,Full Paid,USR-002,
17/07/2026,21:24:47,Winston(R),Sigara & RIZLA,Sigara & RIZLA,,2,200,400,128,255,145,KM-0000,Guest,Not In-Debt,Full Paid,USR-002,
17/07/2026,21:24:47,Double(KK)-200ml,Spirit,Vinywaji,6.20301E+12,0.5,"2,200","1,100","1,867",933,167,KM-0000,Guest,Not In-Debt,Full Paid,USR-002,
17/07/2026,21:35:37,RIZLA,Sigara & RIZLA,Sigara & RIZLA,,1,800,800,550,550,250,KM-0000,Guest,Not In-Debt,Full Paid,USR-002,
17/07/2026,21:35:37,Pepsi : 350ml,Soda,Vinywaji,,2,700,"1,400",500,"1,000",400,KM-0000,Guest,Not In-Debt,Full Paid,USR-002,
17/07/2026,21:44:58,Mosquito :COIL,Dawa Mbu : Koili,Afya,,2,250,500,130,260,240,KM-0000,Guest,Not In-Debt,Full Paid,USR-002,
17/07/2026,21:44:58,Winston(R),Sigara & RIZLA,Sigara & RIZLA,,2,200,400,128,255,145,KM-0000,Guest,Not In-Debt,Full Paid,USR-002,
17/07/2026,21:44:58,MO:Malt-300ml,Soda,Vinywaji,6.20302E+12,1,600,600,400,400,200,KM-0000,Guest,Not In-Debt,Full Paid,USR-002,
17/07/2026,22:45:36,Softcare(P)-(6-9Kg),Pampasi/Diaper,Usafi:Mtoto,,3,500,"1,500",250,750,750,KM-0000,Guest,Not In-Debt,Full Paid,USR-002,
17/07/2026,22:45:36,Jambo:Bolibo-300ml,Juisi,Vinywaji,6.203E+12,1,600,600,417,417,183,KM-0000,Guest,Not In-Debt,Full Paid,USR-002,
17/07/2026,22:45:36,Winston(R),Sigara & RIZLA,Sigara & RIZLA,,3,200,600,128,383,218,KM-0000,Guest,Not In-Debt,Full Paid,USR-002,
17/07/2026,22:45:36,Uhai(W)-1L,Maji,Vinywaji,6.20301E+12,1,600,600,417,417,183,KM-0000,Guest,Not In-Debt,Full Paid,USR-002,
18/07/2026,9:41:51,Doffi-160g,Sabuni : UNGA,Usafi:Jumla,1.6203E+13,1,500,500,438,438,63,KM-0000,Guest,Not In-Debt,Full Paid,USR-002,
18/07/2026,9:41:51,MO:Malt-300ml,Soda,Vinywaji,6.20302E+12,1,600,600,400,400,200,KM-0000,Guest,Not In-Debt,Full Paid,USR-002,
18/07/2026,9:41:51,Uhai(W)-1L,Maji,Vinywaji,6.20301E+12,1,600,600,417,417,183,KM-0000,Guest,Not In-Debt,Full Paid,USR-002,
18/07/2026,9:41:51,Winston(R),Sigara & RIZLA,Sigara & RIZLA,,22,200,"4,400",128,"2,805","1,595",KM-0000,Guest,Not In-Debt,Full Paid,USR-002,
18/07/2026,9:41:51,Embassy,Sigara & RIZLA,Sigara & RIZLA,,6,400,"2,400",263,"1,575",825,KM-0000,Guest,Not In-Debt,Full Paid,USR-002,
18/07/2026,9:41:51,Mchele@1850,Mchele,Nafaka,,1,"2,000","2,000","1,850","1,850",150,KM-0000,Guest,Not In-Debt,Full Paid,USR-002,
18/07/2026,9:41:51,Maharage/Njano@2500,Maharage,Nafaka,,0.25,"3,000",750,"2,500",625,125,KM-0000,Guest,Not In-Debt,Full Paid,USR-002,
18/07/2026,11:39:55,Sukari(Kupima) - 50kg,Sukari,Viungo,,0.5,"3,000","1,500","2,360","1,180",320,KM-0000,Guest,Not In-Debt,Full Paid,USR-002,
18/07/2026,11:39:55,U-Fresh:Tube-Mango-80ml,Juisi,Vinywaji,6.203E+12,3,100,300,83,250,50,KM-0000,Guest,Not In-Debt,Full Paid,USR-002,
18/07/2026,11:39:55,Superblack-MDLSPA,Rangi : Nywele,Usafi:Binafsi,,1,"1,000","1,000",700,700,300,KM-0000,Guest,Not In-Debt,Full Paid,USR-002,
18/07/2026,14:48:12,Winston(R),Sigara & RIZLA,Sigara & RIZLA,,11,200,"2,200",128,"1,403",798,KM-0000,Guest,Not In-Debt,Full Paid,USR-002,
18/07/2026,14:48:12,Nyota/Kali,Sigara & RIZLA,Sigara & RIZLA,,2,150,300,85,170,130,KM-0000,Guest,Not In-Debt,Full Paid,USR-002,
18/07/2026,14:48:12,Gesi:Bana,Gesi-Bana,Jikoni,,1,"5,000","5,000","2,500","2,500","2,500",KM-0000,Guest,Not In-Debt,Full Paid,USR-002,
18/07/2026,14:48:12,Sembe-25kg,Unga/Sembe,Nafaka,,1,"1,500","1,500","1,280","1,280",220,KM-0000,Guest,Not In-Debt,Full Paid,USR-002,
18/07/2026,14:48:12,Ngano-25kg,Unga/Ngano,Nafaka,,1,"2,000","2,000","1,500","1,500",500,KM-0000,Guest,Not In-Debt,Full Paid,USR-002,
18/07/2026,14:48:12,Mchele@1850,Mchele,Nafaka,,1.5,"2,000","3,000","1,850","2,775",225,KM-0000,Guest,Not In-Debt,Full Paid,USR-002,
18/07/2026,14:48:12,K-vant(S)-250ml,Spirit,Vinywaji,6.203E+12,3,"5,000","15,000","3,458","10,375","4,625",KM-0000,Guest,Not In-Debt,Full Paid,USR-002,
18/07/2026,14:48:12,Uhai(W)-1L,Maji,Vinywaji,6.20301E+12,2,600,"1,200",417,833,367,KM-0000,Guest,Not In-Debt,Full Paid,USR-002,
18/07/2026,14:48:12,Uhai(W)-1.6L,Maji,Vinywaji,6.20301E+12,1,800,800,500,500,300,KM-0000,Guest,Not In-Debt,Full Paid,USR-002,
18/07/2026,14:48:12,U-Fresh:Bottled-Mango-200ml,Juisi,Vinywaji,6.203E+12,2,300,600,250,500,100,KM-0000,Guest,Not In-Debt,Full Paid,USR-002,
18/07/2026,14:48:12,Smart Gin-200ml,Spirit,Vinywaji,6.20301E+12,1,"2,200","2,200","1,867","1,867",333,KM-0000,Guest,Not In-Debt,Full Paid,USR-002,
18/07/2026,14:48:12,Mafuta/Kupikia-20L,Mafuta : KULA,Viungo,,2,"6,000","12,000","4,150","8,300","3,700",KM-0000,Guest,Not In-Debt,Full Paid,USR-002,
18/07/2026,19:11:14,Uhai(W)-1L,Maji,Vinywaji,6.20301E+12,3,600,"1,800",417,"1,250",550,KM-0000,Guest,Not In-Debt,Full Paid,USR-002,
18/07/2026,19:11:14,Uhai(W)-1.6L,Maji,Vinywaji,6.20301E+12,2,800,"1,600",500,"1,000",600,KM-0000,Guest,Not In-Debt,Full Paid,USR-002,
18/07/2026,19:11:14,U-Fresh:Tube-Mango-80ml,Juisi,Vinywaji,6.203E+12,6,100,600,83,500,100,KM-0000,Guest,Not In-Debt,Full Paid,USR-002,
18/07/2026,19:11:14,Smart Gin-200ml,Spirit,Vinywaji,6.20301E+12,0.5,"2,200","1,100","1,867",933,167,KM-0000,Guest,Not In-Debt,Full Paid,USR-002,
18/07/2026,19:11:14,Jambo:Bolibo-300ml,Juisi,Vinywaji,6.203E+12,1,600,600,417,417,183,KM-0000,Guest,Not In-Debt,Full Paid,USR-002,
18/07/2026,19:11:14,Jambo:Cocopine-300ml,Juisi,Vinywaji,6.203E+12,1,600,600,417,417,183,KM-0000,Guest,Not In-Debt,Full Paid,USR-002,
18/07/2026,19:11:14,Afiya:Berries-300ml,Juisi,Vinywaji,2.5525E+12,4,600,"2,400",442,"1,767",633,KM-0000,Guest,Not In-Debt,Full Paid,USR-002,
18/07/2026,19:11:14,Jobo-200ml,Spirit,Vinywaji,6.20304E+12,0.5,"2,200","1,100","1,792",896,204,KM-0000,Guest,Not In-Debt,Full Paid,USR-002,
18/07/2026,19:11:14,MO:Passion-300ml,Soda,Vinywaji,,1,600,600,400,400,200,KM-0000,Guest,Not In-Debt,Full Paid,USR-002,
18/07/2026,19:11:14,Pepsi : 600ml,Soda,Vinywaji,6.2011E+12,2,"1,200","2,400",800,"1,600",800,KM-0000,Guest,Not In-Debt,Full Paid,USR-002,
18/07/2026,19:11:14,K-vant(S)-250ml,Spirit,Vinywaji,6.203E+12,1,"5,000","5,000","3,458","3,458","1,542",KM-0000,Guest,Not In-Debt,Full Paid,USR-002,
18/07/2026,19:11:14,MO:Chungwa-300ml,Soda,Vinywaji,6.20302E+12,1,600,600,442,442,158,KM-0000,Guest,Not In-Debt,Full Paid,USR-002,
18/07/2026,19:11:14,Sukari(Kupima) - 50kg,Sukari,Viungo,,0.25,"3,000",750,"2,360",590,160,KM-0000,Guest,Not In-Debt,Full Paid,USR-002,
18/07/2026,19:11:14,Neel-Salt-500g,Chumvi,Viungo,6.20301E+12,1,500,500,288,288,213,KM-0000,Guest,Not In-Debt,Full Paid,USR-002,
18/07/2026,19:11:14,Winston(R),Sigara & RIZLA,Sigara & RIZLA,,19,200,"3,800",128,"2,423","1,378",KM-0000,Guest,Not In-Debt,Full Paid,USR-002,
18/07/2026,19:11:14,Ngano-25kg,Unga/Ngano,Nafaka,,1,"2,000","2,000","1,500","1,500",500,KM-0000,Guest,Not In-Debt,Full Paid,USR-002,
18/07/2026,19:11:14,Sembe-25kg,Unga/Sembe,Nafaka,,0.5,"1,500",750,"1,280",640,110,KM-0000,Guest,Not In-Debt,Full Paid,USR-002,
18/07/2026,19:11:14,Mimi-6g,Snaki,Snaki,,1,100,100,83,83,17,KM-0000,Guest,Not In-Debt,Full Paid,USR-002,
18/07/2026,19:11:14,Pipi:Bigijii@50,Pipi/Bigijii,Vitamu,,9,50,450,36,320,130,KM-0000,Guest,Not In-Debt,Full Paid,USR-002,
18/07/2026,19:11:14,Pipi:Bigijii@100,Pipi/Bigijii,Vitamu,,1,100,100,70,70,30,KM-0000,Guest,Not In-Debt,Full Paid,USR-002,
18/07/2026,19:11:14,MO:(E)-300ML,E-Drink,Vinywaji,6.20302E+12,1,600,600,425,425,175,KM-0000,Guest,Not In-Debt,Full Paid,USR-002,
18/07/2026,19:11:14,Mosquito :COIL,Dawa Mbu : Koili,Afya,,2,250,500,130,260,240,KM-0000,Guest,Not In-Debt,Full Paid,USR-002,
18/07/2026,19:13:56,K-vant(S)-250ml,Spirit,Vinywaji,6.203E+12,1,"5,000","5,000","3,458","3,458","1,542",KM-0000,Guest,Not In-Debt,Full Paid,USR-002,
18/07/2026,19:13:56,Robin-Thread,Uzi : Nywele,Usafi:Binafsi,,1,"1,500","1,500","1,200","1,200",300,KM-0000,Guest,Not In-Debt,Full Paid,USR-002,
18/07/2026,19:15:41,Murua:Vanilla,Biskuti,Vitamu,7.92382E+11,4,600,"2,400",375,"1,500",900,KM-0000,Guest,Not In-Debt,Full Paid,USR-002,
18/07/2026,19:15:41,Murua:Strawberry,Biskuti,Vitamu,7.92382E+11,2,600,"1,200",375,750,450,KM-0000,Guest,Not In-Debt,Full Paid,USR-002,
18/07/2026,19:15:41,Murua:Chocolate,Biskuti,Vitamu,7.92382E+11,1,600,600,375,375,225,KM-0000,Guest,Not In-Debt,Full Paid,USR-002,
18/07/2026,20:41:12,Mosquito :COIL,Dawa Mbu : Koili,Afya,,1,250,250,130,130,120,KM-0000,Guest,Not In-Debt,Full Paid,USR-002,
18/07/2026,20:41:12,Taifa(S),Gesi:Mtungi,Gesi:Mtungi,,1,"26,000","26,000","23,500","23,500","2,500",KM-0000,Guest,Not In-Debt,Full Paid,USR-002,
18/07/2026,20:41:12,Mimi-6g,Snaki,Snaki,,2,100,200,83,167,33,KM-0000,Guest,Not In-Debt,Full Paid,USR-002,
18/07/2026,20:41:12,Pipi:Bigijii@50,Pipi/Bigijii,Vitamu,,21,50,"1,050",36,747,303,KM-0000,Guest,Not In-Debt,Full Paid,USR-002,
18/07/2026,20:41:12,Pipi:Bigijii@100,Pipi/Bigijii,Vitamu,,1,100,100,70,70,30,KM-0000,Guest,Not In-Debt,Full Paid,USR-002,
18/07/2026,20:41:12,Winston(R),Sigara & RIZLA,Sigara & RIZLA,,5,200,"1,000",128,638,363,KM-0000,Guest,Not In-Debt,Full Paid,USR-002,
18/07/2026,20:41:12,Smart Gin-200ml,Spirit,Vinywaji,6.20301E+12,0.5,"2,200","1,100","1,867",933,167,KM-0000,Guest,Not In-Debt,Full Paid,USR-002,
18/07/2026,20:41:12,Uhai(W)-1.6L,Maji,Vinywaji,6.20301E+12,2,800,"1,600",500,"1,000",600,KM-0000,Guest,Not In-Debt,Full Paid,USR-002,
18/07/2026,21:02:48,Nyota/Kali,Sigara & RIZLA,Sigara & RIZLA,,4,150,600,85,340,260,KM-0000,Guest,Not In-Debt,Full Paid,USR-002,
18/07/2026,21:02:48,Winston(R),Sigara & RIZLA,Sigara & RIZLA,,1,200,200,128,128,73,KM-0000,Guest,Not In-Debt,Full Paid,USR-002,
18/07/2026,21:02:48,Jambo:Cocopine-300ml,Juisi,Vinywaji,6.203E+12,1,600,600,417,417,183,KM-0000,Guest,Not In-Debt,Full Paid,USR-002,
18/07/2026,21:15:14,Embassy,Sigara & RIZLA,Sigara & RIZLA,,1,400,400,263,263,138,KM-0000,Guest,Not In-Debt,Full Paid,USR-002,
18/07/2026,21:15:14,Winston(R),Sigara & RIZLA,Sigara & RIZLA,,3,200,600,128,383,218,KM-0000,Guest,Not In-Debt,Full Paid,USR-002,
18/07/2026,21:15:14,Double(KK)-200ml,Spirit,Vinywaji,6.20301E+12,0.5,"2,200","1,100","1,867",933,167,KM-0000,Guest,Not In-Debt,Full Paid,USR-002,
18/07/2026,21:48:46,Smart Gin-200ml,Spirit,Vinywaji,6.20301E+12,0.5,"2,200","1,100","1,867",933,167,KM-0000,Guest,Not In-Debt,Full Paid,USR-002,
18/07/2026,21:48:46,Winston(R),Sigara & RIZLA,Sigara & RIZLA,,6,200,"1,200",128,765,435,KM-0000,Guest,Not In-Debt,Full Paid,USR-002,
18/07/2026,21:48:46,Double(KK)-200ml,Spirit,Vinywaji,6.20301E+12,0.5,"2,200","1,100","1,867",933,167,KM-0000,Guest,Not In-Debt,Full Paid,USR-002,
18/07/2026,21:48:46,Master(R),Sigara & RIZLA,Sigara & RIZLA,,1,150,150,120,120,30,KM-0000,Guest,Not In-Debt,Full Paid,USR-002,
18/07/2026,22:00:56,Winston(R),Sigara & RIZLA,Sigara & RIZLA,,6,200,"1,200",128,765,435,KM-0000,Guest,Not In-Debt,Full Paid,USR-002,
18/07/2026,22:00:56,Softcare(P)-(6-9Kg),Pampasi/Diaper,Usafi:Mtoto,,2,500,"1,000",250,500,500,KM-0000,Guest,Not In-Debt,Full Paid,USR-002,
18/07/2026,22:13:26,Fanta-Orange-600ml,Soda,Vinywaji,5.449E+12,1,"1,000","1,000",833,833,167,KM-0000,Guest,Not In-Debt,Full Paid,USR-002,
18/07/2026,22:13:26,Uhai(W)-1L,Maji,Vinywaji,6.20301E+12,1,600,600,417,417,183,KM-0000,Guest,Not In-Debt,Full Paid,USR-002,
18/07/2026,22:13:26,Murua:Milk,Biskuti,Vitamu,7.92382E+11,1,300,300,160,160,140,KM-0000,Guest,Not In-Debt,Full Paid,USR-002,
18/07/2026,22:41:50,Winston(R),Sigara & RIZLA,Sigara & RIZLA,,2,200,400,128,255,145,KM-0000,Guest,Not In-Debt,Full Paid,USR-002,
18/07/2026,22:41:50,Mosquito :COIL,Dawa Mbu : Koili,Afya,,2,250,500,130,260,240,KM-0000,Guest,Not In-Debt,Full Paid,USR-002,
18/07/2026,22:41:50,Mchele@2000,Mchele,Nafaka,,1,"2,400","2,400","2,000","2,000",400,KM-0000,Guest,Not In-Debt,Full Paid,USR-002,
18/07/2026,22:57:02,Winston(R),Sigara & RIZLA,Sigara & RIZLA,,5,200,"1,000",128,638,363,KM-0000,Guest,Not In-Debt,Full Paid,USR-002,
19/07/2026,13:53:04,Doffi-160g,Sabuni : UNGA,Usafi:Jumla,1.6203E+13,1,500,500,438,438,63,KM-0000,Guest,Not In-Debt,Full Paid,USR-002,
19/07/2026,13:53:04,Mchele@1850,Mchele,Nafaka,,2,"2,000","4,000","1,850","3,700",300,KM-0000,Guest,Not In-Debt,Full Paid,USR-002,
19/07/2026,13:53:04,Sembe-25kg,Unga/Sembe,Nafaka,,2,"1,500","3,000","1,280","2,560",440,KM-0000,Guest,Not In-Debt,Full Paid,USR-002,
19/07/2026,13:53:04,Nyota/Kali,Sigara & RIZLA,Sigara & RIZLA,,20,150,"3,000",85,"1,700","1,300",KM-0000,Guest,Not In-Debt,Full Paid,USR-002,
19/07/2026,13:53:04,Winston(R),Sigara & RIZLA,Sigara & RIZLA,,19,200,"3,800",128,"2,423","1,378",KM-0000,Guest,Not In-Debt,Full Paid,USR-002,
19/07/2026,13:53:04,Niceone-180g,Sabuni : UNGA,Usafi:Jumla,6.20302E+12,2,500,"1,000",438,875,125,KM-0000,Guest,Not In-Debt,Full Paid,USR-002,
19/07/2026,13:53:04,Sukari(Kupima) - 50kg,Sukari,Viungo,,0.75,"3,000","2,250","2,360","1,770",480,KM-0000,Guest,Not In-Debt,Full Paid,USR-002,
19/07/2026,13:53:04,Serengeti:(Lg),Bia,Vinywaji,4.98654E+12,3,"2,200","6,600","1,788","5,363","1,238",KM-0000,Guest,Not In-Debt,Full Paid,USR-002,
19/07/2026,13:53:04,Fanta-Orange-600ml,Soda,Vinywaji,5.449E+12,5,"1,000","5,000",833,"4,167",833,KM-0000,Guest,Not In-Debt,Full Paid,USR-002,
19/07/2026,13:53:04,Azam:(E)-300ML,E-Drink,Vinywaji,6.00964E+12,1,700,700,521,521,179,KM-0000,Guest,Not In-Debt,Full Paid,USR-002,
19/07/2026,14:04:53,Mimi-6g,Snaki,Snaki,,4,100,400,83,333,67,KM-0000,Guest,Not In-Debt,Full Paid,USR-002,
19/07/2026,14:04:53,Pipi:Bigijii@100,Pipi/Bigijii,Vitamu,,2,100,200,70,140,60,KM-0000,Guest,Not In-Debt,Full Paid,USR-002,
19/07/2026,14:10:03,Smart Gin-200ml,Spirit,Vinywaji,6.20301E+12,1,"2,200","2,200","1,842","1,842",358,KM-0000,Guest,Not In-Debt,Full Paid,USR-002,
19/07/2026,14:26:18,Uhai(W)-1.6L,Maji,Vinywaji,6.20301E+12,1,800,800,"3,400","3,400","-2,600",KM-0000,Guest,Not In-Debt,Full Paid,USR-002,
19/07/2026,14:26:18,Mafuta/Kupikia-20L,Mafuta : KULA,Viungo,,1,"6,000","6,000","4,150","4,150","1,850",KM-0000,Guest,Not In-Debt,Full Paid,USR-002,
19/07/2026,14:26:18,Mchele@1850,Mchele,Nafaka,,1.25,"2,000","2,500","1,850","2,313",188,KM-0000,Guest,Not In-Debt,Full Paid,USR-002,
19/07/2026,14:26:40,Mimi-6g,Snaki,Snaki,,1,100,100,83,83,17,KM-0000,Guest,Not In-Debt,Full Paid,USR-002,
19/07/2026,14:28:32,Niceone-400g,Sabuni : UNGA,Usafi:Jumla,6.20302E+12,1,"1,000","1,000",883,883,117,KM-0000,Guest,Not In-Debt,Full Paid,USR-002,
19/07/2026,15:04:58,Sembe-25kg,Unga/Sembe,Nafaka,,0.5,"1,500",750,"1,280",640,110,KM-0000,Guest,Not In-Debt,Full Paid,USR-002,
19/07/2026,15:24:15,Mayai@Kizungu,Mayai: Kizungu,Viungo,,5,400,"2,000",317,"1,583",417,KM-0000,Guest,Not In-Debt,Full Paid,USR-002,
19/07/2026,15:24:15,Winston(R),Sigara & RIZLA,Sigara & RIZLA,,2,200,400,128,255,145,KM-0000,Guest,Not In-Debt,Full Paid,USR-002,
19/07/2026,17:09:21,Azam-Cola-300ml,Soda,Vinywaji,6.20301E+12,1,600,600,438,438,163,KM-0000,Guest,Not In-Debt,Full Paid,USR-002,
19/07/2026,17:09:21,Portsman,Sigara & RIZLA,Sigara & RIZLA,,1,300,300,225,225,75,KM-0000,Guest,Not In-Debt,Full Paid,USR-002,
19/07/2026,17:09:21,Doffi-160g,Sabuni : UNGA,Usafi:Jumla,1.6203E+13,1,500,500,438,438,63,KM-0000,Guest,Not In-Debt,Full Paid,USR-002,
19/07/2026,17:09:21,Winston(R),Sigara & RIZLA,Sigara & RIZLA,,6,200,"1,200",128,765,435,KM-0000,Guest,Not In-Debt,Full Paid,USR-002,
19/07/2026,17:22:09,Pipi:Bigijii@50,Pipi/Bigijii,Vitamu,,8,50,400,36,284,116,KM-0000,Guest,Not In-Debt,Full Paid,USR-002,
19/07/2026,17:22:09,Smart Gin-200ml,Spirit,Vinywaji,6.20301E+12,0.5,"2,200","1,100","1,842",921,179,KM-0000,Guest,Not In-Debt,Full Paid,USR-002,
19/07/2026,17:22:09,Winston(R),Sigara & RIZLA,Sigara & RIZLA,,13,200,"2,600",128,"1,658",943,KM-0000,Guest,Not In-Debt,Full Paid,USR-002,
19/07/2026,18:15:35,Neel-Salt-200g,Chumvi,Viungo,6.20301E+12,1,300,300,167,167,133,KM-0000,Guest,Not In-Debt,Full Paid,USR-002,
19/07/2026,18:15:35,Mchele@1850,Mchele,Nafaka,,0.5,"2,000","1,000","1,850",925,75,KM-0000,Guest,Not In-Debt,Full Paid,USR-002,
19/07/2026,18:53:14,Tambi-25kg (Kupima),Spaghetti,Nafaka,,0.75,"2,800","2,100","2,080","1,560",540,KM-0000,Guest,Not In-Debt,Full Paid,USR-002,
19/07/2026,18:53:14,Pipi:Bigijii@100,Pipi/Bigijii,Vitamu,,5,100,500,70,350,150,KM-0000,Guest,Not In-Debt,Full Paid,USR-002,
19/07/2026,19:26:55,Mchele@1850,Mchele,Nafaka,,2,"2,000","4,000","1,850","3,700",300,KM-0000,Guest,Not In-Debt,Full Paid,USR-002,
19/07/2026,19:26:55,Niceone-400g,Sabuni : UNGA,Usafi:Jumla,6.20302E+12,1,"1,000","1,000",883,883,117,KM-0000,Guest,Not In-Debt,Full Paid,USR-002,
19/07/2026,19:50:21,TopLine-100g,Mafuta(Mgando),Usafi:Binafsi,6.2011E+12,1,"1,200","1,200",833,833,367,KM-0000,Guest,Not In-Debt,Full Paid,USR-002,
19/07/2026,19:50:21,RIZLA,Sigara & RIZLA,Sigara & RIZLA,,1,800,800,700,700,100,KM-0000,Guest,Not In-Debt,Full Paid,USR-002,
19/07/2026,19:50:21,Winston(R),Sigara & RIZLA,Sigara & RIZLA,,12,200,"2,400",128,"1,530",870,KM-0000,Guest,Not In-Debt,Full Paid,USR-002,
19/07/2026,19:50:21,Portsman,Sigara & RIZLA,Sigara & RIZLA,,2,300,600,225,450,150,KM-0000,Guest,Not In-Debt,Full Paid,USR-002,
19/07/2026,19:50:21,Master(R),Sigara & RIZLA,Sigara & RIZLA,,1,150,150,100,100,50,KM-0000,Guest,Not In-Debt,Full Paid,USR-002,
19/07/2026,19:50:21,Sembe-25kg,Unga/Sembe,Nafaka,,1,"1,500","1,500","1,280","1,280",220,KM-0000,Guest,Not In-Debt,Full Paid,USR-002,
19/07/2026,19:50:21,Karanga,Karanga,Nafaka,,0.5,"6,000","3,000","4,200","2,100",900,KM-0000,Guest,Not In-Debt,Full Paid,USR-002,
19/07/2026,19:50:21,Uhai(W)-1.6L,Maji,Vinywaji,6.20301E+12,1,800,800,"3,400","3,400","-2,600",KM-0000,Guest,Not In-Debt,Full Paid,USR-002,
19/07/2026,19:50:21,Mayai@Kizungu,Mayai: Kizungu,Viungo,,5,400,"2,000",317,"1,583",417,KM-0000,Guest,Not In-Debt,Full Paid,USR-002,
19/07/2026,19:58:52,Tambi-25kg (Kupima),Spaghetti,Nafaka,,0.5,"2,800","1,400","2,080","1,040",360,KM-0000,Guest,Not In-Debt,Full Paid,USR-002,
19/07/2026,19:58:52,Sukari(Kupima) - 50kg,Sukari,Viungo,,0.25,"3,000",750,"2,360",590,160,KM-0000,Guest,Not In-Debt,Full Paid,USR-002,
19/07/2026,19:58:52,Portsman,Sigara & RIZLA,Sigara & RIZLA,,1,300,300,225,225,75,KM-0000,Guest,Not In-Debt,Full Paid,USR-002,
19/07/2026,20:32:28,Softcare(P)-(6-9Kg),Pampasi/Diaper,Usafi:Mtoto,,7,500,"3,500",250,"1,750","1,750",KM-0000,Guest,Not In-Debt,Full Paid,USR-002,
19/07/2026,20:32:28,7up : 600ml,Soda,Vinywaji,,1,"1,200","1,200",875,875,325,KM-0000,Guest,Not In-Debt,Full Paid,USR-002,
19/07/2026,20:32:28,Uhai(W)-1.6L,Maji,Vinywaji,6.20301E+12,1,800,800,"3,400","3,400","-2,600",KM-0000,Guest,Not In-Debt,Full Paid,USR-002,
19/07/2026,20:32:28,Pepsi : 600ml,Soda,Vinywaji,6.2011E+12,1,"1,200","1,200",825,825,375,KM-0000,Guest,Not In-Debt,Full Paid,USR-002,
19/07/2026,20:32:28,K-vant(S)-250ml,Spirit,Vinywaji,6.203E+12,0.5,"5,000","2,500","3,458","1,729",771,KM-0000,Guest,Not In-Debt,Full Paid,USR-002,
19/07/2026,20:32:28,Jambo:Bolibo-300ml,Juisi,Vinywaji,6.203E+12,3,600,"1,800",442,"1,325",475,KM-0000,Guest,Not In-Debt,Full Paid,USR-002,
19/07/2026,20:32:28,Azam-Cola-300ml,Soda,Vinywaji,6.20301E+12,1,600,600,438,438,163,KM-0000,Guest,Not In-Debt,Full Paid,USR-002,
19/07/2026,20:44:29,Cocacola : 350ml,Soda,Vinywaji,,1,800,800,563,563,238,KM-0000,Guest,Not In-Debt,Full Paid,USR-002,
19/07/2026,20:44:29,Kiwembe : Dorco,Viwembe,Usafi:Binafsi,8.80104E+12,1,200,200,85,85,115,KM-0000,Guest,Not In-Debt,Full Paid,USR-002,
19/07/2026,21:17:14,Azam-Malt-300ml,Soda,Vinywaji,6.00964E+12,1,700,700,500,500,200,KM-0000,Guest,Not In-Debt,Full Paid,USR-002,
19/07/2026,21:17:14,K-vant(S)-250ml,Spirit,Vinywaji,6.203E+12,1,"5,000","5,000","3,458","3,458","1,542",KM-0000,Guest,Not In-Debt,Full Paid,USR-002,
19/07/2026,21:17:14,Embassy,Sigara & RIZLA,Sigara & RIZLA,,1,400,400,315,315,85,KM-0000,Guest,Not In-Debt,Full Paid,USR-002,
19/07/2026,21:17:14,Portsman,Sigara & RIZLA,Sigara & RIZLA,,1,300,300,225,225,75,KM-0000,Guest,Not In-Debt,Full Paid,USR-002,
19/07/2026,21:22:26,Neel-Salt-200g,Chumvi,Viungo,6.20301E+12,1,300,300,167,167,133,KM-0000,Guest,Not In-Debt,Full Paid,USR-002,
19/07/2026,21:22:26,Sukari(Kupima) - 50kg,Sukari,Viungo,,0.5,"3,000","1,500","2,360","1,180",320,KM-0000,Guest,Not In-Debt,Full Paid,USR-002,
19/07/2026,21:37:12,Mayai@Kizungu,Mayai: Kizungu,Viungo,,6,400,"2,400",317,"1,900",500,KM-0000,Guest,Not In-Debt,Full Paid,USR-002,
19/07/2026,21:37:12,Winston(R),Sigara & RIZLA,Sigara & RIZLA,,1,200,200,128,128,73,KM-0000,Guest,Not In-Debt,Full Paid,USR-002,
19/07/2026,21:43:35,Karanga,Karanga,Nafaka,,0.5,"6,000","3,000","4,200","2,100",900,KM-0000,Guest,Not In-Debt,Full Paid,USR-002,
19/07/2026,21:43:35,Winston(R),Sigara & RIZLA,Sigara & RIZLA,,17,200,"3,400",128,"2,168","1,233",KM-0000,Guest,Not In-Debt,Full Paid,USR-002,
19/07/2026,21:43:35,Mayai@Kizungu,Mayai: Kizungu,Viungo,,12,400,"4,800",317,"3,800","1,000",KM-0000,Guest,Not In-Debt,Full Paid,USR-002,
19/07/2026,21:43:35,Jambo:Cocopine-300ml,Juisi,Vinywaji,6.203E+12,1,600,600,442,442,158,KM-0000,Guest,Not In-Debt,Full Paid,USR-002,
19/07/2026,22:07:14,Winston(R),Sigara & RIZLA,Sigara & RIZLA,,15,200,"3,000",128,"1,913","1,088",KM-0000,Guest,Not In-Debt,Full Paid,USR-002,
19/07/2026,22:07:14,Karanga,Karanga,Nafaka,,0.25,"6,000","1,500","4,200","1,050",450,KM-0000,Guest,Not In-Debt,Full Paid,USR-002,
19/07/2026,22:07:14,MO:Malt-300ml,Soda,Vinywaji,6.20302E+12,1,600,600,400,400,200,KM-0000,Guest,Not In-Debt,Full Paid,USR-002,
19/07/2026,22:07:14,Fanta-Orange : 350ml,Soda,Vinywaji,,4,800,"3,200",563,"2,250",950,KM-0000,Guest,Not In-Debt,Full Paid,USR-002,
19/07/2026,22:42:14,Portsman,Sigara & RIZLA,Sigara & RIZLA,,1,300,300,225,225,75,KM-0000,Guest,Not In-Debt,Full Paid,USR-002,
19/07/2026,22:42:14,Winston(R),Sigara & RIZLA,Sigara & RIZLA,,1,200,200,128,128,73,KM-0000,Guest,Not In-Debt,Full Paid,USR-002,
19/07/2026,22:42:14,Mosquito :COIL,Dawa Mbu : Koili,Afya,,1,250,250,130,130,120,KM-0000,Guest,Not In-Debt,Full Paid,USR-002,
19/07/2026,22:42:14,"Tamu : Bakery Skonzi-4pcs@1,600",Skonzi,Nafaka,,1,500,500,400,400,100,KM-0000,Guest,Not In-Debt,Full Paid,USR-002,
19/07/2026,22:42:14,Niceone-180g,Sabuni : UNGA,Usafi:Jumla,6.20302E+12,1,500,500,438,438,63,KM-0000,Guest,Not In-Debt,Full Paid,USR-002,
19/07/2026,22:46:34,U-Fresh:Bottled-Mango-200ml,Juisi,Vinywaji,6.203E+12,4,300,"1,200",250,"1,000",200,KM-0000,Guest,Not In-Debt,Full Paid,USR-002,
19/07/2026,22:46:34,Winston(R),Sigara & RIZLA,Sigara & RIZLA,,7,200,"1,400",128,893,508,KM-0000,Guest,Not In-Debt,Full Paid,USR-002,
20/07/2026,9:11:38,Double(KK)-200ml,Spirit,Vinywaji,6.20301E+12,1,"2,200","2,200","1,867","1,867",333,KM-0000,Guest,Not In-Debt,Full Paid,USR-002,
20/07/2026,9:11:38,Jambo:Cocopine-300ml,Juisi,Vinywaji,6.203E+12,1,600,600,442,442,158,KM-0000,Guest,Not In-Debt,Full Paid,USR-002,
20/07/2026,9:11:38,Smart Gin-200ml,Spirit,Vinywaji,6.20301E+12,1,"2,200","2,200","1,842","1,842",358,KM-0000,Guest,Not In-Debt,Full Paid,USR-002,
20/07/2026,9:11:38,Niceone-180g,Sabuni : UNGA,Usafi:Jumla,6.20302E+12,1,500,500,438,438,63,KM-0000,Guest,Not In-Debt,Full Paid,USR-002,
20/07/2026,9:11:38,Softcare : Pedi,Taulo/Kike,Usafi:Binafsi,6.20301E+12,1,"2,000","2,000","1,500","1,500",500,KM-0000,Guest,Not In-Debt,Full Paid,USR-002,
20/07/2026,9:11:38,Murua:Chocolate,Biskuti,Vitamu,7.92382E+11,6,600,"3,600",375,"2,250","1,350",KM-0000,Guest,Not In-Debt,Full Paid,USR-002,
20/07/2026,9:11:38,Sukari(Kupima) - 50kg,Sukari,Viungo,,1,"3,000","3,000","2,360","2,360",640,KM-0000,Guest,Not In-Debt,Full Paid,USR-002,
20/07/2026,9:11:38,Winston(R),Sigara & RIZLA,Sigara & RIZLA,,5,200,"1,000",128,638,363,KM-0000,Guest,Not In-Debt,Full Paid,USR-002,
20/07/2026,9:11:38,SuperGlue : 3g,Gundi,Umeme/Ufundi,,1,500,500,292,292,208,KM-0000,Guest,Not In-Debt,Full Paid,USR-002,
20/07/2026,9:11:38,Kiberiti,Kiberiti : NJITI,Jikoni,,5,100,500,45,225,275,KM-0000,Guest,Not In-Debt,Full Paid,USR-002,
20/07/2026,9:11:38,Mchele@1850,Mchele,Nafaka,,0.25,"2,000",500,"1,850",463,38,KM-0000,Guest,Not In-Debt,Full Paid,USR-002,
20/07/2026,10:52:00,MO:Malt-300ml,Soda,Vinywaji,6.20302E+12,1,600,600,400,400,200,KM-0000,Guest,Not In-Debt,Full Paid,USR-002,
20/07/2026,10:55:18,Azam:(E)-300ML,E-Drink,Vinywaji,6.00964E+12,1,700,700,521,521,179,KM-0000,Guest,Not In-Debt,Full Paid,USR-002,
20/07/2026,10:55:18,Winston(R),Sigara & RIZLA,Sigara & RIZLA,,15,200,"3,000",128,"1,913","1,088",KM-0000,Guest,Not In-Debt,Full Paid,USR-002,
20/07/2026,15:55:53,Azam-Malt-300ml,Soda,Vinywaji,6.00964E+12,1,700,700,500,500,200,KM-0000,Guest,Not In-Debt,Full Paid,USR-002,
20/07/2026,15:55:53,Afiya:Berries-300ml,Juisi,Vinywaji,2.5525E+12,1,600,600,442,442,158,KM-0000,Guest,Not In-Debt,Full Paid,USR-002,
20/07/2026,15:55:53,Azam-Cola-300ml,Soda,Vinywaji,6.20301E+12,2,600,"1,200",438,875,325,KM-0000,Guest,Not In-Debt,Full Paid,USR-002,
20/07/2026,15:55:53,Jambo:Bolibo-300ml,Juisi,Vinywaji,6.203E+12,1,600,600,442,442,158,KM-0000,Guest,Not In-Debt,Full Paid,USR-002,
20/07/2026,15:55:53,Jobo-200ml,Spirit,Vinywaji,6.20304E+12,0.5,"2,200","1,100","1,792",896,204,KM-0000,Guest,Not In-Debt,Full Paid,USR-002,
20/07/2026,15:55:53,Double(KK)-200ml,Spirit,Vinywaji,6.20301E+12,1.5,"2,200","3,300","1,867","2,800",500,KM-0000,Guest,Not In-Debt,Full Paid,USR-002,
20/07/2026,15:55:53,Pepsi : 600ml,Soda,Vinywaji,6.2011E+12,4,"1,200","4,800",825,"3,300","1,500",KM-0000,Guest,Not In-Debt,Full Paid,USR-002,
20/07/2026,15:55:53,Uhai(W)-13L,Maji,Vinywaji,,1,"4,500","4,500","3,700","3,700",800,KM-0000,Guest,Not In-Debt,Full Paid,USR-002,
20/07/2026,15:55:53,Mafuta/Kupikia-20L,Mafuta : KULA,Viungo,,1,"6,000","6,000","4,150","4,150","1,850",KM-0000,Guest,Not In-Debt,Full Paid,USR-002,
20/07/2026,15:55:53,Habib Oud-50g,Mafuta(Mgando),Usafi:Binafsi,,1,600,600,458,458,142,KM-0000,Guest,Not In-Debt,Full Paid,USR-002,
20/07/2026,15:55:53,Dodoki : Mkono,Dodoki : Mkono,Usafi:Binafsi,,1,"1,000","1,000",667,667,333,KM-0000,Guest,Not In-Debt,Full Paid,USR-002,
20/07/2026,15:55:53,Mirinda-600ml,Soda,Vinywaji,,1,"1,200","1,200",850,850,350,KM-0000,Guest,Not In-Debt,Full Paid,USR-002,
20/07/2026,15:55:53,O-Gas(S),Gesi:Mtungi,Gesi:Mtungi,,1,"27,000","27,000","24,500","24,500","2,500",KM-0000,Guest,Not In-Debt,Full Paid,USR-002,
20/07/2026,15:55:53,Nyota/Kali,Sigara & RIZLA,Sigara & RIZLA,,13,150,"1,950",85,"1,105",845,KM-0000,Guest,Not In-Debt,Full Paid,USR-002,
20/07/2026,15:55:53,Portsman,Sigara & RIZLA,Sigara & RIZLA,,5,300,"1,500",225,"1,125",375,KM-0000,Guest,Not In-Debt,Full Paid,USR-002,
20/07/2026,15:55:53,Winston(R),Sigara & RIZLA,Sigara & RIZLA,,10,200,"2,000",128,"1,275",725,KM-0000,Guest,Not In-Debt,Full Paid,USR-002,
20/07/2026,15:55:53,Master(R),Sigara & RIZLA,Sigara & RIZLA,,3,150,450,100,300,150,KM-0000,Guest,Not In-Debt,Full Paid,USR-002,
20/07/2026,15:55:53,Mchele@1850,Mchele,Nafaka,,1,"2,000","2,000","1,850","1,850",150,KM-0000,Guest,Not In-Debt,Full Paid,USR-002,
20/07/2026,15:55:53,Maharage/Njano@2500,Maharage,Nafaka,,0.5,"3,000","1,500","2,500","1,250",250,KM-0000,Guest,Not In-Debt,Full Paid,USR-002,
20/07/2026,15:55:53,Sembe-25kg,Unga/Sembe,Nafaka,,0.75,"1,500","1,125","1,280",960,165,KM-0000,Guest,Not In-Debt,Full Paid,USR-002,
20/07/2026,16:20:18,Azam-Cola-300ml,Soda,Vinywaji,6.20301E+12,1,600,600,438,438,163,KM-0000,Guest,Not In-Debt,Full Paid,USR-002,
20/07/2026,16:20:18,U-Fresh:Bottled-Mango-200ml,Juisi,Vinywaji,6.203E+12,1,300,300,250,250,50,KM-0000,Guest,Not In-Debt,Full Paid,USR-002,
20/07/2026,16:20:18,Smart Gin-200ml,Spirit,Vinywaji,6.20301E+12,0.5,"2,200","1,100","1,842",921,179,KM-0000,Guest,Not In-Debt,Full Paid,USR-002,
20/07/2026,16:20:18,Murua:Milk,Biskuti,Vitamu,7.92382E+11,1,300,300,160,160,140,KM-0000,Guest,Not In-Debt,Full Paid,USR-002,
20/07/2026,16:59:16,Azam-Punch-300ml,Soda,Vinywaji,6.20301E+12,1,700,700,458,458,242,KM-0000,Guest,Not In-Debt,Full Paid,USR-002,
20/07/2026,16:59:16,Uhai(W)-1.6L,Maji,Vinywaji,6.20301E+12,1,800,800,912,912,-112,KM-0000,Guest,Not In-Debt,Full Paid,USR-002,
20/07/2026,16:59:16,Uhai(W)-1L,Maji,Vinywaji,6.20301E+12,2,600,"1,200",433,867,333,KM-0000,Guest,Not In-Debt,Full Paid,USR-002,
20/07/2026,17:00:40,Pipi:Bigijii@100,Pipi/Bigijii,Vitamu,,8,100,800,70,560,240,KM-0000,Guest,Not In-Debt,Full Paid,USR-002,
20/07/2026,17:00:40,Pipi:Bigijii@50,Pipi/Bigijii,Vitamu,,13,50,650,36,462,188,KM-0000,Guest,Not In-Debt,Full Paid,USR-002,
20/07/2026,17:20:58,Azam-Cola-300ml,Soda,Vinywaji,6.20301E+12,1,600,600,438,438,163,KM-0000,Guest,Not In-Debt,Full Paid,USR-002,
20/07/2026,17:20:58,Jambo:Bolibo-300ml,Juisi,Vinywaji,6.203E+12,1,600,600,442,442,158,KM-0000,Guest,Not In-Debt,Full Paid,USR-002,
20/07/2026,17:39:17,Mafuta/Kupikia-20L,Mafuta : KULA,Viungo,,1,"6,000","6,000","4,150","4,150","1,850",KM-0000,Guest,Not In-Debt,Full Paid,USR-002,
20/07/2026,17:39:17,Winston(R),Sigara & RIZLA,Sigara & RIZLA,,2,200,400,128,255,145,KM-0000,Guest,Not In-Debt,Full Paid,USR-002,
20/07/2026,17:39:17,Pipi:Bigijii@100,Pipi/Bigijii,Vitamu,,1,100,100,70,70,30,KM-0000,Guest,Not In-Debt,Full Paid,USR-002,
20/07/2026,17:49:13,Ngano-25kg,Unga/Ngano,Nafaka,,1,"2,000","2,000","1,500","1,500",500,KM-0000,Guest,Not In-Debt,Full Paid,USR-002,
20/07/2026,17:53:26,Smart Gin-200ml,Spirit,Vinywaji,6.20301E+12,1,"2,200","2,200","1,842","1,842",358,KM-0000,Guest,Not In-Debt,Full Paid,USR-002,
20/07/2026,17:53:26,Winston(R),Sigara & RIZLA,Sigara & RIZLA,,2,200,400,128,255,145,KM-0000,Guest,Not In-Debt,Full Paid,USR-002,
20/07/2026,17:53:26,Winston(K),Sigara & RIZLA,Sigara & RIZLA,,2,200,400,130,260,140,KM-0000,Guest,Not In-Debt,Full Paid,USR-002,
20/07/2026,17:56:52,Azam-Malt-300ml,Soda,Vinywaji,6.00964E+12,1,700,700,500,500,200,KM-0000,Guest,Not In-Debt,Full Paid,USR-002,
20/07/2026,18:09:25,Mayai@Kizungu,Mayai: Kizungu,Viungo,,3,400,"1,200",317,950,250,KM-0000,Guest,Not In-Debt,Full Paid,USR-002,
20/07/2026,18:09:25,Ngano-25kg,Unga/Ngano,Nafaka,,0.25,"2,000",500,"1,500",375,125,KM-0000,Guest,Not In-Debt,Full Paid,USR-002,
20/07/2026,18:09:25,Azam:Nazi-65mL,Nazi : Maji,Viungo,,1,"1,200","1,200",972,972,228,KM-0000,Guest,Not In-Debt,Full Paid,USR-002,
20/07/2026,18:09:25,Winston(R),Sigara & RIZLA,Sigara & RIZLA,,1,200,200,128,128,73,KM-0000,Guest,Not In-Debt,Full Paid,USR-002,
20/07/2026,18:10:19,Niceone-180g,Sabuni : UNGA,Usafi:Jumla,6.20302E+12,1,500,500,438,438,63,KM-0000,Guest,Not In-Debt,Full Paid,USR-002,
20/07/2026,18:38:49,Karanga,Karanga,Nafaka,,1,"6,000","6,000","4,200","4,200","1,800",KM-0000,Guest,Not In-Debt,Full Paid,USR-002,
20/07/2026,18:38:49,Winston(R),Sigara & RIZLA,Sigara & RIZLA,,4,200,800,128,510,290,KM-0000,Guest,Not In-Debt,Full Paid,USR-002,
20/07/2026,18:38:49,Azam:(E)-300ML,E-Drink,Vinywaji,6.00964E+12,1,700,700,521,521,179,KM-0000,Guest,Not In-Debt,Full Paid,USR-002,
20/07/2026,18:44:03,Winston(R),Sigara & RIZLA,Sigara & RIZLA,,5,200,"1,000",128,638,363,KM-0000,Guest,Not In-Debt,Full Paid,USR-002,
20/07/2026,19:05:56,Murua:Chocolate,Biskuti,Vitamu,7.92382E+11,1,600,600,375,375,225,KM-0000,Guest,Not In-Debt,Full Paid,USR-002,
20/07/2026,19:05:56,Mshumaa,MSHUMAA,Jikoni,6.203E+12,1,500,500,333,333,167,KM-0000,Guest,Not In-Debt,Full Paid,USR-002,
20/07/2026,19:05:56,Safari:(Lg),Bia,Vinywaji,6.2011E+12,1,"2,200","2,200","1,800","1,800",400,KM-0000,Guest,Not In-Debt,Full Paid,USR-002,
20/07/2026,19:05:56,Uhai(W)-1.6L,Maji,Vinywaji,6.20301E+12,1,800,800,912,912,-112,KM-0000,Guest,Not In-Debt,Full Paid,USR-002,
20/07/2026,19:55:56,Winston(R),Sigara & RIZLA,Sigara & RIZLA,,7,200,"1,400",128,893,508,KM-0000,Guest,Not In-Debt,Full Paid,USR-002,
20/07/2026,19:55:56,Master(R),Sigara & RIZLA,Sigara & RIZLA,,3,150,450,100,300,150,KM-0000,Guest,Not In-Debt,Full Paid,USR-002,
20/07/2026,19:55:56,Azam-Cola-300ml,Soda,Vinywaji,6.20301E+12,1,600,600,438,438,163,KM-0000,Guest,Not In-Debt,Full Paid,USR-002,
20/07/2026,19:55:56,Mayai@Kizungu,Mayai: Kizungu,Viungo,,1,400,400,317,317,83,KM-0000,Guest,Not In-Debt,Full Paid,USR-002,
20/07/2026,19:55:56,Sukari(Kupima) - 50kg,Sukari,Viungo,,0.25,"3,000",750,"2,360",590,160,KM-0000,Guest,Not In-Debt,Full Paid,USR-002,
20/07/2026,19:55:56,Mimi-6g,Snaki,Snaki,,2,100,200,83,167,33,KM-0000,Guest,Not In-Debt,Full Paid,USR-002,
20/07/2026,19:55:56,Pipi:Bigijii@100,Pipi/Bigijii,Vitamu,,2,100,200,70,140,60,KM-0000,Guest,Not In-Debt,Full Paid,USR-002,
20/07/2026,19:55:56,Pipi:Bigijii@50,Pipi/Bigijii,Vitamu,,7,50,350,36,249,101,KM-0000,Guest,Not In-Debt,Full Paid,USR-002,
20/07/2026,19:55:56,U-Fresh:Tube-Mango-80ml,Juisi,Vinywaji,6.203E+12,4,100,400,83,333,67,KM-0000,Guest,Not In-Debt,Full Paid,USR-002,
20/07/2026,19:55:56,Portsman,Sigara & RIZLA,Sigara & RIZLA,,1,300,300,225,225,75,KM-0000,Guest,Not In-Debt,Full Paid,USR-002,
20/07/2026,20:07:57,Ngano-25kg,Unga/Ngano,Nafaka,,0.75,"2,000","1,500","1,500","1,125",375,KM-0000,Guest,Not In-Debt,Full Paid,USR-002,
20/07/2026,20:07:57,RIZLA,Sigara & RIZLA,Sigara & RIZLA,,2,800,"1,600",700,"1,400",200,KM-0000,Guest,Not In-Debt,Full Paid,USR-002,
20/07/2026,20:07:57,Portsman,Sigara & RIZLA,Sigara & RIZLA,,1,300,300,225,225,75,KM-0000,Guest,Not In-Debt,Full Paid,USR-002,
20/07/2026,20:07:57,Winston(R),Sigara & RIZLA,Sigara & RIZLA,,12,200,"2,400",128,"1,530",870,KM-0000,Guest,Not In-Debt,Full Paid,USR-002,
20/07/2026,20:11:12,Azam:(E)-300ML,E-Drink,Vinywaji,6.00964E+12,1,700,700,521,521,179,KM-0000,Guest,Not In-Debt,Full Paid,USR-002,
20/07/2026,20:39:07,Smart Gin-200ml,Spirit,Vinywaji,6.20301E+12,0.5,"2,200","1,100","1,842",921,179,KM-0000,Guest,Not In-Debt,Full Paid,USR-002,
20/07/2026,20:39:07,Winston(R),Sigara & RIZLA,Sigara & RIZLA,,2,200,400,128,255,145,KM-0000,Guest,Not In-Debt,Full Paid,USR-002,
20/07/2026,20:39:07,Sembe-25kg,Unga/Sembe,Nafaka,,0.25,"1,500",375,"1,280",320,55,KM-0000,Guest,Not In-Debt,Full Paid,USR-002,
20/07/2026,20:39:07,Konyagi(S)- 200ml,Spirit,Vinywaji,6.20301E+12,0.3,"5,000","1,500","3,975","1,193",308,KM-0000,Guest,Not In-Debt,Full Paid,USR-002,
20/07/2026,20:56:38,Whitewash(BS),Sabuni-(Mche),Usafi:Jumla,,1,700,700,583,583,117,KM-0000,Guest,Not In-Debt,Full Paid,USR-002,
20/07/2026,20:56:38,Smart Gin-200ml,Spirit,Vinywaji,6.20301E+12,0.5,"2,200","1,100","1,842",921,179,KM-0000,Guest,Not In-Debt,Full Paid,USR-002,
20/07/2026,21:04:20,Mchele@1850,Mchele,Nafaka,,0.25,"2,000",500,"1,850",463,38,KM-0000,Guest,Not In-Debt,Full Paid,USR-002,
20/07/2026,21:04:20,Diclopar-550mg,Dawa : Maumivu,Afya,,2,100,200,50,100,100,KM-0000,Guest,Not In-Debt,Full Paid,USR-002,
20/07/2026,21:04:20,Pipi:Bigijii@50,Pipi/Bigijii,Vitamu,,4,50,200,36,142,58,KM-0000,Guest,Not In-Debt,Full Paid,USR-002,
20/07/2026,21:04:20,Softcare(P)-(6-9Kg),Pampasi/Diaper,Usafi:Mtoto,,2,500,"1,000",250,500,500,KM-0000,Guest,Not In-Debt,Full Paid,USR-002,
20/07/2026,21:04:20,Softcare(P)-(9-15),Pampasi/Diaper,Usafi:Mtoto,,1,500,500,350,350,150,KM-0000,Guest,Not In-Debt,Full Paid,USR-002,
20/07/2026,21:13:06,Fanta-Orange : 350ml,Soda,Vinywaji,,1,800,800,563,563,238,KM-0000,Guest,Not In-Debt,Full Paid,USR-002,
20/07/2026,21:13:06,Uhai(W)-1L,Maji,Vinywaji,6.20301E+12,1,600,600,433,433,167,KM-0000,Guest,Not In-Debt,Full Paid,USR-002,
20/07/2026,21:41:20,Portsman,Sigara & RIZLA,Sigara & RIZLA,,2,300,600,225,450,150,KM-0000,Guest,Not In-Debt,Full Paid,USR-002,
20/07/2026,21:41:20,Mirinda-Black : 350ml,Soda,Vinywaji,,1,700,700,500,500,200,KM-0000,Guest,Not In-Debt,Full Paid,USR-002,
20/07/2026,21:41:20,Mosquito :COIL,Dawa Mbu : Koili,Afya,,2,250,500,130,260,240,KM-0000,Guest,Not In-Debt,Full Paid,USR-002,
20/07/2026,21:41:20,Smart Gin-200ml,Spirit,Vinywaji,6.20301E+12,0.5,"2,200","1,100","1,842",921,179,KM-0000,Guest,Not In-Debt,Full Paid,USR-002,
20/07/2026,22:02:55,Rexa(TP),Toilet-Paper,Usafi:Jumla,6.00961E+12,1,"1,000","1,000",525,525,475,KM-0000,Guest,Not In-Debt,Full Paid,USR-002,
20/07/2026,22:02:55,Sembe-25kg,Unga/Sembe,Nafaka,,2,"1,500","3,000","1,280","2,560",440,KM-0000,Guest,Not In-Debt,Full Paid,USR-002,
20/07/2026,22:02:55,Smart Gin-200ml,Spirit,Vinywaji,6.20301E+12,0.5,"2,200","1,100","1,842",921,179,KM-0000,Guest,Not In-Debt,Full Paid,USR-002,
20/07/2026,22:05:31,Safari:(Lg),Bia,Vinywaji,6.2011E+12,1,"2,200","2,200","1,800","1,800",400,KM-0000,Guest,Not In-Debt,Full Paid,USR-002,
20/07/2026,22:05:31,Winston(R),Sigara & RIZLA,Sigara & RIZLA,,2,200,400,128,255,145,KM-0000,Guest,Not In-Debt,Full Paid,USR-002,
20/07/2026,22:21:51,Smart Gin-200ml,Spirit,Vinywaji,6.20301E+12,1.5,"2,200","3,300","1,842","2,763",538,KM-0000,Guest,Not In-Debt,Full Paid,USR-002,
20/07/2026,22:21:51,Winston(R),Sigara & RIZLA,Sigara & RIZLA,,3,200,600,128,383,218,KM-0000,Guest,Not In-Debt,Full Paid,USR-002,
20/07/2026,22:21:51,Azam-Cola-300ml,Soda,Vinywaji,6.20301E+12,1,600,600,438,438,163,KM-0000,Guest,Not In-Debt,Full Paid,USR-002,
20/07/2026,22:36:56,Mosquito :COIL,Dawa Mbu : Koili,Afya,,1,250,250,130,130,120,KM-0000,Guest,Not In-Debt,Full Paid,USR-002,
20/07/2026,22:36:56,Winston(R),Sigara & RIZLA,Sigara & RIZLA,,8,200,"1,600",128,"1,020",580,KM-0000,Guest,Not In-Debt,Full Paid,USR-002,
20/07/2026,22:36:56,Portsman,Sigara & RIZLA,Sigara & RIZLA,,2,300,600,225,450,150,KM-0000,Guest,Not In-Debt,Full Paid,USR-002,
20/07/2026,22:36:56,Nyota/Kali,Sigara & RIZLA,Sigara & RIZLA,,5,150,750,85,425,325,KM-0000,Guest,Not In-Debt,Full Paid,USR-002,
20/07/2026,22:36:56,Karanga,Karanga,Nafaka,,0.25,"6,000","1,500","4,200","1,050",450,KM-0000,Guest,Not In-Debt,Full Paid,USR-002,
20/07/2026,22:36:56,Azam-Cola-300ml,Soda,Vinywaji,6.20301E+12,1,600,600,438,438,163,KM-0000,Guest,Not In-Debt,Full Paid,USR-002,
20/07/2026,22:52:08,Winston(R),Sigara & RIZLA,Sigara & RIZLA,,2,200,400,128,255,145,KM-0000,Guest,Not In-Debt,Full Paid,USR-002,
20/07/2026,22:52:08,Portsman,Sigara & RIZLA,Sigara & RIZLA,,1,300,300,225,225,75,KM-0000,Guest,Not In-Debt,Full Paid,USR-002,
20/07/2026,22:52:08,Nyota/Kali,Sigara & RIZLA,Sigara & RIZLA,,3,150,450,85,255,195,KM-0000,Guest,Not In-Debt,Full Paid,USR-002,
20/07/2026,22:52:08,Murua:Chocolate,Biskuti,Vitamu,7.92382E+11,1,600,600,375,375,225,KM-0000,Guest,Not In-Debt,Full Paid,USR-002,
20/07/2026,22:52:08,Azam-Malt-300ml,Soda,Vinywaji,6.00964E+12,1,700,700,500,500,200,KM-0000,Guest,Not In-Debt,Full Paid,USR-002,
20/07/2026,22:52:08,Pipi:Bigijii@100,Pipi/Bigijii,Vitamu,,2,100,200,70,140,60,KM-0000,Guest,Not In-Debt,Full Paid,USR-002,
21/07/2026,9:57:59,Safari:(Lg),Bia,Vinywaji,6.2011E+12,2,"2,200","4,400","1,800","3,600",800,KM-0000,Guest,Not In-Debt,Full Paid,USR-002,
21/07/2026,9:57:59,Smart Gin-200ml,Spirit,Vinywaji,6.20301E+12,4,"2,200","8,800","1,842","7,367","1,433",KM-0000,Guest,Not In-Debt,Full Paid,USR-002,
21/07/2026,9:57:59,Azam-Punch-300ml,Soda,Vinywaji,6.20301E+12,2,700,"1,400",458,917,483,KM-0000,Guest,Not In-Debt,Full Paid,USR-002,
21/07/2026,9:57:59,Uhai(W)-1.6L,Maji,Vinywaji,6.20301E+12,1,800,800,912,912,-112,KM-0000,Guest,Not In-Debt,Full Paid,USR-002,
21/07/2026,9:57:59,Sukari(Kupima) - 50kg,Sukari,Viungo,,0.25,"3,000",750,"2,360",590,160,KM-0000,Guest,Not In-Debt,Full Paid,USR-002,
21/07/2026,9:57:59,Mayai@Kizungu,Mayai: Kizungu,Viungo,,5,400,"2,000",317,"1,583",417,KM-0000,Guest,Not In-Debt,Full Paid,USR-002,
21/07/2026,9:57:59,Kiberiti,Kiberiti : NJITI,Jikoni,,3,100,300,45,135,165,KM-0000,Guest,Not In-Debt,Full Paid,USR-002,
21/07/2026,9:57:59,Mchele@2000,Mchele,Nafaka,,0.5,"2,400","1,200","2,000","1,000",200,KM-0000,Guest,Not In-Debt,Full Paid,USR-002,
21/07/2026,9:57:59,Maharage/Njano@2500,Maharage,Nafaka,,0.25,"3,000",750,"2,500",625,125,KM-0000,Guest,Not In-Debt,Full Paid,USR-002,
21/07/2026,9:57:59,Embassy,Sigara & RIZLA,Sigara & RIZLA,,2,400,800,315,630,170,KM-0000,Guest,Not In-Debt,Full Paid,USR-002,
21/07/2026,9:57:59,Portsman,Sigara & RIZLA,Sigara & RIZLA,,2,300,600,225,450,150,KM-0000,Guest,Not In-Debt,Full Paid,USR-002,
21/07/2026,9:57:59,Winston(R),Sigara & RIZLA,Sigara & RIZLA,,13,200,"2,600",128,"1,658",943,KM-0000,Guest,Not In-Debt,Full Paid,USR-002,
21/07/2026,9:57:59,Niceone-400g,Sabuni : UNGA,Usafi:Jumla,6.20302E+12,2,"1,000","2,000",883,"1,767",233,KM-0000,Guest,Not In-Debt,Full Paid,USR-002,
21/07/2026,9:57:59,Whitewash(BS),Sabuni-(Mche),Usafi:Jumla,,1,700,700,583,583,117,KM-0000,Guest,Not In-Debt,Full Paid,USR-002,
21/07/2026,9:57:59,Doffi-160g,Sabuni : UNGA,Usafi:Jumla,1.6203E+13,1,500,500,438,438,63,KM-0000,Guest,Not In-Debt,Full Paid,USR-002,
21/07/2026,9:57:59,Mafuta/Kupikia-20L,Mafuta : KULA,Viungo,,0.5,"6,000","3,000","4,150","2,075",925,KM-0000,Guest,Not In-Debt,Full Paid,USR-002,
21/07/2026,10:10:48,Safari:(Lg),Bia,Vinywaji,6.2011E+12,1,"2,200","2,200","1,800","1,800",400,KM-0000,Guest,Not In-Debt,Full Paid,USR-002,
21/07/2026,10:10:48,Winston(R),Sigara & RIZLA,Sigara & RIZLA,,1,200,200,128,128,73,KM-0000,Guest,Not In-Debt,Full Paid,USR-002,
21/07/2026,10:25:42,Double(KK)-200ml,Spirit,Vinywaji,6.20301E+12,1,"2,200","2,200","1,867","1,867",333,KM-0000,Guest,Not In-Debt,Full Paid,USR-002,
21/07/2026,19:34:25,Azam-Cola-300ml,Soda,Vinywaji,6.20301E+12,1,600,600,438,438,163,KM-0000,Guest,Not In-Debt,Full Paid,USR-002,
21/07/2026,19:34:25,Azam:(E)-300ML,E-Drink,Vinywaji,6.00964E+12,1,700,700,521,521,179,KM-0000,Guest,Not In-Debt,Full Paid,USR-002,
21/07/2026,19:34:25,Mshumaa,MSHUMAA,Jikoni,6.203E+12,1,500,500,333,333,167,KM-0000,Guest,Not In-Debt,Full Paid,USR-002,
21/07/2026,19:34:25,Karanga,Karanga,Nafaka,,0.25,"6,000","1,500","4,200","1,050",450,KM-0000,Guest,Not In-Debt,Full Paid,USR-002,
21/07/2026,19:34:25,Winston(R),Sigara & RIZLA,Sigara & RIZLA,,7,200,"1,400",128,893,508,KM-0000,Guest,Not In-Debt,Full Paid,USR-002,
21/07/2026,19:34:25,Portsman,Sigara & RIZLA,Sigara & RIZLA,,2,300,600,225,450,150,KM-0000,Guest,Not In-Debt,Full Paid,USR-002,
21/07/2026,19:34:25,Viva(T),Tishu,Usafi:Jumla,6.203E+12,1,"1,500","1,500","1,100","1,100",400,KM-0000,Guest,Not In-Debt,Full Paid,USR-002,
21/07/2026,19:34:25,Nyota/Kali,Sigara & RIZLA,Sigara & RIZLA,,5,150,750,85,425,325,KM-0000,Guest,Not In-Debt,Full Paid,USR-002,
21/07/2026,19:34:25,Niceone-180g,Sabuni : UNGA,Usafi:Jumla,6.20302E+12,1,500,500,438,438,63,KM-0000,Guest,Not In-Debt,Full Paid,USR-002,
21/07/2026,19:34:25,Serengeti:(Lg),Bia,Vinywaji,4.98654E+12,1,"2,200","2,200","1,788","1,788",413,KM-0000,Guest,Not In-Debt,Full Paid,USR-002,
21/07/2026,19:34:25,Mayai@Kizungu,Mayai: Kizungu,Viungo,,1,400,400,317,317,83,KM-0000,Guest,Not In-Debt,Full Paid,USR-002,
21/07/2026,19:41:37,U-Fresh:Tube-Mango-80ml,Juisi,Vinywaji,6.203E+12,1,100,100,83,83,17,KM-0000,Guest,Not In-Debt,Full Paid,USR-002,
21/07/2026,19:41:37,Pipi:Bigijii@50,Pipi/Bigijii,Vitamu,,8,50,400,36,284,116,KM-0000,Guest,Not In-Debt,Full Paid,USR-002,
21/07/2026,19:41:37,Mimi-6g,Snaki,Snaki,,3,100,300,83,250,50,KM-0000,Guest,Not In-Debt,Full Paid,USR-002,
21/07/2026,19:55:47,Softcare(P)-(9-15),Pampasi/Diaper,Usafi:Mtoto,,2,500,"1,000",350,700,300,KM-0000,Guest,Not In-Debt,Full Paid,USR-002,
21/07/2026,19:55:47,Smart Gin-200ml,Spirit,Vinywaji,6.20301E+12,0.5,"2,200","1,100","1,842",921,179,KM-0000,Guest,Not In-Debt,Full Paid,USR-002,
21/07/2026,19:55:47,Winston(R),Sigara & RIZLA,Sigara & RIZLA,,2,200,400,128,255,145,KM-0000,Guest,Not In-Debt,Full Paid,USR-002,
21/07/2026,19:55:47,TopLine-100g,Mafuta(Mgando),Usafi:Binafsi,6.2011E+12,1,"1,200","1,200",833,833,367,KM-0000,Guest,Not In-Debt,Full Paid,USR-002,
21/07/2026,20:07:36,Banister-Pure-100ML,Mafuta : Gliserini,Usafi:Binafsi,6.1611E+12,1,"1,000","1,000",833,833,167,KM-0000,Guest,Not In-Debt,Full Paid,USR-002,
21/07/2026,20:12:42,Azam-Cola-300ml,Soda,Vinywaji,6.20301E+12,1,600,600,438,438,163,KM-0000,Guest,Not In-Debt,Full Paid,USR-002,
21/07/2026,20:12:42,Safari:(Lg),Bia,Vinywaji,6.2011E+12,2,"2,200","4,400","1,800","3,600",800,KM-0000,Guest,Not In-Debt,Full Paid,USR-002,
21/07/2026,20:12:42,Smart Gin-200ml,Spirit,Vinywaji,6.20301E+12,0.5,"2,200","1,100","1,842",921,179,KM-0000,Guest,Not In-Debt,Full Paid,USR-002,
21/07/2026,20:12:42,Winston(R),Sigara & RIZLA,Sigara & RIZLA,,4,200,800,128,510,290,KM-0000,Guest,Not In-Debt,Full Paid,USR-002,
21/07/2026,21:39:07,Azam:Nazi-65mL,Nazi : Maji,Viungo,,1,"1,200","1,200",972,972,228,KM-0000,Guest,Not In-Debt,Full Paid,USR-002,
21/07/2026,21:39:07,Jobo-200ml,Spirit,Vinywaji,6.20304E+12,0.5,"2,200","1,100","1,792",896,204,KM-0000,Guest,Not In-Debt,Full Paid,USR-002,
21/07/2026,21:39:07,Softcare(P)-(9-15),Pampasi/Diaper,Usafi:Mtoto,,1,500,500,350,350,150,KM-0000,Guest,Not In-Debt,Full Paid,USR-002,
21/07/2026,21:39:07,Mosquito :COIL,Dawa Mbu : Koili,Afya,,3,250,750,130,390,360,KM-0000,Guest,Not In-Debt,Full Paid,USR-002,
21/07/2026,21:58:58,MO:Malt-300ml,Soda,Vinywaji,6.20302E+12,3,600,"1,800",400,"1,200",600,KM-0000,Guest,Not In-Debt,Full Paid,USR-002,
21/07/2026,21:58:58,Jobo-200ml,Spirit,Vinywaji,6.20304E+12,0.5,"2,200","1,100","1,792",896,204,KM-0000,Guest,Not In-Debt,Full Paid,USR-002,
21/07/2026,21:58:58,Winston(R),Sigara & RIZLA,Sigara & RIZLA,,3,200,600,128,383,218,KM-0000,Guest,Not In-Debt,Full Paid,USR-002,
21/07/2026,21:58:58,Portsman,Sigara & RIZLA,Sigara & RIZLA,,1,300,300,225,225,75,KM-0000,Guest,Not In-Debt,Full Paid,USR-002,
21/07/2026,21:58:58,Nyota/Kali,Sigara & RIZLA,Sigara & RIZLA,,1,150,150,85,85,65,KM-0000,Guest,Not In-Debt,Full Paid,USR-002,
21/07/2026,21:58:58,U-Fresh:Bottled-Mango-200ml,Juisi,Vinywaji,6.203E+12,1,300,300,250,250,50,KM-0000,Guest,Not In-Debt,Full Paid,USR-002,
21/07/2026,21:58:58,MO:(E)-300ML,E-Drink,Vinywaji,6.20302E+12,1,600,600,425,425,175,KM-0000,Guest,Not In-Debt,Full Paid,USR-002,
21/07/2026,22:12:10,Niceone-180g,Sabuni : UNGA,Usafi:Jumla,6.20302E+12,1,500,500,438,438,63,KM-0000,Guest,Not In-Debt,Full Paid,USR-002,
21/07/2026,22:12:10,Smart Gin-200ml,Spirit,Vinywaji,6.20301E+12,0.5,"2,200","1,100","1,842",921,179,KM-0000,Guest,Not In-Debt,Full Paid,USR-002,
21/07/2026,22:12:10,Winston(R),Sigara & RIZLA,Sigara & RIZLA,,4,200,800,128,510,290,KM-0000,Guest,Not In-Debt,Full Paid,USR-002,
21/07/2026,22:25:10,Softcare(P)-(9-15),Pampasi/Diaper,Usafi:Mtoto,,1,500,500,350,350,150,KM-0000,Guest,Not In-Debt,Full Paid,USR-002,
21/07/2026,22:25:10,Safari:(Lg),Bia,Vinywaji,6.2011E+12,1,"2,200","2,200","1,800","1,800",400,KM-0000,Guest,Not In-Debt,Full Paid,USR-002,
21/07/2026,22:58:41,K-vant(S)-250ml,Spirit,Vinywaji,6.203E+12,1.5,"5,000","7,500","3,458","5,188","2,313",KM-0000,Guest,Not In-Debt,Full Paid,USR-002,
21/07/2026,22:58:41,Azam-Cola-300ml,Soda,Vinywaji,6.20301E+12,1,600,600,438,438,163,KM-0000,Guest,Not In-Debt,Full Paid,USR-002,
22/07/2026,8:51:51,MO:(E)-300ML,E-Drink,Vinywaji,6.20302E+12,1,600,600,425,425,175,KM-0000,Guest,Not In-Debt,Full Paid,USR-002,
22/07/2026,8:51:51,Smart Gin-200ml,Spirit,Vinywaji,6.20301E+12,1,"2,200","2,200","1,842","1,842",358,KM-0000,Guest,Not In-Debt,Full Paid,USR-002,
22/07/2026,8:51:51,Uhai(W)-1.6L,Maji,Vinywaji,6.20301E+12,1,800,800,912,912,-112,KM-0000,Guest,Not In-Debt,Full Paid,USR-002,
22/07/2026,8:51:51,Sukari(Kupima) - 50kg,Sukari,Viungo,,0.25,"3,000",750,"2,360",590,160,KM-0000,Guest,Not In-Debt,Full Paid,USR-002,
22/07/2026,8:51:51,Chai-2g,Pakiti : Majani Chai,Viungo,,4,50,200,33,133,67,KM-0000,Guest,Not In-Debt,Full Paid,USR-002,
22/07/2026,8:51:51,Soksi(SL)-20-22,Soksi : Shule,Usafi:Mtoto,,1,"1,000","1,000",458,458,542,KM-0000,Guest,Not In-Debt,Full Paid,USR-002,
22/07/2026,8:51:51,Mosquito :COIL,Dawa Mbu : Koili,Afya,,1,250,250,130,130,120,KM-0000,Guest,Not In-Debt,Full Paid,USR-002,
22/07/2026,8:51:51,Diclopar-550mg,Dawa : Maumivu,Afya,,2,100,200,50,100,100,KM-0000,Guest,Not In-Debt,Full Paid,USR-002,
22/07/2026,8:51:51,Kleesoft-180g,Sabuni : UNGA,Usafi:Jumla,1.6203E+13,1,500,500,438,438,63,KM-0000,Guest,Not In-Debt,Full Paid,USR-002,
22/07/2026,8:51:51,Doffi-160g,Sabuni : UNGA,Usafi:Jumla,1.6203E+13,1,500,500,438,438,63,KM-0000,Guest,Not In-Debt,Full Paid,USR-002,
22/07/2026,8:51:51,Winston(R),Sigara & RIZLA,Sigara & RIZLA,,5,200,"1,000",128,638,363,KM-0000,Guest,Not In-Debt,Full Paid,USR-002,
22/07/2026,8:51:51,Kiberiti,Kiberiti : NJITI,Jikoni,,2,100,200,45,90,110,KM-0000,Guest,Not In-Debt,Full Paid,USR-002,
22/07/2026,8:51:51,Maharage/Njano@2500,Maharage,Nafaka,,0.25,"3,000",750,"2,500",625,125,KM-0000,Guest,Not In-Debt,Full Paid,USR-002,
22/07/2026,8:51:51,Karanga,Karanga,Nafaka,,0.25,"6,000","1,500","4,200","1,050",450,KM-0000,Guest,Not In-Debt,Full Paid,USR-002,
22/07/2026,8:51:51,Mimi-6g,Snaki,Snaki,,1,100,100,83,83,17,KM-0000,Guest,Not In-Debt,Full Paid,USR-002,
22/07/2026,9:00:09,Azam-Malt-300ml,Soda,Vinywaji,6.00964E+12,3,700,"2,100",500,"1,500",600,KM-0000,Guest,Not In-Debt,Full Paid,USR-002,
22/07/2026,9:00:09,Taifa(L),Gesi:Mtungi,Gesi:Mtungi,,1,"61,000","61,000","55,000","55,000","6,000",KM-0000,Guest,Not In-Debt,Full Paid,USR-002,
22/07/2026,9:44:39,Azam-Cola-300ml,Soda,Vinywaji,6.20301E+12,1,600,600,438,438,163,KM-0000,Guest,Not In-Debt,Full Paid,USR-002,
22/07/2026,9:44:39,MO:(E)-300ML,E-Drink,Vinywaji,6.20302E+12,1,600,600,425,425,175,KM-0000,Guest,Not In-Debt,Full Paid,USR-002,
22/07/2026,9:44:39,Winston(R),Sigara & RIZLA,Sigara & RIZLA,,2,200,400,128,255,145,KM-0000,Guest,Not In-Debt,Full Paid,USR-002,
22/07/2026,10:11:00,Winston(R),Sigara & RIZLA,Sigara & RIZLA,,3,200,600,128,383,218,KM-0000,Guest,Not In-Debt,Full Paid,USR-002,
22/07/2026,10:11:00,Nyota/Kali,Sigara & RIZLA,Sigara & RIZLA,,3,150,450,85,255,195,KM-0000,Guest,Not In-Debt,Full Paid,USR-002,
22/07/2026,10:51:48,Pipi:Bigijii@50,Pipi/Bigijii,Vitamu,,6,50,300,36,213,87,KM-0000,Guest,Not In-Debt,Full Paid,USR-002,
22/07/2026,10:51:48,Whitewash(BS),Sabuni-(Mche),Usafi:Jumla,,1,700,700,583,583,117,KM-0000,Guest,Not In-Debt,Full Paid,USR-002,
22/07/2026,11:05:17,Robin-Thread,Uzi : Nywele,Usafi:Binafsi,,3,"1,500","4,500","1,200","3,600",900,KM-0000,Guest,Not In-Debt,Full Paid,USR-002,
22/07/2026,11:34:04,Smart Gin-200ml,Spirit,Vinywaji,6.20301E+12,1,"2,200","2,200","1,842","1,842",358,KM-0000,Guest,Not In-Debt,Full Paid,USR-002,
22/07/2026,11:34:04,Murua:Strawberry,Biskuti,Vitamu,7.92382E+11,1,600,600,375,375,225,KM-0000,Guest,Not In-Debt,Full Paid,USR-002,
22/07/2026,11:34:04,Portsman,Sigara & RIZLA,Sigara & RIZLA,,1,300,300,225,225,75,KM-0000,Guest,Not In-Debt,Full Paid,USR-002,
22/07/2026,11:34:04,Afiya:Berries-300ml,Juisi,Vinywaji,2.5525E+12,1,600,600,442,442,158,KM-0000,Guest,Not In-Debt,Full Paid,USR-002,
22/07/2026,11:41:30,Mafuta/Kupikia-20L,Mafuta : KULA,Viungo,,1,"6,000","6,000","4,150","4,150","1,850",KM-0000,Guest,Not In-Debt,Full Paid,USR-002,
2/28/2026,11:18:19,Niceone-400g,,Usafi:Jumla,6.20302E+12,2,"1,000.00","2,000.00",837.5,"1,675.00",325,,,,,,
2/28/2026,11:18:19,Azam-Cola-300ML,,Vinywaji,6.20301E+12,1,500,500,423.55,423.55,76.45,,,,,,
2/28/2026,11:18:19,Uhai(W)-1.6L,,Vinywaji,6.20301E+12,1,700,700,498.15,498.15,201.85,,,,,,
2/28/2026,11:29:13,Winston(R),,Sigara & RIZLA,0,7,200,"1,400.00",130.53,913.68,486.32,,,,,,
2/28/2026,14:54:51,Uhai(W)-1.6L,,Vinywaji,6.20301E+12,1,700,700,498.15,498.15,201.85,,,,,,
2/28/2026,15:01:27,Sembe-25kg,,Nafaka,0,2,"1,500.00","3,000.00","1,180.00","2,360.00",640,,,,,,
2/28/2026,15:01:27,Winston(R),,Sigara & RIZLA,0,15,200,"3,000.00",130.53,"1,957.89","1,042.11",,,,,,
2/28/2026,15:01:27,Nyota/Kali,,Sigara & RIZLA,0,3,150,450,85.48,256.43,193.57,,,,,,
2/28/2026,15:01:27,Pipi/Bigijii@100,,Vitamu,0,2,100,200,59.76,119.51,80.49,,,,,,
2/28/2026,15:01:27,Pipi/Bigijii@50,,Vitamu,0,4,50,200,31.63,126.53,73.47,,,,,,
2/28/2026,19:47:16,Mirinda-600mL,,Vinywaji,6.2011E+12,1,"1,000.00","1,000.00",830.3,830.3,169.7,,,,,,
2/28/2026,19:47:16,K-vant(L)- 750ML,,Vinywaji,6.204E+12,1,"11,000.00","11,000.00","9,574.67","9,574.67","1,425.33",,,,,,
2/28/2026,19:47:16,Konyagi(S)- 200ML,,Vinywaji,6.20301E+12,1,"3,800.00","3,800.00","3,523.81","3,523.81",276.19,,,,,,
2/28/2026,19:53:24,Jobo-200ML,,Vinywaji,6.20304E+12,1,"2,000.00","2,000.00","1,723.96","1,723.96",276.04,,,,,,
2/28/2026,20:03:01,Azam-Cola-300ML,,Vinywaji,6.20301E+12,1,500,500,423.55,423.55,76.45,,,,,,
2/28/2026,20:03:01,Jambo:Cocopine-300ml,,Vinywaji,6.203E+12,1,500,500,417.29,417.29,82.71,,,,,,
2/28/2026,20:25:31,Pipi/Bigijii@300,,Vitamu,0,1,300,300,220,220,80,,,,,,
2/28/2026,20:32:20,Jambo:Cocopine-300ml,,Vinywaji,6.203E+12,1,500,500,417.29,417.29,82.71,,,,,,
2/28/2026,21:08:19,Azam-Cola-300ML,,Vinywaji,6.20301E+12,1,500,500,423.55,423.55,76.45,,,,,,
2/28/2026,21:50:41,Uhai(W)-1.6L,,Vinywaji,6.20301E+12,1,700,700,498.15,498.15,201.85,,,,,,
2/28/2026,21:50:41,Azam-Cola-300ML,,Vinywaji,6.20301E+12,1,500,500,423.55,423.55,76.45,,,,,,
3/2/2026,17:34:41,Double(KK)-200ml,,Vinywaji,6.20301E+12,1,"2,000.00","2,000.00","1,794.67","1,794.67",205.33,,,,,,
3/2/2026,17:34:41,Uhai(W)-1.6L,,Vinywaji,6.20301E+12,1,700,700,498.15,498.15,201.85,,,,,,
3/2/2026,17:34:41,Jambo:Bolibo-300ml,,Vinywaji,6.203E+12,2,500,"1,000.00",428.57,857.14,142.86,,,,,,
3/2/2026,17:34:41,Azam-Cola-300ML,,Vinywaji,6.20301E+12,8,500,"4,000.00",423.55,"3,388.39",611.61,,,,,,
3/2/2026,17:47:09,Ngano-25kg,,Nafaka,0,2.3,"1,800.00","4,050.00","1,507.14","3,391.07",658.93,,,,,,
3/2/2026,17:47:09,Sembe-25kg,,Nafaka,0,1.3,"1,500.00","1,875.00","1,180.00","1,475.00",400,,,,,,
3/2/2026,17:47:09,Master(R),,Sigara & RIZLA,0,7,150,"1,050.00",104.65,732.57,317.43,,,,,,
3/2/2026,17:47:09,Winston(R),,Sigara & RIZLA,0,19,200,"3,800.00",130.53,"2,480.00","1,320.00",,,,,,
3/2/2026,17:47:09,Master(K),,Sigara & RIZLA,0,2,150,300,100.76,201.53,98.47,,,,,,
3/2/2026,17:47:09,RIZLA,,Sigara & RIZLA,0,1,800,800,550,550,250,,,,,,
3/2/2026,17:47:09,Pipi/Bigijii@50,,Vitamu,0,6,50,300,31.63,189.8,110.2,,,,,,
3/2/2026,17:47:09,Pipi/Bigijii@300,,Vitamu,0,1,300,300,220,220,80,,,,,,
3/2/2026,17:51:47,Pepsi : 350ml,,Vinywaji,0,1,600,600,500,500,100,,,,,,
3/2/2026,18:00:51,Pakiti/Ajinomoto,,Viungo,0,1,100,100,42.86,42.86,57.14,,,,,,
3/2/2026,18:37:35,Jambo:Cocopine-300ml,,Vinywaji,6.203E+12,1,500,500,417.29,417.29,82.71,,,,,,
3/2/2026,20:12:17,Winston(R),,Sigara & RIZLA,0,6,200,"1,200.00",130.53,783.16,416.84,,,,,,
3/2/2026,20:12:17,Smart Gin-200ML,,Vinywaji,6.20301E+12,2,"2,000.00","4,000.00","1,744.28","3,488.56",511.44,,,,,,
3/2/2026,20:12:17,Pepsi : 350ml,,Vinywaji,0,2,600,"1,200.00",500,"1,000.00",200,,,,,,
3/2/2026,20:12:17,Winston(R),,Sigara & RIZLA,0,3,200,600,130.18,390.54,209.46,,,,,,
3/2/2026,20:12:17,Sembe-25kg,,Nafaka,0,1,"1,500.00","1,500.00","1,180.00","1,180.00",320,,,,,,
3/2/2026,20:12:17,Uhai(W)-1L,,Vinywaji,6.20301E+12,1,500,500,417.49,417.49,82.51,,,,,,
3/2/2026,20:13:07,Uhai(W)-1L,,Vinywaji,6.20301E+12,1,500,500,417.49,417.49,82.51,,,,,,
3/2/2026,20:26:55,Double(KK)-200ml,,Vinywaji,6.20301E+12,1,"2,000.00","2,000.00","1,794.67","1,794.67",205.33,,,,,,
3/2/2026,20:26:55,Pepsi : 350ml,,Vinywaji,0,2,600,"1,200.00",500,"1,000.00",200,,,,,,
3/2/2026,20:26:55,Winston(R),,Sigara & RIZLA,0,11,200,"2,200.00",130.53,"1,435.79",764.21,,,,,,
3/2/2026,20:26:55,RIZLA,,Sigara & RIZLA,0,1,800,800,550,550,250,,,,,,
3/2/2026,21:23:46,Uhai(W)-1L,,Vinywaji,6.20301E+12,1,500,500,417.49,417.49,82.51,,,,,,
3/2/2026,21:23:46,Team(R),,Sigara & RIZLA,0,1,150,150,85,85,65,,,,,,
3/2/2026,21:23:46,Nyota/Kali,,Sigara & RIZLA,0,2,150,300,85.48,170.96,129.04,,,,,,
3/2/2026,21:29:29,Pepsi : 350ml,,Vinywaji,0,1,600,600,500,500,100,,,,,,
3/2/2026,21:45:51,Azam-Cola-300ML,,Vinywaji,6.20301E+12,1,500,500,423.55,423.55,76.45,,,,,,
3/2/2026,21:45:51,Winston(R),,Sigara & RIZLA,0,3,200,600,130.53,391.58,208.42,,,,,,
3/2/2026,22:12:51,Embassy,,Sigara & RIZLA,0,2,400,800,278.03,556.06,243.94,,,,,,
3/2/2026,22:23:04,Pipi/Bigijii@50,,Vitamu,0,8,50,400,31.63,253.06,146.94,,,,,,
3/2/2026,22:25:32,Kiwembe : Dorco,,Usafi:Binafsi,8.80104E+12,2,150,300,85,170,130,,,,,,
3/2/2026,22:28:35,Mosquito :COIL,,Afya,0,5,250,"1,250.00",140,700,550,,,,,,
3/2/2026,22:28:35,Master(K),,Sigara & RIZLA,0,3,150,450,100.76,302.29,147.71,,,,,,
3/2/2026,22:54:30,Winston(R),,Sigara & RIZLA,0,1,200,200,130.53,130.53,69.47,,,,,,
3/2/2026,22:54:30,Nyota/Kali,,Sigara & RIZLA,0,20,150,"3,000.00",85.48,"1,709.56","1,290.44",,,,,,
3/3/2026,9:48:57,Niceone-400g,,Usafi:Jumla,6.20302E+12,1,"1,000.00","1,000.00",837.5,837.5,162.5,,,,,,
3/3/2026,9:51:59,Winston(R),,Sigara & RIZLA,0,13,200,"2,600.00",130.53,"1,696.84",903.16,,,,,,
3/3/2026,11:14:55,Nyota/Kali,,Sigara & RIZLA,0,2,150,300,85.48,170.96,129.04,,,,,,
3/3/2026,11:14:55,Pipi/Bigijii@100,,Vitamu,0,1,100,100,59.76,59.76,40.24,,,,,,
3/3/2026,11:14:55,Winston(R),,Sigara & RIZLA,0,1,200,200,130.53,130.53,69.47,,,,,,
3/3/2026,11:14:55,Master(K),,Sigara & RIZLA,0,2,150,300,100.76,201.53,98.47,,,,,,
3/3/2026,11:16:26,Uhai(W)-1L,,Vinywaji,6.20301E+12,1,500,500,417.49,417.49,82.51,,,,,,
3/3/2026,12:14:46,Pipi/Bigijii@150,,Vitamu,0,1,150,150,100,100,50,,,,,,
3/3/2026,12:14:46,Master(K),,Sigara & RIZLA,0,20,150,"3,000.00",100.76,"2,015.25",984.75,,,,,,
3/3/2026,12:15:28,K-vant(L)- 750ML,,Vinywaji,6.204E+12,1,"11,000.00","11,000.00","9,574.67","9,574.67","1,425.33",,,,,,
3/3/2026,12:21:31,Winston(R),,Sigara & RIZLA,0,3,200,600,130.53,391.58,208.42,,,,,,
3/3/2026,15:55:11,Azam-Cola-300ML,,Vinywaji,6.20301E+12,1,500,500,423.55,423.55,76.45,,,,,,
3/3/2026,15:55:11,Cocacola : 350mL,,Vinywaji,0,1,700,700,558.3,558.3,141.7,,,,,,
3/3/2026,15:55:11,Jambo:Bolibo-300ml,,Vinywaji,6.203E+12,1,500,500,428.57,428.57,71.43,,,,,,
3/3/2026,16:48:15,Ngano-25kg,,Nafaka,0,1.5,"1,800.00","2,700.00","1,507.14","2,260.71",439.29,,,,,,
3/3/2026,17:28:06,Azam-Cola-300ML,,Vinywaji,6.20301E+12,1,500,500,423.55,423.55,76.45,,,,,,
3/3/2026,18:04:12,Tambi-25kg (Kupima),,Nafaka,0,1,"2,800.00","2,800.00","2,140.00","2,140.00",660,,,,,,
3/3/2026,18:04:12,Team(R),,Sigara & RIZLA,0,1,150,150,85,85,65,,,,,,
3/3/2026,19:59:24,Jambo:Bolibo-300ml,,Vinywaji,6.203E+12,1,500,500,428.57,428.57,71.43,,,,,,
3/3/2026,19:59:24,Uhai(W)-1.6L,,Vinywaji,6.20301E+12,1,700,700,498.15,498.15,201.85,,,,,,
3/3/2026,19:59:24,Jambo:Cocopine-300ml,,Vinywaji,6.203E+12,1,500,500,417.29,417.29,82.71,,,,,,
3/3/2026,20:02:04,Winston(R),,Sigara & RIZLA,0,11,200,"2,200.00",130.53,"1,435.79",764.21,,,,,,
3/3/2026,20:02:04,Nyota/Kali,,Sigara & RIZLA,0,2,150,300,85.48,170.96,129.04,,,,,,
3/3/2026,20:02:04,Portsman,,Sigara & RIZLA,0,2,300,600,220.88,441.76,158.24,,,,,,
3/3/2026,20:08:43,Jambo:Cocopine-300ml,,Vinywaji,6.203E+12,1,500,500,417.29,417.29,82.71,,,,,,
3/3/2026,20:08:43,K-vant(S)-250ML,,Vinywaji,6.203E+12,2,"4,000.00","8,000.00","3,340.74","6,681.48","1,318.52",,,,,,
3/3/2026,20:16:08,Pipi/Bigijii@50,,Vitamu,0,4,50,200,31.63,126.53,73.47,,,,,,
3/3/2026,21:15:12,Azam-Malt-300ML,,Vinywaji,6.00964E+12,1,600,600,496.79,496.79,103.21,,,,,,
3/3/2026,21:16:49,Pipi/Bigijii@100,,Vitamu,0,4,100,400,59.76,239.02,160.98,,,,,,
3/3/2026,21:30:51,Uhai(W)-1.6L,,Vinywaji,6.20301E+12,1,700,700,498.15,498.15,201.85,,,,,,
3/3/2026,21:30:51,Winston(R),,Sigara & RIZLA,0,9,200,"1,800.00",130.53,"1,174.74",625.26,,,,,,
3/3/2026,21:30:51,Master(K),,Sigara & RIZLA,0,2,150,300,100.76,201.53,98.47,,,,,,
3/3/2026,21:47:11,Mosquito :COIL,,Afya,0,2,250,500,140,280,220,,,,,,
3/3/2026,21:48:50,Jambo:Bolibo-300ml,,Vinywaji,6.203E+12,1,500,500,428.57,428.57,71.43,,,,,,
3/3/2026,22:43:15,Winston(R),,Sigara & RIZLA,0,3,200,600,130.53,391.58,208.42,,,,,,
3/3/2026,22:43:15,Mosquito :COIL,,Afya,0,4,250,"1,000.00",140,560,440,,,,,,
3/4/2026,7:38:17,Winston(R),,Sigara & RIZLA,0,6,200,"1,200.00",130.53,783.16,416.84,,,,,,
3/4/2026,8:00:34,Winston(R),,Sigara & RIZLA,0,2,200,400,130.18,260.36,139.64,,,,,,
3/4/2026,9:06:36,Pipi/Bigijii@150,,Vitamu,0,3,150,450,100,300,150,,,,,,
3/4/2026,10:06:27,Sembe-25kg,,Nafaka,0,2,"1,500.00","3,000.00","1,180.00","2,360.00",640,,,,,,
3/4/2026,10:06:27,Winston(R),,Sigara & RIZLA,0,4,200,800,130.53,522.11,277.89,,,,,,
3/4/2026,10:06:27,Double(KK)-200ml,,Vinywaji,6.20301E+12,1,"2,000.00","2,000.00","1,794.67","1,794.67",205.33,,,,,,
3/4/2026,10:15:49,Winston(R),,Sigara & RIZLA,0,1,200,200,130.53,130.53,69.47,,,,,,
3/4/2026,10:19:21,Uhai(W)-1L,,Vinywaji,6.20301E+12,1,500,500,417.49,417.49,82.51,,,,,,
3/4/2026,10:52:34,Winston(R),,Sigara & RIZLA,0,2,200,400,130.18,260.36,139.64,,,,,,
3/4/2026,11:03:24,Azam-Cola-300ML,,Vinywaji,6.20301E+12,1,500,500,423.55,423.55,76.45,,,,,,
3/4/2026,11:03:42,Winston(R),,Sigara & RIZLA,0,1,200,200,130.18,130.18,69.82,,,,,,
3/4/2026,11:11:34,Team(R),,Sigara & RIZLA,0,1,150,150,85,85,65,,,,,,
3/4/2026,11:45:44,Winston(R),,Sigara & RIZLA,0,3,200,600,130.53,391.58,208.42,,,,,,
3/4/2026,11:53:35,Azam-Cola-300ML,,Vinywaji,6.20301E+12,1,500,500,423.55,423.55,76.45,,,,,,
3/4/2026,12:34:12,Azam-Cola-300ML,,Vinywaji,6.20301E+12,1,500,500,423.55,423.55,76.45,,,,,,
3/4/2026,12:34:12,Master(K),,Sigara & RIZLA,0,3,150,450,100.76,302.29,147.71,,,,,,
3/4/2026,12:50:37,Uhai(W)-1.6L,,Vinywaji,6.20301E+12,1,700,700,498.15,498.15,201.85,,,,,,
3/4/2026,14:22:51,Azam-Cola-300ML,,Vinywaji,6.20301E+12,3,500,"1,500.00",423.55,"1,270.65",229.35,,,,,,
3/4/2026,14:22:51,Cocacola : 350mL,,Vinywaji,0,1,700,700,558.3,558.3,141.7,,,,,,
3/4/2026,14:22:51,Winston(R),,Sigara & RIZLA,0,3,200,600,130.53,391.58,208.42,,,,,,
3/4/2026,14:24:39,Pipi/Bigijii@100,,Vitamu,0,1,100,100,59.76,59.76,40.24,,,,,,
3/4/2026,14:24:39,Nyota/Kali,,Sigara & RIZLA,0,1,150,150,85.48,85.48,64.52,,,,,,
3/4/2026,15:25:57,Winston(R),,Sigara & RIZLA,0,1,200,200,130.53,130.53,69.47,,,,,,
3/4/2026,15:43:19,Azam-Cola-300ML,,Vinywaji,6.20301E+12,1,500,500,423.55,423.55,76.45,,,,,,
3/4/2026,15:43:19,Winston(R),,Sigara & RIZLA,0,1,200,200,130.18,130.18,69.82,,,,,,
3/4/2026,15:53:58,LED Bulb-5W,,Umeme/Ufundi,0,2,"1,500.00","3,000.00",721.79,"1,443.58","1,556.42",,,,,,
3/4/2026,17:52:24,Embassy,,Sigara & RIZLA,0,1,400,400,278.03,278.03,121.97,,,,,,
3/4/2026,17:52:24,Winston(R),,Sigara & RIZLA,0,1,200,200,130.18,130.18,69.82,,,,,,
3/4/2026,18:47:56,Neel-Salt-200g,,Viungo,6.20301E+12,1,300,300,166.67,166.67,133.33,,,,,,
3/4/2026,18:56:01,K-vant(S)-250ML,,Vinywaji,6.203E+12,1,"4,000.00","4,000.00","3,340.74","3,340.74",659.26,,,,,,
3/4/2026,18:56:01,Azam-Cola-300ML,,Vinywaji,6.20301E+12,2,500,"1,000.00",423.55,847.1,152.9,,,,,,
3/4/2026,19:06:43,Winston(R),,Sigara & RIZLA,0,1,200,200,130.53,130.53,69.47,,,,,,
3/4/2026,20:55:07,Uhai(W)-1.6L,,Vinywaji,6.20301E+12,3,700,"2,100.00",498.15,"1,494.44",605.56,,,,,,
3/4/2026,20:55:07,Uhai(W)-1L,,Vinywaji,6.20301E+12,2,500,"1,000.00",417.49,834.98,165.02,,,,,,
3/4/2026,20:55:07,Azam-Cola-300ML,,Vinywaji,6.20301E+12,4,500,"2,000.00",423.55,"1,694.20",305.8,,,,,,
3/4/2026,20:55:07,Jambo:Bolibo-300ml,,Vinywaji,6.203E+12,1,500,500,428.57,428.57,71.43,,,,,,
3/4/2026,20:55:07,Double(KK)-200ml,,Vinywaji,6.20301E+12,2,"2,000.00","4,000.00","1,794.67","3,589.33",410.67,,,,,,
3/4/2026,20:55:07,Smart Gin-200ML,,Vinywaji,6.20301E+12,2,"2,000.00","4,000.00","1,744.28","3,488.56",511.44,,,,,,
3/4/2026,21:02:46,RIZLA,,Sigara & RIZLA,0,1,800,800,550,550,250,,,,,,
3/4/2026,21:02:46,Winston(R),,Sigara & RIZLA,0,16,200,"3,200.00",130.53,"2,088.42","1,111.58",,,,,,
3/4/2026,21:02:46,Team(R),,Sigara & RIZLA,0,1,150,150,85,85,65,,,,,,
3/4/2026,21:02:46,Master(K),,Sigara & RIZLA,0,6,150,900,100.76,604.58,295.42,,,,,,
3/4/2026,21:02:46,Winston(R),,Sigara & RIZLA,0,5,200,"1,000.00",130.18,650.89,349.11,,,,,,
3/4/2026,21:02:46,Nyota/Kali,,Sigara & RIZLA,0,2,150,300,85.48,170.96,129.04,,,,,,
3/4/2026,21:02:46,UDI : STIKI,,Usafi:Binafsi,0,3,50,150,23.81,71.43,78.57,,,,,,
3/4/2026,21:02:46,Sembe-25kg,,Nafaka,0,3.3,"1,500.00","4,875.00","1,180.00","3,835.00","1,040.00",,,,,,
3/4/2026,21:06:31,Winston(R),,Sigara & RIZLA,0,3,200,600,130.53,391.58,208.42,,,,,,
3/4/2026,21:06:31,Nyota/Kali,,Sigara & RIZLA,0,2,150,300,85.48,170.96,129.04,,,,,,
3/4/2026,21:47:34,Winston(R),,Sigara & RIZLA,0,1,200,200,130.53,130.53,69.47,,,,,,
3/4/2026,22:37:18,Cocacola : 350mL,,Vinywaji,0,1,700,700,558.3,558.3,141.7,,,,,,
3/4/2026,22:37:18,Jambo:Cocopine-300ml,,Vinywaji,6.203E+12,1,500,500,417.29,417.29,82.71,,,,,,
3/4/2026,22:37:18,Uhai(W)-1L,,Vinywaji,6.20301E+12,1,500,500,417.49,417.49,82.51,,,,,,
3/4/2026,22:37:18,Pakiti/Magadi,,Viungo,0,4,100,400,45.45,181.82,218.18,,,,,,
3/4/2026,22:37:18,Mosquito :COIL,,Afya,0,3,250,750,140,420,330,,,,,,
3/5/2026,10:03:00,Smart Gin-200ML,,Vinywaji,6.20301E+12,1.5,"2,000.00","3,000.00","1,744.28","2,616.42",383.58,,,,,,
3/5/2026,10:03:00,Azam-Malt-300ML,,Vinywaji,6.00964E+12,2,600,"1,200.00",496.79,993.59,206.41,,,,,,
3/5/2026,10:03:00,Cocacola : 350mL,,Vinywaji,0,1,700,700,558.3,558.3,141.7,,,,,,
3/5/2026,10:03:00,Mirinda-600mL,,Vinywaji,6.2011E+12,1,"1,000.00","1,000.00",830.3,830.3,169.7,,,,,,
3/5/2026,10:03:00,Ngano-25kg,,Nafaka,0,1.3,"1,800.00","2,250.00","1,507.14","1,883.93",366.07,,,,,,
3/5/2026,10:03:00,Winston(R),,Sigara & RIZLA,0,8,200,"1,600.00",130.53,"1,044.21",555.79,,,,,,
3/5/2026,10:03:00,Embassy,,Sigara & RIZLA,0,3,400,"1,200.00",278.03,834.09,365.91,,,,,,
3/5/2026,10:19:50,Jambo:Bolibo-300ml,,Vinywaji,6.203E+12,1,500,500,428.57,428.57,71.43,,,,,,
3/5/2026,11:12:54,Azam-Cola-300ML,,Vinywaji,6.20301E+12,1,500,500,423.55,423.55,76.45,,,,,,
3/5/2026,11:12:54,Uhai(W)-1L,,Vinywaji,6.20301E+12,1,500,500,417.49,417.49,82.51,,,,,,
3/5/2026,13:01:01,Azam-Cola-300ML,,Vinywaji,6.20301E+12,1,500,500,423.55,423.55,76.45,,,,,,
3/5/2026,13:01:01,Winston(R),,Sigara & RIZLA,0,2,200,400,130.53,261.05,138.95,,,,,,
3/5/2026,15:18:12,Winston(R),,Sigara & RIZLA,0,2,200,400,130.53,261.05,138.95,,,,,,
3/5/2026,15:18:12,Pepsi : 350ml,,Vinywaji,0,1,600,600,500,500,100,,,,,,
3/5/2026,15:28:51,Winston(R),,Sigara & RIZLA,0,1,200,200,130.53,130.53,69.47,,,,,,
3/5/2026,20:23:21,Winston(R),,Sigara & RIZLA,0,18,200,"3,600.00",130.53,"2,349.47","1,250.53",,,,,,
3/5/2026,20:23:21,Winston(R),,Sigara & RIZLA,0,5,200,"1,000.00",130.18,650.89,349.11,,,,,,
3/5/2026,20:23:21,RIZLA,,Sigara & RIZLA,0,8,800,"6,400.00",550,"4,400.00","2,000.00",,,,,,
3/5/2026,20:23:21,Master(R),,Sigara & RIZLA,0,3,150,450,104.65,313.96,136.04,,,,,,
3/5/2026,20:23:21,Nyota/Kali,,Sigara & RIZLA,0,1,150,150,85.48,85.48,64.52,,,,,,
3/5/2026,20:26:51,Sembe-25kg,,Nafaka,0,3.3,"1,500.00","4,875.00","1,180.00","3,835.00","1,040.00",,,,,,
3/5/2026,20:34:23,Uhai(W)-1.6L,,Vinywaji,6.20301E+12,1,700,700,498.15,498.15,201.85,,,,,,
3/5/2026,20:34:23,Uhai(W)-1L,,Vinywaji,6.20301E+12,1,500,500,417.49,417.49,82.51,,,,,,
3/5/2026,20:34:23,Pepsi : 350ml,,Vinywaji,0,2,600,"1,200.00",500,"1,000.00",200,,,,,,
3/5/2026,20:34:23,Cocacola : 350mL,,Vinywaji,0,2,700,"1,400.00",558.3,"1,116.60",283.4,,,,,,
3/5/2026,20:34:23,Jambo:Bolibo-300ml,,Vinywaji,6.203E+12,1,500,500,428.57,428.57,71.43,,,,,,
3/5/2026,20:34:23,Winston(R),,Sigara & RIZLA,0,1,200,200,130.53,130.53,69.47,,,,,,
3/5/2026,20:35:33,Niceone-180g,,Usafi:Jumla,6.20302E+12,2,500,"1,000.00",417.5,835,165,,,,,,
3/5/2026,20:35:33,Niceone-400g,,Usafi:Jumla,6.20302E+12,1,"1,000.00","1,000.00",837.5,837.5,162.5,,,,,,
3/5/2026,20:44:53,Master(R),,Sigara & RIZLA,0,3,150,450,104.65,313.96,136.04,,,,,,
3/5/2026,20:58:29,Winston(R),,Sigara & RIZLA,0,5,200,"1,000.00",130.53,652.63,347.37,,,,,,
3/5/2026,20:58:29,Jambo:Bolibo-300ml,,Vinywaji,6.203E+12,1,500,500,428.57,428.57,71.43,,,,,,
3/5/2026,20:58:29,Uhai(W)-1L,,Vinywaji,6.20301E+12,1,500,500,417.49,417.49,82.51,,,,,,
3/5/2026,21:00:04,Winston(R),,Sigara & RIZLA,0,1,200,200,130.18,130.18,69.82,,,,,,
3/5/2026,21:09:20,Winston(R),,Sigara & RIZLA,0,1,200,200,130.53,130.53,69.47,,,,,,
3/5/2026,21:18:34,Uhai(W)-1L,,Vinywaji,6.20301E+12,1,500,500,417.49,417.49,82.51,,,,,,
3/5/2026,21:49:34,Konyagi(S)- 200ML,,Vinywaji,6.20301E+12,1,"3,800.00","3,800.00","3,523.81","3,523.81",276.19,,,,,,
3/5/2026,21:49:34,Uhai(W)-1.6L,,Vinywaji,6.20301E+12,1,700,700,498.15,498.15,201.85,,,,,,
3/5/2026,22:20:24,Nyota/Kali,,Sigara & RIZLA,0,1,150,150,85.48,85.48,64.52,,,,,,
3/5/2026,22:20:24,Pipi/Bigijii@100,,Vitamu,0,4,100,400,59.76,239.02,160.98,,,,,,
3/5/2026,22:20:24,Winston(R),,Sigara & RIZLA,0,3,200,600,130.53,391.58,208.42,,,,,,
3/5/2026,22:20:24,Master(R),,Sigara & RIZLA,0,2,150,300,104.65,209.31,90.69,,,,,,
3/5/2026,22:57:21,Nyota/Kali,,Sigara & RIZLA,0,3,150,450,85.48,256.43,193.57,,,,,,
3/5/2026,22:57:21,Mosquito :COIL,,Afya,0,5,250,"1,250.00",140,700,550,,,,,,
3/5/2026,23:11:55,Mosquito :COIL,,Afya,0,2,250,500,140,280,220,,,,,,
3/5/2026,23:11:55,Winston(R),,Sigara & RIZLA,0,1,200,200,130.53,130.53,69.47,,,,,,
3/6/2026,9:51:22,Smart Gin-200ML,,Vinywaji,6.20301E+12,1,"2,000.00","2,000.00","1,744.28","1,744.28",255.72,,,,,,
3/6/2026,9:51:22,Ngano-25kg,,Nafaka,0,1,"1,800.00","1,800.00","1,507.14","1,507.14",292.86,,,,,,
3/6/2026,9:51:22,Winston(R),,Sigara & RIZLA,0,1,200,200,130.53,130.53,69.47,,,,,,
3/6/2026,10:41:17,Winston(R),,Sigara & RIZLA,0,3,200,600,130.53,391.58,208.42,,,,,,
3/6/2026,12:06:39,Jambo:Bolibo-300ml,,Vinywaji,6.203E+12,1,500,500,428.57,428.57,71.43,,,,,,
3/6/2026,12:06:39,Azam-Cola-300ML,,Vinywaji,6.20301E+12,3,500,"1,500.00",423.55,"1,270.65",229.35,,,,,,
3/6/2026,12:06:39,Nyota/Kali,,Sigara & RIZLA,0,3,150,450,85.48,256.43,193.57,,,,,,
3/6/2026,12:24:06,Pepsi : 350ml,,Vinywaji,0,1,600,600,500,500,100,,,,,,
3/6/2026,13:08:40,Jambo:Bolibo-300ml,,Vinywaji,6.203E+12,1,500,500,428.57,428.57,71.43,,,,,,
3/6/2026,13:52:21,Azam-Cola-300ML,,Vinywaji,6.20301E+12,1,500,500,423.55,423.55,76.45,,,,,,
3/6/2026,15:52:35,Winston(R),,Sigara & RIZLA,0,1,200,200,130.18,130.18,69.82,,,,,,
3/6/2026,15:52:35,Azam-Cola-300ML,,Vinywaji,6.20301E+12,2,500,"1,000.00",423.55,847.1,152.9,,,,,,
3/6/2026,15:52:35,Sembe-25kg,,Nafaka,0,1.3,"1,500.00","1,875.00","1,180.00","1,475.00",400,,,,,,
3/6/2026,15:59:18,Pipi/Bigijii@50,,Vitamu,0,6,50,300,31.63,189.8,110.2,,,,,,
3/6/2026,15:59:18,Pipi/Bigijii@100,,Vitamu,0,9,100,900,59.76,537.8,362.2,,,,,,
3/6/2026,21:41:28,Neel-Salt-200g,,Viungo,6.20301E+12,1,300,300,166.67,166.67,133.33,,,,,,
3/6/2026,21:41:28,Niceone-180g,,Usafi:Jumla,6.20302E+12,2,500,"1,000.00",417.5,835,165,,,,,,
3/6/2026,21:41:28,Niceone-400g,,Usafi:Jumla,6.20302E+12,1,"1,000.00","1,000.00",837.5,837.5,162.5,,,,,,
3/6/2026,21:41:28,Winston(R),,Sigara & RIZLA,0,33,200,"6,600.00",130.53,"4,307.37","2,292.63",,,,,,
3/6/2026,21:41:28,Nyota/Kali,,Sigara & RIZLA,0,20,150,"3,000.00",85.48,"1,709.56","1,290.44",,,,,,
3/6/2026,21:41:28,Sembe-25kg,,Nafaka,0,2.8,"1,500.00","4,125.00","1,180.00","3,245.00",880,,,,,,
3/6/2026,21:41:28,Uhai(W)-1L,,Vinywaji,6.20301E+12,1,500,500,417.49,417.49,82.51,,,,,,
3/6/2026,21:41:28,Double(KK)-200ml,,Vinywaji,6.20301E+12,1,"2,000.00","2,000.00","1,794.67","1,794.67",205.33,,,,,,
3/6/2026,21:41:28,K-vant(S)-250ML,,Vinywaji,6.203E+12,1,"4,000.00","4,000.00","3,340.74","3,340.74",659.26,,,,,,
3/6/2026,21:41:28,Jambo:Bolibo-300ml,,Vinywaji,6.203E+12,3,500,"1,500.00",428.57,"1,285.71",214.29,,,,,,
3/6/2026,21:41:28,Mirinda-Black : 350ml,,Vinywaji,0,1,600,600,500,500,100,,,,,,
3/6/2026,22:36:06,Mosquito :COIL,,Afya,0,7,250,"1,750.00",140,980,770,,,,,,
3/6/2026,22:45:58,Uhai(W)-1L,,Vinywaji,6.20301E+12,2,500,"1,000.00",417.49,834.98,165.02,,,,,,
3/6/2026,22:45:58,Azam-Cola-300ML,,Vinywaji,6.20301E+12,2,500,"1,000.00",423.55,847.1,152.9,,,,,,
3/7/2026,14:33:50,Sembe-25kg,,Nafaka,0,1.8,"1,500.00","2,625.00","1,180.00","2,065.00",560,,,,,,
3/7/2026,14:33:50,Pipi/Bigijii@100,,Vitamu,0,5,100,500,59.76,298.78,201.22,,,,,,
3/7/2026,14:33:50,Pipi/Bigijii@50,,Vitamu,0,8,50,400,31.63,253.06,146.94,,,,,,
3/7/2026,14:33:50,Uhai(W)-1L,,Vinywaji,6.20301E+12,1,500,500,417.49,417.49,82.51,,,,,,
3/7/2026,14:33:50,Winston(R),,Sigara & RIZLA,0,13,200,"2,600.00",130.53,"1,696.84",903.16,,,,,,
3/7/2026,18:33:48,Sembe-25kg,,Nafaka,0,1,"1,500.00","1,500.00","1,180.00","1,180.00",320,,,,,,
3/7/2026,19:06:07,Jambo:Bolibo-300ml,,Vinywaji,6.203E+12,3,500,"1,500.00",428.57,"1,285.71",214.29,,,,,,
3/7/2026,19:06:07,Azam-Cola-300ML,,Vinywaji,6.20301E+12,3,500,"1,500.00",423.55,"1,270.65",229.35,,,,,,
3/7/2026,19:19:56,Winston(R),,Sigara & RIZLA,0,6,200,"1,200.00",130.53,783.16,416.84,,,,,,
3/7/2026,19:19:56,Winston(R),,Sigara & RIZLA,0,8,200,"1,600.00",130.18,"1,041.43",558.57,,,,,,
3/7/2026,19:19:56,Nyota/Kali,,Sigara & RIZLA,0,43,150,"6,450.00",85.48,"3,675.55","2,774.45",,,,,,
3/7/2026,19:24:35,Winston(R),,Sigara & RIZLA,0,1,200,200,130.53,130.53,69.47,,,,,,
3/7/2026,20:31:12,K-vant(S)-250ML,,Vinywaji,6.203E+12,1,"4,000.00","4,000.00","3,340.74","3,340.74",659.26,,,,,,
3/7/2026,20:31:12,Double(KK)-200ml,,Vinywaji,6.20301E+12,2,"2,000.00","4,000.00","1,794.67","3,589.33",410.67,,,,,,
3/7/2026,20:31:12,Nyota/Kali,,Sigara & RIZLA,0,20,150,"3,000.00",85.48,"1,709.56","1,290.44",,,,,,
3/7/2026,20:31:12,Winston(R),,Sigara & RIZLA,0,2,200,400,130.53,261.05,138.95,,,,,,
3/7/2026,20:48:35,Neel-Salt-200g,,Viungo,6.20301E+12,1,300,300,166.67,166.67,133.33,,,,,,
3/7/2026,21:11:20,Sembe-25kg,,Nafaka,0,1,"1,500.00","1,500.00","1,180.00","1,180.00",320,,,,,,
3/7/2026,21:11:20,Uhai(W)-1L,,Vinywaji,6.20301E+12,3,500,"1,500.00",417.49,"1,252.48",247.52,,,,,,
3/8/2026,7:59:36,Winston(R),,Sigara & RIZLA,0,5,200,"1,000.00",130.53,652.63,347.37,,,,,,
3/8/2026,10:39:49,Jambo:Bolibo-300ml,,Vinywaji,6.203E+12,1,500,500,428.57,428.57,71.43,,,,,,
3/8/2026,12:37:07,Winston(R),,Sigara & RIZLA,0,1,200,200,130.53,130.53,69.47,,,,,,
3/8/2026,12:48:54,Azam-Cola-300ML,,Vinywaji,6.20301E+12,1,500,500,423.55,423.55,76.45,,,,,,
3/8/2026,16:01:15,Winston(R),,Sigara & RIZLA,0,2,200,400,130.53,261.05,138.95,,,,,,
3/8/2026,16:01:15,Pipi/Bigijii@50,,Vitamu,0,1,50,50,31.63,31.63,18.37,,,,,,
3/8/2026,16:17:40,Pipi/Bigijii@50,,Vitamu,0,1,50,50,31.63,31.63,18.37,,,,,,
3/8/2026,17:20:48,Niceone-400g,,Usafi:Jumla,6.20302E+12,1,"1,000.00","1,000.00",837.5,837.5,162.5,,,,,,
3/8/2026,17:21:42,K-vant(S)-250ML,,Vinywaji,6.203E+12,1,"4,000.00","4,000.00","3,340.74","3,340.74",659.26,,,,,,
3/8/2026,17:22:58,Master(R),,Sigara & RIZLA,0,2,150,300,104.65,209.31,90.69,,,,,,
3/8/2026,17:30:01,Winston(R),,Sigara & RIZLA,0,4,200,800,130.53,522.11,277.89,,,,,,
3/8/2026,17:38:52,Mshumaa,,Jikoni,6.203E+12,2,400,800,277.78,555.56,244.44,,,,,,
3/8/2026,18:51:34,Pipi/Bigijii@100,,Vitamu,0,1,100,100,59.76,59.76,40.24,,,,,,
3/8/2026,18:51:34,Double(KK)-200ml,,Vinywaji,6.20301E+12,1,"2,000.00","2,000.00","1,794.67","1,794.67",205.33,,,,,,
3/8/2026,18:51:34,Nyota/Kali,,Sigara & RIZLA,0,2,150,300,85.48,170.96,129.04,,,,,,
3/8/2026,18:51:50,Pipi/Bigijii@100,,Vitamu,0,1,100,100,59.76,59.76,40.24,,,,,,
3/8/2026,18:51:50,Double(KK)-200ml,,Vinywaji,6.20301E+12,1,"2,000.00","2,000.00","1,794.67","1,794.67",205.33,,,,,,
3/8/2026,18:51:50,Nyota/Kali,,Sigara & RIZLA,0,2,150,300,85.48,170.96,129.04,,,,,,
3/8/2026,20:21:34,Winston(R),,Sigara & RIZLA,0,1,200,200,130.53,130.53,69.47,,,,,,
3/8/2026,20:21:34,Fanta-Orange-600ML,,Vinywaji,5.449E+12,1,"1,000.00","1,000.00",833.33,833.33,166.67,,,,,,
3/8/2026,20:23:52,Pipi/Bigijii@100,,Vitamu,0,1,100,100,59.76,59.76,40.24,,,,,,
3/8/2026,20:25:57,Uhai(W)-1L,,Vinywaji,6.20301E+12,2,500,"1,000.00",417.49,834.98,165.02,,,,,,
3/8/2026,20:25:57,Master(R),,Sigara & RIZLA,0,2,150,300,104.65,209.31,90.69,,,,,,
3/8/2026,20:28:35,Azam-Cola-300ML,,Vinywaji,6.20301E+12,1,500,500,423.55,423.55,76.45,,,,,,
3/8/2026,20:30:37,Winston(R),,Sigara & RIZLA,0,3,200,600,130.53,391.58,208.42,,,,,,
3/8/2026,20:41:20,Uhai(W)-1.6L,,Vinywaji,6.20301E+12,1,700,700,498.15,498.15,201.85,,,,,,
3/8/2026,20:41:20,Uhai(W)-1L,,Vinywaji,6.20301E+12,1,500,500,417.49,417.49,82.51,,,,,,
3/8/2026,20:41:20,Winston(R),,Sigara & RIZLA,0,1,200,200,130.53,130.53,69.47,,,,,,
3/8/2026,20:41:20,Mosquito :COIL,,Afya,0,1,250,250,140,140,110,,,,,,
3/8/2026,21:04:01,Pipi/Bigijii@100,,Vitamu,0,1,100,100,59.76,59.76,40.24,,,,,,
3/8/2026,21:04:01,Mosquito :COIL,,Afya,0,2,250,500,140,280,220,,,,,,
3/8/2026,21:14:16,Pipi/Bigijii@100,,Vitamu,0,1,100,100,59.76,59.76,40.24,,,,,,
3/8/2026,21:14:16,Uhai(W)-1.6L,,Vinywaji,6.20301E+12,1,700,700,498.15,498.15,201.85,,,,,,
3/8/2026,21:37:21,Winston(R),,Sigara & RIZLA,0,4,200,800,130.53,522.11,277.89,,,,,,
3/8/2026,21:37:21,Portsman,,Sigara & RIZLA,0,1,300,300,220.88,220.88,79.12,,,,,,
3/8/2026,21:37:21,Nyota/Kali,,Sigara & RIZLA,0,3,150,450,85.48,256.43,193.57,,,,,,
3/8/2026,21:37:21,Mosquito :COIL,,Afya,0,2,250,500,140,280,220,,,,,,
3/8/2026,21:37:21,Sembe-25kg,,Nafaka,0,3,"1,500.00","4,500.00","1,180.00","3,540.00",960,,,,,,
3/8/2026,21:47:00,Pepsi : 350ml,,Vinywaji,0,1,600,600,500,500,100,,,,,,
3/8/2026,23:07:44,Jambo:Cocopine-300ml,,Vinywaji,6.203E+12,1,500,500,417.29,417.29,82.71,,,,,,
3/8/2026,23:07:44,Azam-Cola-300ML,,Vinywaji,6.20301E+12,2,500,"1,000.00",423.55,847.1,152.9,,,,,,
3/8/2026,23:07:44,Fanta-Orange : 350mL,,Vinywaji,0,1,700,700,558.33,558.33,141.67,,,,,,
3/8/2026,23:07:44,Winston(R),,Sigara & RIZLA,0,3,200,600,130.53,391.58,208.42,,,,,,
3/8/2026,23:07:44,Pipi/Bigijii@50,,Vitamu,0,3,50,150,31.63,94.9,55.1,,,,,,
3/8/2026,23:07:44,Pipi/Bigijii@100,,Vitamu,0,2,100,200,59.76,119.51,80.49,,,,,,
3/8/2026,23:07:44,Uhai(W)-1L,,Vinywaji,6.20301E+12,2,500,"1,000.00",417.49,834.98,165.02,,,,,,
3/8/2026,23:07:44,Azam-Malt-300ML,,Vinywaji,6.00964E+12,1,600,600,496.79,496.79,103.21,,,,,,
3/8/2026,23:21:22,Embassy,,Sigara & RIZLA,0,1,400,400,278.03,278.03,121.97,,,,,,
3/8/2026,23:21:22,Azam-Malt-300ML,,Vinywaji,6.00964E+12,1,600,600,496.79,496.79,103.21,,,,,,
3/8/2026,23:26:10,Uhai(W)-1L,,Vinywaji,6.20301E+12,1,500,500,417.49,417.49,82.51,,,,,,
3/8/2026,23:26:10,Jambo:Bolibo-300ml,,Vinywaji,6.203E+12,1,500,500,428.57,428.57,71.43,,,,,,
3/9/2026,10:06:58,Winston(R),,Sigara & RIZLA,0,8,200,"1,600.00",130.53,"1,044.21",555.79,,,,,,
3/9/2026,10:06:58,Azam-Cola-300ML,,Vinywaji,6.20301E+12,1,500,500,423.55,423.55,76.45,,,,,,
3/9/2026,10:06:58,Uhai(W)-1.6L,,Vinywaji,6.20301E+12,7,700,"4,900.00",498.15,"3,487.04","1,412.96",,,,,,
3/9/2026,10:55:15,Winston(R),,Sigara & RIZLA,0,5,200,"1,000.00",130.18,650.89,349.11,,,,,,
3/9/2026,11:12:44,Mayai@Kizungu,,Viungo,0,13,300,"3,900.00",266.67,"3,466.67",433.33,,,,,,
3/9/2026,11:53:05,Winston(R),,Sigara & RIZLA,0,3,200,600,130.53,391.58,208.42,,,,,,
3/9/2026,12:15:45,Nyota/Kali,,Sigara & RIZLA,0,2,150,300,85.48,170.96,129.04,,,,,,
3/9/2026,12:56:30,Azam-Cola-300ML,,Vinywaji,6.20301E+12,1,500,500,423.55,423.55,76.45,,,,,,
3/9/2026,15:28:52,Mayai@Kizungu,,Viungo,0,4,300,"1,200.00",266.67,"1,066.67",133.33,,,,,,
3/9/2026,15:28:52,Jambo:Bolibo-300ml,,Vinywaji,6.203E+12,3,500,"1,500.00",428.57,"1,285.71",214.29,,,,,,
3/9/2026,15:28:52,Team(R),,Sigara & RIZLA,0,2,150,300,85,170,130,,,,,,
3/9/2026,15:28:52,Winston(R),,Sigara & RIZLA,0,1,200,200,130.53,130.53,69.47,,,,,,
3/9/2026,15:28:52,Pipi/Bigijii@100,,Vitamu,0,2,100,200,59.76,119.51,80.49,,,,,,
3/9/2026,15:28:52,K-vant(S)-250ML,,Vinywaji,6.203E+12,1,"4,000.00","4,000.00","3,340.74","3,340.74",659.26,,,,,,
3/9/2026,18:01:39,Banister-Pure-100ML,,Usafi:Binafsi,6.1611E+12,1,"1,000.00","1,000.00",750,750,250,,,,,,
3/9/2026,18:01:39,Jambo:Cocopine-300ml,,Vinywaji,6.203E+12,2,500,"1,000.00",417.29,834.58,165.42,,,,,,
3/9/2026,18:01:39,Winston(R),,Sigara & RIZLA,0,3,200,600,130.53,391.58,208.42,,,,,,
3/9/2026,18:01:39,Team(R),,Sigara & RIZLA,0,3,150,450,85,255,195,,,,,,
3/9/2026,18:08:55,Uhai(W)-1L,,Vinywaji,6.20301E+12,1,500,500,417.49,417.49,82.51,,,,,,
3/9/2026,18:08:55,Azam-Cola-300ML,,Vinywaji,6.20301E+12,1,500,500,423.55,423.55,76.45,,,,,,
3/9/2026,18:08:55,Winston(R),,Sigara & RIZLA,0,1,200,200,130.53,130.53,69.47,,,,,,
3/9/2026,20:20:32,Mshumaa,,Jikoni,6.203E+12,2,400,800,277.78,555.56,244.44,,,,,,
3/9/2026,20:20:32,Jambo:Cocopine-300ml,,Vinywaji,6.203E+12,1,500,500,417.29,417.29,82.71,,,,,,
3/9/2026,20:20:32,Cocacola : 350mL,,Vinywaji,0,1,700,700,558.3,558.3,141.7,,,,,,
3/9/2026,20:20:32,Uhai(W)-1L,,Vinywaji,6.20301E+12,3,500,"1,500.00",417.49,"1,252.48",247.52,,,,,,
3/9/2026,20:20:32,Winston(R),,Sigara & RIZLA,0,2,200,400,130.53,261.05,138.95,,,,,,
3/9/2026,20:20:32,Nyota/Kali,,Sigara & RIZLA,0,1,150,150,85.48,85.48,64.52,,,,,,
3/9/2026,20:20:32,Pipi/Bigijii@100,,Vitamu,0,2,100,200,59.76,119.51,80.49,,,,,,
3/9/2026,20:43:10,Mayai@Kizungu,,Viungo,0,10,300,"3,000.00",266.67,"2,666.67",333.33,,,,,,
3/9/2026,20:44:44,Azam-Cola-300ML,,Vinywaji,6.20301E+12,1,500,500,423.55,423.55,76.45,,,,,,
3/9/2026,20:45:54,Niceone-180g,,Usafi:Jumla,6.20302E+12,1,500,500,417.5,417.5,82.5,,,,,,
3/9/2026,20:57:34,Pipi/Bigijii@50,,Vitamu,0,2,50,100,31.63,63.27,36.73,,,,,,
3/9/2026,21:01:35,Pipi/Bigijii@50,,Vitamu,0,1,50,50,31.63,31.63,18.37,,,,,,
3/9/2026,21:01:35,Pipi/Bigijii@150,,Vitamu,0,1,150,150,100,100,50,,,,,,
3/9/2026,21:14:00,Nyota/Kali,,Sigara & RIZLA,0,2,150,300,85.48,170.96,129.04,,,,,,
3/9/2026,21:27:32,Pipi/Bigijii@100,,Vitamu,0,3,100,300,59.76,179.27,120.73,,,,,,
3/9/2026,21:27:32,Mosquito :COIL,,Afya,0,2,250,500,140,280,220,,,,,,
3/9/2026,21:57:38,Mosquito :COIL,,Afya,0,4,250,"1,000.00",140,560,440,,,,,,
3/9/2026,21:57:38,Uhai(W)-1L,,Vinywaji,6.20301E+12,1,500,500,417.49,417.49,82.51,,,,,,
3/9/2026,21:57:38,Uhai(W)-1.6L,,Vinywaji,6.20301E+12,1,700,700,498.15,498.15,201.85,,,,,,
3/9/2026,22:28:41,Fanta-Orange-600ML,,Vinywaji,5.449E+12,1,"1,000.00","1,000.00",833.33,833.33,166.67,,,,,,
3/9/2026,22:28:41,Winston(R),,Sigara & RIZLA,0,3,200,600,130.53,391.58,208.42,,,,,,
3/9/2026,22:28:41,Winston(R),,Sigara & RIZLA,0,2,200,400,130.18,260.36,139.64,,,,,,
3/9/2026,22:54:47,Winston(R),,Sigara & RIZLA,0,1,200,200,130.53,130.53,69.47,,,,,,
3/9/2026,22:54:47,Winston(R),,Sigara & RIZLA,0,1,200,200,130.18,130.18,69.82,,,,,,
3/9/2026,22:54:47,Smart Gin-200ML,,Vinywaji,6.20301E+12,1,"2,000.00","2,000.00","1,744.28","1,744.28",255.72,,,,,,
3/9/2026,22:54:47,Nyota/Kali,,Sigara & RIZLA,0,1,150,150,85.48,85.48,64.52,,,,,,
3/9/2026,22:54:47,Sembe-25kg,,Nafaka,0,1,"1,500.00","1,500.00","1,180.00","1,180.00",320,,,,,,
3/10/2026,9:12:12,Winston(R),,Sigara & RIZLA,0,6,200,"1,200.00",130.53,783.16,416.84,,,,,,
3/10/2026,9:12:12,Embassy,,Sigara & RIZLA,0,1,400,400,278.03,278.03,121.97,,,,,,
3/10/2026,9:12:12,Pipi/Bigijii@50,,Vitamu,0,2,50,100,31.63,63.27,36.73,,,,,,
3/10/2026,9:12:12,Niceone-180g,,Usafi:Jumla,6.20302E+12,1,500,500,417.5,417.5,82.5,,,,,,
3/10/2026,9:12:12,Master(K),,Sigara & RIZLA,0,2,150,300,100.76,201.53,98.47,,,,,,
3/10/2026,9:12:12,Master(R),,Sigara & RIZLA,0,2,150,300,104.65,209.31,90.69,,,,,,
3/10/2026,9:42:10,Pipi/Bigijii@100,,Vitamu,0,2,100,200,59.76,119.51,80.49,,,,,,
3/10/2026,9:42:10,Pipi/Bigijii@50,,Vitamu,0,1,50,50,31.63,31.63,18.37,,,,,,
3/10/2026,9:42:10,Master(K),,Sigara & RIZLA,0,2,150,300,100.76,201.53,98.47,,,,,,
3/10/2026,9:54:41,Pipi/Bigijii@100,,Vitamu,0,1,100,100,59.76,59.76,40.24,,,,,,
3/10/2026,9:54:41,Pipi/Bigijii@50,,Vitamu,0,1,50,50,31.63,31.63,18.37,,,,,,
3/10/2026,11:47:48,Azam-Punch-300ML,,Vinywaji,6.20301E+12,2,500,"1,000.00",445.83,891.67,108.33,,,,,,
3/10/2026,11:47:48,Master(R),,Sigara & RIZLA,0,1,150,150,104.65,104.65,45.35,,,,,,
3/10/2026,17:14:25,Winston(R),,Sigara & RIZLA,0,7,200,"1,400.00",130.53,913.68,486.32,,,,,,
3/10/2026,17:14:25,Ngano-25kg,,Nafaka,0,1.3,"1,800.00","2,250.00","1,507.14","1,883.93",366.07,,,,,,
3/10/2026,17:14:25,Pipi/Bigijii@100,,Vitamu,0,1,100,100,59.76,59.76,40.24,,,,,,
3/10/2026,17:14:25,Nyota/Kali,,Sigara & RIZLA,0,3,150,450,85.48,256.43,193.57,,,,,,
3/10/2026,17:14:25,Uhai(W)-1.6L,,Vinywaji,6.20301E+12,2,700,"1,400.00",498.15,996.3,403.7,,,,,,
3/10/2026,17:14:25,Mayai@Kizungu,,Viungo,0,7,300,"2,100.00",266.67,"1,866.67",233.33,,,,,,
3/10/2026,17:14:25,Azam-Cola-300ML,,Vinywaji,6.20301E+12,1,500,500,423.55,423.55,76.45,,,,,,
3/10/2026,21:39:09,Winston(R),,Sigara & RIZLA,0,14,200,"2,800.00",130.53,"1,827.37",972.63,,,,,,
3/10/2026,21:39:09,Double(KK)-200ml,,Vinywaji,6.20301E+12,1,"2,000.00","2,000.00","1,794.67","1,794.67",205.33,,,,,,
3/10/2026,21:39:09,Master(R),,Sigara & RIZLA,0,3,150,450,104.65,313.96,136.04,,,,,,
3/10/2026,21:39:09,Niceone-180g,,Usafi:Jumla,6.20302E+12,1,500,500,417.5,417.5,82.5,,,,,,
3/10/2026,21:39:09,Mosquito :COIL,,Afya,0,3,250,750,140,420,330,,,,,,
3/10/2026,21:39:09,Nyota/Kali,,Sigara & RIZLA,0,9,150,"1,350.00",85.48,769.3,580.7,,,,,,
3/10/2026,21:39:09,Sembe-25kg,,Nafaka,0,1.5,"1,500.00","2,250.00","1,180.00","1,770.00",480,,,,,,
3/10/2026,21:39:09,Pipi/Bigijii@300,,Vitamu,0,1,300,300,220,220,80,,,,,,
3/10/2026,21:39:09,Azam-Cola-300ML,,Vinywaji,6.20301E+12,1,500,500,423.55,423.55,76.45,,,,,,
3/10/2026,21:39:09,K-vant(S)-250ML,,Vinywaji,6.203E+12,2,"4,000.00","8,000.00","3,340.74","6,681.48","1,318.52",,,,,,
3/10/2026,21:39:09,Portsman,,Sigara & RIZLA,0,1,300,300,220.88,220.88,79.12,,,,,,
3/10/2026,21:39:09,Jambo:Cocopine-300ml,,Vinywaji,6.203E+12,1,500,500,417.29,417.29,82.71,,,,,,
3/10/2026,21:39:09,Jambo:Bolibo-300ml,,Vinywaji,6.203E+12,1,500,500,428.57,428.57,71.43,,,,,,
3/10/2026,21:39:09,Embassy,,Sigara & RIZLA,0,1,400,400,278.03,278.03,121.97,,,,,,
3/10/2026,23:07:01,Mosquito :COIL,,Afya,0,4,250,"1,000.00",140,560,440,,,,,,
3/10/2026,23:07:01,Azam-Cola-300ML,,Vinywaji,6.20301E+12,2,500,"1,000.00",423.55,847.1,152.9,,,,,,
3/10/2026,23:07:01,Portsman,,Sigara & RIZLA,0,1,300,300,220.88,220.88,79.12,,,,,,
3/10/2026,23:07:01,Master(K),,Sigara & RIZLA,0,1,150,150,100.76,100.76,49.24,,,,,,
3/10/2026,23:07:01,Double(KK)-200ml,,Vinywaji,6.20301E+12,1,"2,000.00","2,000.00","1,794.67","1,794.67",205.33,,,,,,
3/10/2026,23:07:01,Winston(R),,Sigara & RIZLA,0,6,200,"1,200.00",130.53,783.16,416.84,,,,,,
3/10/2026,23:07:01,Winston(R),,Sigara & RIZLA,0,2,200,400,130.18,260.36,139.64,,,,,,
3/10/2026,23:07:01,Nyota/Kali,,Sigara & RIZLA,0,1,150,150,85.48,85.48,64.52,,,,,,
3/10/2026,23:07:01,Mayai@Kizungu,,Viungo,0,2,300,600,266.67,533.33,66.67,,,,,,
3/11/2026,11:13:47,Winston(R),,Sigara & RIZLA,0,10,200,"2,000.00",130.53,"1,305.26",694.74,,,,,,
3/11/2026,11:13:47,Pipi/Bigijii@50,,Vitamu,0,2,50,100,31.63,63.27,36.73,,,,,,
3/11/2026,11:13:47,Pipi/Bigijii@100,,Vitamu,0,1,100,100,59.76,59.76,40.24,,,,,,
3/11/2026,11:13:47,Nyota/Kali,,Sigara & RIZLA,0,4,150,600,85.48,341.91,258.09,,,,,,
3/11/2026,11:13:47,Jambo:Cocopine-300ml,,Vinywaji,6.203E+12,1,500,500,417.29,417.29,82.71,,,,,,
3/11/2026,11:13:47,Embassy,,Sigara & RIZLA,0,2,400,800,278.03,556.06,243.94,,,,,,
3/11/2026,11:13:47,Fanta-Orange-600ML,,Vinywaji,5.449E+12,1,"1,000.00","1,000.00",833.33,833.33,166.67,,,,,,
3/11/2026,11:13:47,Portsman,,Sigara & RIZLA,0,1,300,300,220.88,220.88,79.12,,,,,,
3/11/2026,11:13:47,Mayai@Kizungu,,Viungo,0,4,300,"1,200.00",266.67,"1,066.67",133.33,,,,,,
3/11/2026,16:17:31,Winston(R),,Sigara & RIZLA,0,10,200,"2,000.00",130.53,"1,305.26",694.74,,,,,,
3/11/2026,16:17:31,Pipi/Bigijii@50,,Vitamu,0,2,50,100,31.63,63.27,36.73,,,,,,
3/11/2026,16:17:31,Sembe-25kg,,Nafaka,0,2,"1,500.00","3,000.00","1,180.00","2,360.00",640,,,,,,
3/11/2026,16:17:31,Mayai@Kizungu,,Viungo,0,3,300,900,266.67,800,100,,,,,,
3/11/2026,16:17:31,Pakiti/Ndimu-Unga,,Viungo,0,1,100,100,45.45,45.45,54.55,,,,,,
3/11/2026,16:17:31,Azam-Cola-300ML,,Vinywaji,6.20301E+12,1,500,500,423.55,423.55,76.45,,,,,,
3/11/2026,16:17:31,Uhai(W)-1.6L,,Vinywaji,6.20301E+12,1,700,700,498.15,498.15,201.85,,,,,,
3/11/2026,20:58:18,Niceone-180g,,Usafi:Jumla,6.20302E+12,1,500,500,417.5,417.5,82.5,,,,,,
3/11/2026,20:58:18,Niceone-400g,,Usafi:Jumla,6.20302E+12,1,"1,000.00","1,000.00",837.5,837.5,162.5,,,,,,
3/11/2026,20:58:18,Sembe-25kg,,Nafaka,0,1,"1,500.00","1,500.00","1,180.00","1,180.00",320,,,,,,
3/11/2026,20:58:18,Embassy,,Sigara & RIZLA,0,1,400,400,278.03,278.03,121.97,,,,,,
3/11/2026,20:58:18,Mosquito :COIL,,Afya,0,3,250,750,140,420,330,,,,,,
3/11/2026,20:58:18,Winston(R),,Sigara & RIZLA,0,3,200,600,130.53,391.58,208.42,,,,,,
3/11/2026,20:58:18,Smart Gin-200ML,,Vinywaji,6.20301E+12,1.5,"2,000.00","3,000.00","1,744.28","2,616.42",383.58,,,,,,
3/11/2026,20:58:18,Nyota/Kali,,Sigara & RIZLA,0,2,150,300,85.48,170.96,129.04,,,,,,
3/11/2026,20:58:18,Ngano-25kg,,Nafaka,0,4,"1,800.00","7,200.00","1,507.14","6,028.57","1,171.43",,,,,,
3/11/2026,20:58:18,Portsman,,Sigara & RIZLA,0,1,300,300,220.88,220.88,79.12,,,,,,
3/11/2026,20:58:18,Pipi/Bigijii@100,,Vitamu,0,2,100,200,59.76,119.51,80.49,,,,,,
3/11/2026,20:58:18,Azam-Cola-300ML,,Vinywaji,6.20301E+12,1,500,500,423.55,423.55,76.45,,,,,,
3/11/2026,20:58:18,Master(R),,Sigara & RIZLA,0,1,150,150,104.65,104.65,45.35,,,,,,
3/11/2026,21:20:10,Winston(R),,Sigara & RIZLA,0,2,200,400,130.53,261.05,138.95,,,,,,
3/11/2026,22:14:49,Embassy,,Sigara & RIZLA,0,1,400,400,278.03,278.03,121.97,,,,,,
3/11/2026,22:14:49,Uhai(W)-1.6L,,Vinywaji,6.20301E+12,1,700,700,498.15,498.15,201.85,,,,,,
3/11/2026,22:14:49,Uhai(W)-1L,,Vinywaji,6.20301E+12,1,500,500,417.49,417.49,82.51,,,,,,
3/11/2026,22:14:49,Stone Tangawizi : 350ml,,Vinywaji,0,3,700,"2,100.00",562.5,"1,687.50",412.5,,,,,,
3/11/2026,22:14:49,Pipi/Bigijii@100,,Vitamu,0,1,100,100,59.76,59.76,40.24,,,,,,
3/11/2026,22:14:49,Mshumaa,,Jikoni,6.203E+12,3,400,"1,200.00",277.78,833.33,366.67,,,,,,
3/11/2026,22:27:30,Uhai(W)-1L,,Vinywaji,6.20301E+12,1,500,500,417.49,417.49,82.51,,,,,,
3/11/2026,22:28:37,Pipi/Bigijii@100,,Vitamu,0,2,100,200,59.76,119.51,80.49,,,,,,
3/12/2026,21:03:15,Pipi/Bigijii@100,,Vitamu,0,4,100,400,59.76,239.02,160.98,,,,,,
3/12/2026,21:03:15,Niceone-180g,,Usafi:Jumla,6.20302E+12,2,500,"1,000.00",417.5,835,165,,,,,,
3/12/2026,21:03:15,Winston(R),,Sigara & RIZLA,0,27,200,"5,400.00",130.53,"3,524.21","1,875.79",,,,,,
3/12/2026,21:03:15,Sembe-25kg,,Nafaka,0,2.8,"1,500.00","4,125.00","1,180.00","3,245.00",880,,,,,,
3/12/2026,21:03:15,Neel-Salt-500g,,Viungo,6.20301E+12,1,500,500,287.5,287.5,212.5,,,,,,
3/12/2026,21:03:15,Uhai(W)-1.6L,,Vinywaji,6.20301E+12,4,700,"2,800.00",498.15,"1,992.59",807.41,,,,,,
3/12/2026,21:03:15,Tambi-25kg (Kupima),,Nafaka,0,1,"2,800.00","2,800.00","2,140.00","2,140.00",660,,,,,,
3/12/2026,21:03:15,Azam-Malt-300ML,,Vinywaji,6.00964E+12,1,600,600,496.79,496.79,103.21,,,,,,
3/12/2026,21:03:15,Master(R),,Sigara & RIZLA,0,1,150,150,104.65,104.65,45.35,,,,,,
3/12/2026,21:03:15,Neel-Salt-200g,,Viungo,6.20301E+12,1,300,300,166.67,166.67,133.33,,,,,,
3/12/2026,21:03:15,Pipi/Bigijii@150,,Vitamu,0,1,150,150,100,100,50,,,,,,
3/12/2026,21:03:15,Azam-Cola-300ML,,Vinywaji,6.20301E+12,1,500,500,423.55,423.55,76.45,,,,,,
3/12/2026,21:03:15,Portsman,,Sigara & RIZLA,0,1,300,300,220.88,220.88,79.12,,,,,,
3/12/2026,21:03:15,Tressa :Shampoo - 10ML,,Usafi:Binafsi,6.20305E+12,1,200,200,125,125,75,,,,,,
3/12/2026,21:03:15,Pipi/Bigijii@50,,Vitamu,0,3,50,150,31.63,94.9,55.1,,,,,,
3/12/2026,21:03:15,Uhai(W)-1L,,Vinywaji,6.20301E+12,5,500,"2,500.00",417.49,"2,087.46",412.54,,,,,,
3/12/2026,21:03:15,Master(K),,Sigara & RIZLA,0,3,150,450,100.76,302.29,147.71,,,,,,
3/12/2026,21:03:15,Mirinda-Black : 350ml,,Vinywaji,0,2,600,"1,200.00",500,"1,000.00",200,,,,,,
3/12/2026,21:03:15,Embassy,,Sigara & RIZLA,0,1,400,400,278.03,278.03,121.97,,,,,,
3/12/2026,21:03:15,Fanta-Orange : 350mL,,Vinywaji,0,1,700,700,558.33,558.33,141.67,,,,,,
3/12/2026,21:03:15,Jambo:Bolibo-300ml,,Vinywaji,6.203E+12,2,500,"1,000.00",428.57,857.14,142.86,,,,,,
3/12/2026,21:03:15,Cocacola : 350mL,,Vinywaji,0,1,700,700,558.3,558.3,141.7,,,,,,
3/12/2026,21:23:30,Jambo:Bolibo-300ml,,Vinywaji,6.203E+12,1,500,500,428.57,428.57,71.43,,,,,,
3/12/2026,21:23:30,Embassy,,Sigara & RIZLA,0,2,400,800,278.03,556.06,243.94,,,,,,
3/12/2026,21:23:30,Pipi/Bigijii@50,,Vitamu,0,2,50,100,31.63,63.27,36.73,,,,,,
3/12/2026,21:23:30,Nyota/Kali,,Sigara & RIZLA,0,3,150,450,85.48,256.43,193.57,,,,,,
3/12/2026,21:54:54,Mshumaa,,Jikoni,6.203E+12,1,400,400,277.78,277.78,122.22,,,,,,
3/12/2026,21:54:54,Winston(R),,Sigara & RIZLA,0,2,200,400,130.53,261.05,138.95,,,,,,
3/12/2026,21:54:54,Uhai(W)-1L,,Vinywaji,6.20301E+12,2,500,"1,000.00",417.49,834.98,165.02,,,,,,
3/12/2026,21:54:54,RIZLA,,Sigara & RIZLA,0,1,800,800,550,550,250,,,,,,
3/12/2026,21:54:54,Nyota/Kali,,Sigara & RIZLA,0,1,150,150,85.48,85.48,64.52,,,,,,
3/12/2026,21:54:54,Azam-Cola-300ML,,Vinywaji,6.20301E+12,1,500,500,423.55,423.55,76.45,,,,,,
3/12/2026,22:33:15,Master(R),,Sigara & RIZLA,0,2,150,300,104.65,209.31,90.69,,,,,,
3/12/2026,22:33:15,Master(K),,Sigara & RIZLA,0,2,150,300,100.76,201.53,98.47,,,,,,
3/12/2026,22:33:15,Nyota/Kali,,Sigara & RIZLA,0,1,150,150,85.48,85.48,64.52,,,,,,
3/12/2026,22:33:36,Winston(R),,Sigara & RIZLA,0,20,200,"4,000.00",130.53,"2,610.53","1,389.47",,,,,,
3/13/2026,11:17:22,Master(R),,Sigara & RIZLA,0,1,150,150,104.65,104.65,45.35,,,,,,
3/13/2026,11:17:22,Azam-Cola-300ML,,Vinywaji,6.20301E+12,2,500,"1,000.00",423.55,847.1,152.9,,,,,,
3/13/2026,11:17:22,Winston(R),,Sigara & RIZLA,0,11,200,"2,200.00",130.53,"1,435.79",764.21,,,,,,
3/13/2026,11:17:22,Embassy,,Sigara & RIZLA,0,2,400,800,278.03,556.06,243.94,,,,,,
3/13/2026,11:17:22,Pipi/Bigijii@100,,Vitamu,0,4,100,400,59.76,239.02,160.98,,,,,,
3/13/2026,11:17:22,Pipi/Bigijii@50,,Vitamu,0,1,50,50,31.63,31.63,18.37,,,,,,
3/13/2026,11:17:22,Mirinda-Black : 350ml,,Vinywaji,0,1,600,600,500,500,100,,,,,,
3/13/2026,12:55:32,Winston(R),,Sigara & RIZLA,0,9,200,"1,800.00",130.53,"1,174.74",625.26,,,,,,
3/13/2026,12:55:32,Pipi/Bigijii@50,,Vitamu,0,2,50,100,31.63,63.27,36.73,,,,,,
3/13/2026,13:54:50,Winston(R),,Sigara & RIZLA,0,4,200,800,130.53,522.11,277.89,,,,,,
3/13/2026,14:07:23,Azam-Malt-300ML,,Vinywaji,6.00964E+12,1,600,600,496.79,496.79,103.21,,,,,,
3/13/2026,17:39:23,Winston(R),,Sigara & RIZLA,0,6,200,"1,200.00",130.53,783.16,416.84,,,,,,
3/13/2026,17:39:23,Uhai(W)-1.6L,,Vinywaji,6.20301E+12,1,700,700,498.15,498.15,201.85,,,,,,
3/13/2026,17:39:23,Pipi/Bigijii@300,,Vitamu,0,2,300,600,220,440,160,,,,,,
3/13/2026,17:39:23,Pipi/Bigijii@50,,Vitamu,0,2,50,100,31.63,63.27,36.73,,,,,,
3/13/2026,17:39:23,Embassy,,Sigara & RIZLA,0,2,400,800,278.03,556.06,243.94,,,,,,
3/13/2026,17:39:23,Pipi/Bigijii@100,,Vitamu,0,2,100,200,59.76,119.51,80.49,,,,,,
3/13/2026,22:06:42,Nyota/Kali,,Sigara & RIZLA,0,8,150,"1,200.00",85.48,683.82,516.18,,,,,,
3/13/2026,22:06:42,Uhai(W)-1.6L,,Vinywaji,6.20301E+12,1,700,700,498.15,498.15,201.85,,,,,,
3/13/2026,22:06:42,Mirinda-Black : 350ml,,Vinywaji,0,1,600,600,500,500,100,,,,,,
3/13/2026,22:06:42,Smart Gin-200ML,,Vinywaji,6.20301E+12,1,"2,000.00","2,000.00","1,744.28","1,744.28",255.72,,,,,,
3/13/2026,22:06:42,Niceone-180g,,Usafi:Jumla,6.20302E+12,1,500,500,417.5,417.5,82.5,,,,,,
3/13/2026,22:06:42,Jambo:Bolibo-300ml,,Vinywaji,6.203E+12,3,500,"1,500.00",428.57,"1,285.71",214.29,,,,,,
3/13/2026,22:06:42,Pipi/Bigijii@100,,Vitamu,0,3,100,300,59.76,179.27,120.73,,,,,,
3/13/2026,22:06:42,Winston(R),,Sigara & RIZLA,0,15,200,"3,000.00",130.53,"1,957.89","1,042.11",,,,,,
3/13/2026,22:06:42,Jambo:Cocopine-300ml,,Vinywaji,6.203E+12,1,500,500,417.29,417.29,82.71,,,,,,
3/13/2026,22:06:42,Mshumaa,,Jikoni,6.203E+12,1,400,400,277.78,277.78,122.22,,,,,,
3/13/2026,22:06:42,RIZLA,,Sigara & RIZLA,0,1,800,800,550,550,250,,,,,,
3/13/2026,22:08:06,Jambo:Bolibo-300ml,,Vinywaji,6.203E+12,1,500,500,428.57,428.57,71.43,,,,,,
3/13/2026,22:28:09,Double(KK)-200ml,,Vinywaji,6.20301E+12,1,"2,000.00","2,000.00","1,794.67","1,794.67",205.33,,,,,,
3/13/2026,22:28:09,Jambo:Bolibo-300ml,,Vinywaji,6.203E+12,1,500,500,428.57,428.57,71.43,,,,,,
3/13/2026,22:51:05,Uhai(W)-1.6L,,Vinywaji,6.20301E+12,1,700,700,498.15,498.15,201.85,,,,,,
3/13/2026,22:51:05,Jambo:Bolibo-300ml,,Vinywaji,6.203E+12,2,500,"1,000.00",428.57,857.14,142.86,,,,,,
3/13/2026,22:51:05,Fanta-Orange : 350mL,,Vinywaji,0,1,700,700,558.33,558.33,141.67,,,,,,
3/13/2026,23:33:32,Azam-Malt-300ML,,Vinywaji,6.00964E+12,1,600,600,496.79,496.79,103.21,,,,,,
3/13/2026,23:33:32,Uhai(W)-1.6L,,Vinywaji,6.20301E+12,2,700,"1,400.00",498.15,996.3,403.7,,,,,,
3/13/2026,23:33:32,Embassy,,Sigara & RIZLA,0,2,400,800,278.03,556.06,243.94,,,,,,
3/13/2026,23:33:32,Nyota/Kali,,Sigara & RIZLA,0,1,150,150,85.48,85.48,64.52,,,,,,
3/13/2026,23:33:32,Pipi/Bigijii@100,,Vitamu,0,3,100,300,59.76,179.27,120.73,,,,,,
3/13/2026,23:33:32,Pipi/Bigijii@300,,Vitamu,0,1,300,300,220,220,80,,,,,,
3/13/2026,23:33:32,Diclopar-550mg,,Afya,0,8,100,800,60,480,320,,,,,,
3/16/2026,13:22:41,Winston(R),,Sigara & RIZLA,0,61,200,"12,200.00",130.53,"7,962.11","4,237.89",,,,,,
3/16/2026,13:22:41,Winston(R),,Sigara & RIZLA,0,13,200,"2,600.00",130.18,"1,692.32",907.68,,,,,,
3/16/2026,13:22:41,Niceone-400g,,Usafi:Jumla,6.20302E+12,2,"1,000.00","2,000.00",837.5,"1,675.00",325,,,,,,
3/16/2026,13:22:41,Niceone-180g,,Usafi:Jumla,6.20302E+12,7,500,"3,500.00",417.5,"2,922.50",577.5,,,,,,
3/16/2026,13:22:41,Mosquito :COIL,,Afya,0,6,250,"1,500.00",140,840,660,,,,,,
3/16/2026,13:22:41,RIZLA,,Sigara & RIZLA,0,1,800,800,550,550,250,,,,,,
3/16/2026,13:22:41,Embassy,,Sigara & RIZLA,0,6,400,"2,400.00",278.03,"1,668.18",731.82,,,,,,
3/16/2026,13:22:41,Nyota/Kali,,Sigara & RIZLA,0,4,150,600,85.48,341.91,258.09,,,,,,
3/16/2026,13:22:41,Smart Gin-200ML,,Vinywaji,6.20301E+12,4,"2,000.00","8,000.00","1,744.28","6,977.11","1,022.89",,,,,,
3/16/2026,13:22:41,Double(KK)-200ml,,Vinywaji,6.20301E+12,1.5,"2,000.00","3,000.00","1,794.67","2,692.00",308,,,,,,
3/16/2026,13:22:41,Konyagi(S)- 200ML,,Vinywaji,6.20301E+12,1,"3,800.00","3,800.00","3,523.81","3,523.81",276.19,,,,,,
3/16/2026,13:22:41,K-vant(S)-250ML,,Vinywaji,6.203E+12,4,"4,000.00","16,000.00","3,340.74","13,362.96","2,637.04",,,,,,
3/16/2026,13:22:41,Banister-Pure-100ML,,Usafi:Binafsi,6.1611E+12,2,"1,000.00","2,000.00",750,"1,500.00",500,,,,,,
3/16/2026,13:22:41,Jambo:Cocopine-300ml,,Vinywaji,6.203E+12,5,500,"2,500.00",417.29,"2,086.45",413.55,,,,,,
3/16/2026,13:22:41,Uhai(W)-1L,,Vinywaji,6.20301E+12,2,500,"1,000.00",417.49,834.98,165.02,,,,,,
3/16/2026,13:22:41,Azam-Malt-300ML,,Vinywaji,6.00964E+12,3,600,"1,800.00",496.79,"1,490.38",309.62,,,,,,
3/16/2026,13:22:41,Pepsi : 350ml,,Vinywaji,0,5,600,"3,000.00",500,"2,500.00",500,,,,,,
3/16/2026,13:22:41,Sparletta : 350mL,,Vinywaji,0,1,700,700,563,563,137,,,,,,
3/16/2026,13:22:41,Azam-Punch-300ML,,Vinywaji,6.20301E+12,1,500,500,445.83,445.83,54.17,,,,,,
3/16/2026,13:22:41,Fanta-Orange : 350mL,,Vinywaji,0,2,700,"1,400.00",558.33,"1,116.66",283.34,,,,,,
3/16/2026,13:22:41,Mirinda-Black : 350ml,,Vinywaji,0,3,600,"1,800.00",500,"1,500.00",300,,,,,,
3/16/2026,13:22:41,Cocacola : 350mL,,Vinywaji,0,1,700,700,558.3,558.3,141.7,,,,,,
3/16/2026,13:22:41,Pakiti/Ndimu-Unga,,Viungo,0,1,100,100,45.45,45.45,54.55,,,,,,
3/16/2026,13:22:41,Sembe-25kg,,Nafaka,0,5.5,"1,500.00","8,250.00","1,180.00","6,490.00","1,760.00",,,,,,
3/16/2026,13:22:41,Ngano-25kg,,Nafaka,0,1.5,"1,800.00","2,700.00","1,507.14","2,260.71",439.29,,,,,,
3/16/2026,13:22:41,Pipi/Bigijii@300,,Vitamu,0,1,300,300,220,220,80,,,,,,
3/16/2026,13:22:41,Pipi/Bigijii@50,,Vitamu,0,19,50,950,31.63,601.02,348.98,,,,,,
3/16/2026,13:22:41,Pipi/Bigijii@200,,Vitamu,0,2,200,400,149.36,298.73,101.27,,,,,,
3/16/2026,13:28:11,Pipi/Bigijii@100,,Vitamu,0,16,100,"1,600.00",59.76,956.1,643.9,,,,,,
3/16/2026,18:32:54,Azam-Punch-300ML,,Vinywaji,6.20301E+12,1,500,500,445.83,445.83,54.17,,,,,,
3/16/2026,18:32:54,Uhai(W)-1L,,Vinywaji,6.20301E+12,1,500,500,417.49,417.49,82.51,,,,,,
3/16/2026,18:32:54,Uhai(W)-1.6L,,Vinywaji,6.20301E+12,1,700,700,498.15,498.15,201.85,,,,,,
3/16/2026,18:32:54,Ngano-25kg,,Nafaka,0,2,"1,800.00","3,600.00","1,507.14","3,014.29",585.71,,,,,,
3/16/2026,18:32:54,Pipi/Bigijii@50,,Vitamu,0,6,50,300,31.63,189.8,110.2,,,,,,
3/16/2026,18:32:54,Embassy,,Sigara & RIZLA,0,1,400,400,278.03,278.03,121.97,,,,,,
3/16/2026,18:32:54,Pipi/Bigijii@100,,Vitamu,0,4,100,400,59.76,239.02,160.98,,,,,,
3/16/2026,18:32:54,Winston(R),,Sigara & RIZLA,0,5,200,"1,000.00",130.53,652.63,347.37,,,,,,
3/16/2026,18:32:54,Smart Gin-200ML,,Vinywaji,6.20301E+12,1,"2,000.00","2,000.00","1,744.28","1,744.28",255.72,,,,,,
3/16/2026,18:32:54,Portsman,,Sigara & RIZLA,0,1,300,300,220.88,220.88,79.12,,,,,,
3/16/2026,18:57:16,Pepsi : 350ml,,Vinywaji,0,2,600,"1,200.00",500,"1,000.00",200,,,,,,
3/16/2026,18:57:16,Winston(R),,Sigara & RIZLA,0,5,200,"1,000.00",130.53,652.63,347.37,,,,,,
3/16/2026,18:57:16,Jambo:Bolibo-300ml,,Vinywaji,6.203E+12,1,500,500,428.57,428.57,71.43,,,,,,
3/16/2026,20:33:07,Nyota/Kali,,Sigara & RIZLA,0,4,150,600,85.48,341.91,258.09,,,,,,
3/16/2026,20:33:07,Winston(R),,Sigara & RIZLA,0,7,200,"1,400.00",130.53,913.68,486.32,,,,,,
3/16/2026,20:33:07,Uhai(W)-1.6L,,Vinywaji,6.20301E+12,1,700,700,498.15,498.15,201.85,,,,,,
3/16/2026,20:33:07,Azam-Malt-300ML,,Vinywaji,6.00964E+12,3,600,"1,800.00",496.79,"1,490.38",309.62,,,,,,
3/16/2026,20:33:07,Azam-Cola-300ML,,Vinywaji,6.20301E+12,3,500,"1,500.00",423.55,"1,270.65",229.35,,,,,,
3/16/2026,20:33:07,Uhai(W)-1L,,Vinywaji,6.20301E+12,1,500,500,417.49,417.49,82.51,,,,,,
3/16/2026,20:33:07,Mosquito :COIL,,Afya,0,2,250,500,140,280,220,,,,,,
3/16/2026,20:33:07,Mshumaa,,Jikoni,6.203E+12,4,400,"1,600.00",277.78,"1,111.11",488.89,,,,,,
3/16/2026,20:33:07,Cocacola : 350mL,,Vinywaji,0,1,700,700,558.3,558.3,141.7,,,,,,
3/16/2026,20:33:07,Mayai@Kizungu,,Viungo,0,6,300,"1,800.00",266.67,"1,600.00",200,,,,,,
3/16/2026,20:33:07,Mafuta/Kupikia-20L,,Viungo,0,7,"5,000.00","35,000.00","4,060.98","28,426.83","6,573.17",,,,,,
3/16/2026,20:33:07,Portsman,,Sigara & RIZLA,0,1,300,300,220.88,220.88,79.12,,,,,,
3/16/2026,20:33:07,Jobo-200ML,,Vinywaji,6.20304E+12,1,"2,000.00","2,000.00","1,723.96","1,723.96",276.04,,,,,,
3/16/2026,22:03:25,Jambo:Bolibo-300ml,,Vinywaji,6.203E+12,2,500,"1,000.00",428.57,857.14,142.86,,,,,,
3/16/2026,22:03:25,Jambo:Cocopine-300ml,,Vinywaji,6.203E+12,1,500,500,417.29,417.29,82.71,,,,,,
3/16/2026,22:03:25,Winston(R),,Sigara & RIZLA,0,8,200,"1,600.00",130.53,"1,044.21",555.79,,,,,,
3/16/2026,22:03:25,RIZLA,,Sigara & RIZLA,0,1,800,800,550,550,250,,,,,,
3/16/2026,22:03:25,Fanta-Orange : 350mL,,Vinywaji,0,1,700,700,558.33,558.33,141.67,,,,,,
3/16/2026,22:03:25,Pipi/Bigijii@100,,Vitamu,0,1,100,100,59.76,59.76,40.24,,,,,,
3/16/2026,22:03:25,Pipi/Bigijii@50,,Vitamu,0,1,50,50,31.63,31.63,18.37,,,,,,
3/16/2026,22:11:16,Winston(R),,Sigara & RIZLA,0,2,200,400,130.53,261.05,138.95,,,,,,
3/16/2026,22:11:16,Nyota/Kali,,Sigara & RIZLA,0,8,150,"1,200.00",85.48,683.82,516.18,,,,,,
3/16/2026,22:14:19,Embassy,,Sigara & RIZLA,0,1,400,400,278.03,278.03,121.97,,,,,,
3/16/2026,22:28:53,Uhai(W)-1.6L,,Vinywaji,6.20301E+12,9,700,"6,300.00",498.15,"4,483.33","1,816.67",,,,,,
3/16/2026,22:33:39,Mosquito :COIL,,Afya,0,1,250,250,140,140,110,,,,,,
3/16/2026,22:33:39,Pipi/Bigijii@150,,Vitamu,0,1,150,150,100,100,50,,,,,,
3/16/2026,22:43:55,Winston(R),,Sigara & RIZLA,0,3,200,600,130.53,391.58,208.42,,,,,,
3/16/2026,22:43:55,Nyota/Kali,,Sigara & RIZLA,0,4,150,600,85.48,341.91,258.09,,,,,,
3/16/2026,22:52:01,Mosquito :COIL,,Afya,0,6,250,"1,500.00",140,840,660,,,,,,
3/16/2026,23:05:37,Sparletta : 350mL,,Vinywaji,0,1,700,700,563,563,137,,,,,,
3/16/2026,23:05:37,K-vant(S)-250ML,,Vinywaji,6.203E+12,1,"4,000.00","4,000.00","3,340.74","3,340.74",659.26,,,,,,
3/16/2026,23:05:37,Uhai(W)-1L,,Vinywaji,6.20301E+12,1,500,500,417.49,417.49,82.51,,,,,,
3/16/2026,23:05:37,Jambo:Cocopine-300ml,,Vinywaji,6.203E+12,1,500,500,417.29,417.29,82.71,,,,,,
3/17/2026,11:32:08,Winston(R),,Sigara & RIZLA,0,11,200,"2,200.00",130.53,"1,435.79",764.21,,,,,,
3/17/2026,11:32:08,Jambo:Cocopine-300ml,,Vinywaji,6.203E+12,1,500,500,417.29,417.29,82.71,,,,,,
3/17/2026,11:32:08,Pepsi : 350ml,,Vinywaji,0,2,600,"1,200.00",500,"1,000.00",200,,,,,,
3/17/2026,11:32:08,Pipi/Bigijii@100,,Vitamu,0,4,100,400,59.76,239.02,160.98,,,,,,
3/17/2026,11:32:08,Embassy,,Sigara & RIZLA,0,1,400,400,278.03,278.03,121.97,,,,,,
3/17/2026,11:32:08,Smart Gin-200ML,,Vinywaji,6.20301E+12,1.5,"2,000.00","3,000.00","1,744.28","2,616.42",383.58,,,,,,
3/17/2026,11:32:08,Double(KK)-200ml,,Vinywaji,6.20301E+12,1,"2,000.00","2,000.00","1,794.67","1,794.67",205.33,,,,,,
3/17/2026,11:32:08,Nyota/Kali,,Sigara & RIZLA,0,1,150,150,85.48,85.48,64.52,,,,,,
3/17/2026,11:32:08,Sparletta : 350mL,,Vinywaji,0,1,700,700,563,563,137,,,,,,
3/17/2026,11:32:08,Pipi/Bigijii@50,,Vitamu,0,1,50,50,31.63,31.63,18.37,,,,,,
3/17/2026,16:32:56,Jambo:Bolibo-300ml,,Vinywaji,6.203E+12,1,500,500,428.57,428.57,71.43,,,,,,
3/17/2026,16:32:56,Mafuta/Kupikia-20L,,Viungo,0,3,"5,000.00","15,000.00","4,060.98","12,182.93","2,817.07",,,,,,
3/17/2026,16:32:56,Pipi/Bigijii@100,,Vitamu,0,1,100,100,59.76,59.76,40.24,,,,,,
3/17/2026,16:32:56,Ngano-25kg,,Nafaka,0,2.3,"1,800.00","4,050.00","1,507.14","3,391.07",658.93,,,,,,
3/17/2026,16:32:56,Winston(R),,Sigara & RIZLA,0,3,200,600,130.18,390.54,209.46,,,,,,
3/17/2026,16:32:56,Azam-Cola-300ML,,Vinywaji,6.20301E+12,2,500,"1,000.00",423.55,847.1,152.9,,,,,,
3/17/2026,16:32:56,Sembe-25kg,,Nafaka,0,7.3,"1,500.00","10,875.00","1,180.00","8,555.00","2,320.00",,,,,,
3/17/2026,16:32:56,Uhai(W)-1L,,Vinywaji,6.20301E+12,1,500,500,417.49,417.49,82.51,,,,,,
3/17/2026,16:32:56,Winston(R),,Sigara & RIZLA,0,3,200,600,130.53,391.58,208.42,,,,,,
3/17/2026,17:45:59,Nyota/Kali,,Sigara & RIZLA,0,1,150,150,85.48,85.48,64.52,,,,,,
3/17/2026,17:45:59,Jobo-200ML,,Vinywaji,6.20304E+12,1,"2,000.00","2,000.00","1,723.96","1,723.96",276.04,,,,,,
3/17/2026,17:57:43,Winston(R),,Sigara & RIZLA,0,2,200,400,130.53,261.05,138.95,,,,,,
3/17/2026,17:58:05,Winston(R),,Sigara & RIZLA,0,2,200,400,130.53,261.05,138.95,,,,,,
3/17/2026,18:19:32,Winston(R),,Sigara & RIZLA,0,3,200,600,130.53,391.58,208.42,,,,,,
3/17/2026,18:26:13,Winston(R),,Sigara & RIZLA,0,1,200,200,130.53,130.53,69.47,,,,,,
3/17/2026,18:38:16,Uhai(W)-1L,,Vinywaji,6.20301E+12,1,500,500,417.49,417.49,82.51,,,,,,
3/17/2026,19:41:15,Mshumaa,,Jikoni,6.203E+12,1,400,400,277.78,277.78,122.22,,,,,,
3/17/2026,19:41:15,Winston(R),,Sigara & RIZLA,0,5,200,"1,000.00",130.53,652.63,347.37,,,,,,
3/17/2026,19:54:31,Sembe-25kg,,Nafaka,0,1.5,"1,500.00","2,250.00","1,180.00","1,770.00",480,,,,,,
3/17/2026,20:11:33,Winston(R),,Sigara & RIZLA,0,3,200,600,130.53,391.58,208.42,,,,,,
3/17/2026,20:11:33,Nyota/Kali,,Sigara & RIZLA,0,3,150,450,85.48,256.43,193.57,,,,,,
3/17/2026,20:11:33,Uhai(W)-1L,,Vinywaji,6.20301E+12,1,500,500,417.49,417.49,82.51,,,,,,
3/17/2026,20:41:40,Winston(R),,Sigara & RIZLA,0,6,200,"1,200.00",130.53,783.16,416.84,,,,,,
3/17/2026,20:41:40,Azam-Cola-300ML,,Vinywaji,6.20301E+12,1,500,500,423.55,423.55,76.45,,,,,,
3/17/2026,20:41:40,Uhai(W)-1L,,Vinywaji,6.20301E+12,1,500,500,417.49,417.49,82.51,,,,,,
3/17/2026,20:46:05,Winston(R),,Sigara & RIZLA,0,3,200,600,130.53,391.58,208.42,,,,,,
3/17/2026,20:46:53,Winston(R),,Sigara & RIZLA,0,1,200,200,130.53,130.53,69.47,,,,,,
3/17/2026,20:57:43,Uhai(W)-1.6L,,Vinywaji,6.20301E+12,1,700,700,498.15,498.15,201.85,,,,,,
3/17/2026,20:57:43,Pepsi : 350ml,,Vinywaji,0,1,600,600,500,500,100,,,,,,
3/17/2026,21:20:04,Mayai@Kizungu,,Viungo,0,3,300,900,266.67,800,100,,,,,,
3/17/2026,21:20:04,Winston(R),,Sigara & RIZLA,0,2,200,400,130.53,261.05,138.95,,,,,,
3/17/2026,21:56:52,Azam-Cola-300ML,,Vinywaji,6.20301E+12,1,500,500,423.55,423.55,76.45,,,,,,
3/17/2026,22:08:45,Embassy,,Sigara & RIZLA,0,1,400,400,278.03,278.03,121.97,,,,,,
3/17/2026,22:08:45,Winston(R),,Sigara & RIZLA,0,1,200,200,130.53,130.53,69.47,,,,,,
3/17/2026,23:14:34,Azam-Cola-300ML,,Vinywaji,6.20301E+12,2,500,"1,000.00",423.55,847.1,152.9,,,,,,
3/17/2026,23:14:34,Jambo:Cocopine-300ml,,Vinywaji,6.203E+12,1,500,500,417.29,417.29,82.71,,,,,,
3/17/2026,23:14:34,Uhai(W)-1L,,Vinywaji,6.20301E+12,3,500,"1,500.00",417.49,"1,252.48",247.52,,,,,,
3/17/2026,23:14:34,Fanta-Orange : 350mL,,Vinywaji,0,1,700,700,558.33,558.33,141.67,,,,,,
3/17/2026,23:14:34,Mirinda-600mL,,Vinywaji,6.2011E+12,1,"1,000.00","1,000.00",830.3,830.3,169.7,,,,,,
3/17/2026,23:14:34,Mayai@Kizungu,,Viungo,0,17,300,"5,100.00",266.67,"4,533.33",566.67,,,,,,
3/17/2026,23:14:34,Winston(R),,Sigara & RIZLA,0,15,200,"3,000.00",130.53,"1,957.89","1,042.11",,,,,,
3/17/2026,23:14:34,Nyota/Kali,,Sigara & RIZLA,0,4,150,600,85.48,341.91,258.09,,,,,,
3/17/2026,23:14:34,Uhai(W)-1.6L,,Vinywaji,6.20301E+12,1,700,700,498.15,498.15,201.85,,,,,,
3/17/2026,23:14:34,Double(KK)-200ml,,Vinywaji,6.20301E+12,1,"2,000.00","2,000.00","1,794.67","1,794.67",205.33,,,,,,
3/17/2026,23:14:34,Mosquito :COIL,,Afya,0,3,250,750,140,420,330,,,,,,
3/17/2026,23:14:34,K-vant(S)-250ML,,Vinywaji,6.203E+12,1,"4,000.00","4,000.00","3,340.74","3,340.74",659.26,,,,,,
3/18/2026,11:20:07,Winston(R),,Sigara & RIZLA,0,11,200,"2,200.00",130.53,"1,435.79",764.21,,,,,,
3/18/2026,11:20:07,Sparletta : 350mL,,Vinywaji,0,2,700,"1,400.00",563,"1,126.00",274,,,,,,
3/18/2026,11:20:07,Mafuta/Kupikia-20L,,Viungo,0,1,"5,000.00","5,000.00","4,060.98","4,060.98",939.02,,,,,,
3/18/2026,11:20:07,Azam-Cola-300ML,,Vinywaji,6.20301E+12,2,500,"1,000.00",423.55,847.1,152.9,,,,,,
3/18/2026,11:20:07,Mayai@Kizungu,,Viungo,0,6,300,"1,800.00",266.67,"1,600.00",200,,,,,,
3/18/2026,13:20:53,Mafuta/Kupikia-20L,,Viungo,0,1,"5,000.00","5,000.00","4,060.98","4,060.98",939.02,,,,,,
3/18/2026,13:20:53,Mayai@Kizungu,,Viungo,0,3,300,900,266.67,800,100,,,,,,
3/18/2026,13:20:53,Pipi/Bigijii@100,,Vitamu,0,3,100,300,59.76,179.27,120.73,,,,,,
3/18/2026,13:20:53,Winston(R),,Sigara & RIZLA,0,3,200,600,130.53,391.58,208.42,,,,,,
3/18/2026,14:12:10,Winston(R),,Sigara & RIZLA,0,3,200,600,130.53,391.58,208.42,,,,,,
3/18/2026,14:23:53,Azam-Cola-300ML,,Vinywaji,6.20301E+12,1,500,500,423.55,423.55,76.45,,,,,,
3/18/2026,17:44:50,Mafuta/Kupikia-20L,,Viungo,0,6,"5,000.00","30,000.00","4,060.98","24,365.85","5,634.15",,,,,,
3/18/2026,17:44:50,Saf-Instant-11g,,Viungo,0,2,500,"1,000.00",333.33,666.67,333.33,,,,,,
3/18/2026,17:44:50,Winston(R),,Sigara & RIZLA,0,4,200,800,130.53,522.11,277.89,,,,,,
3/18/2026,17:44:50,Fanta-Orange-600ML,,Vinywaji,5.449E+12,1,"1,000.00","1,000.00",833.33,833.33,166.67,,,,,,
3/18/2026,17:44:50,Pipi/Bigijii@50,,Vitamu,0,1,50,50,31.63,31.63,18.37,,,,,,
3/18/2026,17:44:50,Pipi/Bigijii@100,,Vitamu,0,2,100,200,59.76,119.51,80.49,,,,,,
3/18/2026,19:36:48,Pipi/Bigijii@50,,Vitamu,0,4,50,200,31.63,126.53,73.47,,,,,,
3/18/2026,19:36:48,Pipi/Bigijii@100,,Vitamu,0,2,100,200,59.76,119.51,80.49,,,,,,
3/18/2026,19:36:48,Mafuta/Kupikia-20L,,Viungo,0,1,"5,000.00","5,000.00","4,060.98","4,060.98",939.02,,,,,,
3/18/2026,19:36:48,Nyota/Kali,,Sigara & RIZLA,0,1,150,150,85.48,85.48,64.52,,,,,,
3/18/2026,19:36:48,Master(R),,Sigara & RIZLA,0,1,150,150,104.65,104.65,45.35,,,,,,
3/18/2026,19:36:48,Winston(R),,Sigara & RIZLA,0,3,200,600,130.53,391.58,208.42,,,,,,
3/18/2026,19:36:48,Mosquito :COIL,,Afya,0,4,250,"1,000.00",140,560,440,,,,,,
3/18/2026,19:36:48,Jobo-200ML,,Vinywaji,6.20304E+12,1,"2,000.00","2,000.00","1,723.96","1,723.96",276.04,,,,,,
3/18/2026,19:59:49,Pipi/Bigijii@100,,Vitamu,0,1,100,100,59.76,59.76,40.24,,,,,,
3/18/2026,20:07:23,Nyota/Kali,,Sigara & RIZLA,0,1,150,150,85.48,85.48,64.52,,,,,,
3/18/2026,20:15:07,Azam-Cola-300ML,,Vinywaji,6.20301E+12,1,500,500,423.55,423.55,76.45,,,,,,
3/18/2026,20:17:36,Azam-Cola-300ML,,Vinywaji,6.20301E+12,2,500,"1,000.00",423.55,847.1,152.9,,,,,,
3/18/2026,20:38:44,Nyota/Kali,,Sigara & RIZLA,0,2,150,300,85.48,170.96,129.04,,,,,,
3/18/2026,20:38:44,Winston(R),,Sigara & RIZLA,0,1,200,200,130.53,130.53,69.47,,,,,,
3/18/2026,20:49:08,Winston(R),,Sigara & RIZLA,0,2,200,400,130.18,260.36,139.64,,,,,,
3/18/2026,20:49:08,Kiwembe : Dorco,,Usafi:Binafsi,8.80104E+12,1,150,150,85,85,65,,,,,,
3/18/2026,20:49:08,Winston(R),,Sigara & RIZLA,0,5,200,"1,000.00",130.53,652.63,347.37,,,,,,
3/18/2026,20:49:08,Embassy,,Sigara & RIZLA,0,1,400,400,278.03,278.03,121.97,,,,,,
3/18/2026,20:49:08,Nyota/Kali,,Sigara & RIZLA,0,1,150,150,85.48,85.48,64.52,,,,,,
3/18/2026,22:31:53,Nyota/Kali,,Sigara & RIZLA,0,8,150,"1,200.00",85.48,683.82,516.18,,,,,,
3/18/2026,22:31:53,Winston(R),,Sigara & RIZLA,0,14,200,"2,800.00",130.53,"1,827.37",972.63,,,,,,
3/18/2026,22:31:53,Azam-Malt-300ML,,Vinywaji,6.00964E+12,1,600,600,496.79,496.79,103.21,,,,,,
3/18/2026,22:42:00,Mosquito :COIL,,Afya,0,4,250,"1,000.00",140,560,440,,,,,,
3/18/2026,22:42:00,Jambo:Bolibo-300ml,,Vinywaji,6.203E+12,4,500,"2,000.00",428.57,"1,714.29",285.71,,,,,,
3/18/2026,22:42:00,Smart Gin-200ML,,Vinywaji,6.20301E+12,3.5,"2,000.00","7,000.00","1,744.28","6,104.98",895.02,,,,,,
3/18/2026,22:48:58,Sembe-25kg,,Nafaka,0,4,"1,500.00","6,000.00","1,180.00","4,720.00","1,280.00",,,,,,
3/18/2026,23:02:16,Uhai(W)-1L,,Vinywaji,6.20301E+12,2,500,"1,000.00",417.49,834.98,165.02,,,,,,
3/18/2026,23:02:16,Jambo:Cocopine-300ml,,Vinywaji,6.203E+12,1,500,500,417.29,417.29,82.71,,,,,,
3/18/2026,23:06:52,Winston(R),,Sigara & RIZLA,0,1,200,200,130.53,130.53,69.47,,,,,,
3/18/2026,23:06:52,Uhai(W)-1L,,Vinywaji,6.20301E+12,1,500,500,417.49,417.49,82.51,,,,,,
3/18/2026,23:14:36,Winston(R),,Sigara & RIZLA,0,1,200,200,130.53,130.53,69.47,,,,,,
3/18/2026,23:14:36,Mosquito :COIL,,Afya,0,2,250,500,140,280,220,,,,,,
3/19/2026,8:55:15,Winston(R),,Sigara & RIZLA,0,4,200,800,130.53,522.11,277.89,,,,,,
3/19/2026,8:55:15,Pipi/Bigijii@100,,Vitamu,0,3,100,300,59.76,179.27,120.73,,,,,,
3/19/2026,8:55:15,Jambo:Cocopine-300ml,,Vinywaji,6.203E+12,1,500,500,417.29,417.29,82.71,,,,,,
3/19/2026,8:55:15,Embassy,,Sigara & RIZLA,0,1,400,400,278.03,278.03,121.97,,,,,,
3/19/2026,9:41:24,Winston(R),,Sigara & RIZLA,0,4,200,800,130.53,522.11,277.89,,,,,,
3/19/2026,11:25:40,Winston(R),,Sigara & RIZLA,0,2,200,400,130.53,261.05,138.95,,,,,,
3/19/2026,11:25:40,Uhai(W)-1L,,Vinywaji,6.20301E+12,1,500,500,417.49,417.49,82.51,,,,,,
3/19/2026,11:25:40,Azam-Cola-300ML,,Vinywaji,6.20301E+12,1,500,500,423.55,423.55,76.45,,,,,,
3/19/2026,11:41:25,Cocacola : 350mL,,Vinywaji,0,1,700,700,558.3,558.3,141.7,,,,,,
3/19/2026,11:45:35,Smart Gin-200ML,,Vinywaji,6.20301E+12,1,"2,000.00","2,000.00","1,744.28","1,744.28",255.72,,,,,,
3/19/2026,12:03:41,Jambo:Cocopine-300ml,,Vinywaji,6.203E+12,1,500,500,417.29,417.29,82.71,,,,,,
3/19/2026,12:03:41,Jambo:Bolibo-300ml,,Vinywaji,6.203E+12,1,500,500,428.57,428.57,71.43,,,,,,
3/19/2026,12:03:41,Neel-Salt-200g,,Viungo,6.20301E+12,1,300,300,166.67,166.67,133.33,,,,,,
3/19/2026,12:34:18,Mafuta/Kupikia-20L,,Viungo,0,1,"5,000.00","5,000.00","4,060.98","4,060.98",939.02,,,,,,
3/19/2026,12:34:18,Winston(R),,Sigara & RIZLA,0,1,200,200,130.53,130.53,69.47,,,,,,
3/19/2026,12:34:18,Pipi/Bigijii@100,,Vitamu,0,1,100,100,59.76,59.76,40.24,,,,,,
3/19/2026,12:55:12,Winston(R),,Sigara & RIZLA,0,2,200,400,130.53,261.05,138.95,,,,,,
3/19/2026,12:59:48,UDI : STIKI,,Usafi:Binafsi,0,4,50,200,23.81,95.24,104.76,,,,,,
3/19/2026,12:59:48,Nyota/Kali,,Sigara & RIZLA,0,2,150,300,85.48,170.96,129.04,,,,,,
3/19/2026,13:08:20,Azam-Cola-300ML,,Vinywaji,6.20301E+12,1,500,500,423.55,423.55,76.45,,,,,,
3/19/2026,13:57:42,Azam-Cola-300ML,,Vinywaji,6.20301E+12,1,500,500,423.55,423.55,76.45,,,,,,
3/19/2026,17:14:29,Azam-Cola-300ML,,Vinywaji,6.20301E+12,1,500,500,423.55,423.55,76.45,,,,,,
3/19/2026,17:14:29,Winston(R),,Sigara & RIZLA,0,6,200,"1,200.00",130.53,783.16,416.84,,,,,,
3/19/2026,17:14:29,Uhai(W)-1.6L,,Vinywaji,6.20301E+12,1,700,700,498.15,498.15,201.85,,,,,,
3/19/2026,17:14:29,Mayai@Kizungu,,Viungo,0,9,300,"2,700.00",266.67,"2,400.00",300,,,,,,
3/19/2026,17:14:29,Niceone-400g,,Usafi:Jumla,6.20302E+12,1,"1,000.00","1,000.00",837.5,837.5,162.5,,,,,,
3/19/2026,17:14:29,Tressa :Shampoo - 10ML,,Usafi:Binafsi,6.20305E+12,1,200,200,125,125,75,,,,,,
3/19/2026,17:14:29,Pipi/Bigijii@50,,Vitamu,0,4,50,200,31.63,126.53,73.47,,,,,,
3/19/2026,17:14:29,Robin-Thread,,Usafi:Binafsi,0,1,"1,500.00","1,500.00","1,000.00","1,000.00",500,,,,,,
3/19/2026,17:14:29,Mirinda-600mL,,Vinywaji,6.2011E+12,1,"1,000.00","1,000.00",830.3,830.3,169.7,,,,,,
3/19/2026,17:14:29,Pipi/Bigijii@150,,Vitamu,0,1,150,150,100,100,50,,,,,,
3/19/2026,18:00:54,Niceone-400g,,Usafi:Jumla,6.20302E+12,2,"1,000.00","2,000.00",837.5,"1,675.00",325,,,,,,
3/19/2026,18:08:38,Ngano-25kg,,Nafaka,0,1,"1,800.00","1,800.00","1,507.14","1,507.14",292.86,,,,,,
3/19/2026,18:08:38,Mayai@Kizungu,,Viungo,0,2,300,600,266.67,533.33,66.67,,,,,,
3/19/2026,18:32:17,Winston(R),,Sigara & RIZLA,0,3,200,600,130.53,391.58,208.42,,,,,,
3/19/2026,18:59:32,Winston(R),,Sigara & RIZLA,0,1,200,200,130.53,130.53,69.47,,,,,,
3/19/2026,19:00:49,Uhai(W)-1L,,Vinywaji,6.20301E+12,1,500,500,417.49,417.49,82.51,,,,,,
3/19/2026,20:11:01,Winston(R),,Sigara & RIZLA,0,2,200,400,130.53,261.05,138.95,,,,,,
3/19/2026,20:11:01,Embassy,,Sigara & RIZLA,0,2,400,800,278.03,556.06,243.94,,,,,,
3/19/2026,20:11:01,Nyota/Kali,,Sigara & RIZLA,0,1,150,150,85.48,85.48,64.52,,,,,,
3/19/2026,20:11:01,Pipi/Bigijii@50,,Vitamu,0,3,50,150,31.63,94.9,55.1,,,,,,
3/19/2026,20:11:01,Pipi/Bigijii@100,,Vitamu,0,2,100,200,59.76,119.51,80.49,,,,,,
3/19/2026,21:28:12,Jambo:Cocopine-300ml,,Vinywaji,6.203E+12,3,500,"1,500.00",417.29,"1,251.87",248.13,,,,,,
3/19/2026,21:28:12,Azam-Cola-300ML,,Vinywaji,6.20301E+12,1,500,500,423.55,423.55,76.45,,,,,,
3/19/2026,21:28:12,Winston(R),,Sigara & RIZLA,0,10,200,"2,000.00",130.53,"1,305.26",694.74,,,,,,
3/19/2026,21:28:12,Nyota/Kali,,Sigara & RIZLA,0,3,150,450,85.48,256.43,193.57,,,,,,
3/19/2026,21:28:12,Uhai(W)-1L,,Vinywaji,6.20301E+12,1,500,500,417.49,417.49,82.51,,,,,,
3/19/2026,21:28:12,Kiwembe : Dorco,,Usafi:Binafsi,8.80104E+12,1,150,150,85,85,65,,,,,,
3/19/2026,21:28:12,Mosquito :COIL,,Afya,0,1,250,250,140,140,110,,,,,,
3/19/2026,21:28:12,Cocacola : 350mL,,Vinywaji,0,1,700,700,558.3,558.3,141.7,,,,,,
3/19/2026,21:28:12,Uhai(W)-1.6L,,Vinywaji,6.20301E+12,1,700,700,498.15,498.15,201.85,,,,,,
3/19/2026,21:28:12,Pipi/Bigijii@50,,Vitamu,0,6,50,300,31.63,189.8,110.2,,,,,,
3/19/2026,22:19:26,Winston(R),,Sigara & RIZLA,0,2,200,400,130.53,261.05,138.95,,,,,,
3/19/2026,22:19:26,Nyota/Kali,,Sigara & RIZLA,0,3,150,450,85.48,256.43,193.57,,,,,,
3/19/2026,22:21:09,Winston(R),,Sigara & RIZLA,0,7,200,"1,400.00",130.53,913.68,486.32,,,,,,
3/19/2026,22:23:08,Embassy,,Sigara & RIZLA,0,2,400,800,278.03,556.06,243.94,,,,,,
3/19/2026,22:23:34,Portsman,,Sigara & RIZLA,0,1,300,300,220.88,220.88,79.12,,,,,,
3/19/2026,22:45:24,Mosquito :COIL,,Afya,0,1,250,250,140,140,110,,,,,,
3/19/2026,22:45:24,Mirinda-600mL,,Vinywaji,6.2011E+12,1,"1,000.00","1,000.00",830.3,830.3,169.7,,,,,,
3/19/2026,22:45:24,Winston(R),,Sigara & RIZLA,0,2,200,400,130.53,261.05,138.95,,,,,,
3/19/2026,22:45:24,Azam-Cola-300ML,,Vinywaji,6.20301E+12,11,500,"5,500.00",423.55,"4,659.04",840.96,,,,,,
3/19/2026,22:45:24,Uhai(W)-1L,,Vinywaji,6.20301E+12,1,500,500,417.49,417.49,82.51,,,,,,
3/19/2026,22:45:24,Mayai@Kizungu,,Viungo,0,2,300,600,266.67,533.33,66.67,,,,,,
3/19/2026,22:46:47,Mosquito :COIL,,Afya,0,8,250,"2,000.00",140,"1,120.00",880,,,,,,
3/19/2026,22:51:39,Mafuta/Kupikia-20L,,Viungo,0,1,"5,000.00","5,000.00","4,060.98","4,060.98",939.02,,,,,,
3/19/2026,22:51:39,Sembe-25kg,,Nafaka,0,2,"1,500.00","3,000.00","1,180.00","2,360.00",640,,,,,,
3/19/2026,23:17:26,Mirinda-600mL,,Vinywaji,6.2011E+12,1,"1,000.00","1,000.00",830.3,830.3,169.7,,,,,,
3/19/2026,23:17:26,Uhai(W)-1L,,Vinywaji,6.20301E+12,1,500,500,417.49,417.49,82.51,,,,,,
3/19/2026,23:17:26,Embassy,,Sigara & RIZLA,0,3,400,"1,200.00",278.03,834.09,365.91,,,,,,
3/19/2026,23:17:26,Nyota/Kali,,Sigara & RIZLA,0,1,150,150,85.48,85.48,64.52,,,,,,
3/19/2026,23:17:26,Winston(R),,Sigara & RIZLA,0,4,200,800,130.53,522.11,277.89,,,,,,
3/19/2026,23:17:26,Pipi/Bigijii@100,,Vitamu,0,2,100,200,59.76,119.51,80.49,,,,,,
3/19/2026,23:17:26,Pipi/Bigijii@50,,Vitamu,0,4,50,200,31.63,126.53,73.47,,,,,,
3/20/2026,8:38:10,Winston(R),,Sigara & RIZLA,0,6,200,"1,200.00",130.53,783.16,416.84,,,,,,
3/20/2026,10:51:27,Ngano-25kg,,Nafaka,0,2.3,"1,800.00","4,050.00","1,507.14","3,391.07",658.93,,,,,,
3/20/2026,10:51:27,Niceone-400g,,Usafi:Jumla,6.20302E+12,1,"1,000.00","1,000.00",837.5,837.5,162.5,,,,,,
3/20/2026,10:51:27,Pipi/Bigijii@50,,Vitamu,0,2,50,100,31.63,63.27,36.73,,,,,,
3/20/2026,10:51:27,Pepsi : 350ml,,Vinywaji,0,1,600,600,500,500,100,,,,,,
3/20/2026,10:51:27,Winston(R),,Sigara & RIZLA,0,2,200,400,130.53,261.05,138.95,,,,,,
3/20/2026,10:51:27,Pipi/Bigijii@100,,Vitamu,0,1,100,100,59.76,59.76,40.24,,,,,,
3/20/2026,10:51:27,Embassy,,Sigara & RIZLA,0,1,400,400,278.03,278.03,121.97,,,,,,
3/20/2026,11:01:46,Winston(R),,Sigara & RIZLA,0,1,200,200,130.53,130.53,69.47,,,,,,
3/20/2026,11:01:46,Azam-Cola-300ML,,Vinywaji,6.20301E+12,1,500,500,423.55,423.55,76.45,,,,,,
3/20/2026,11:39:37,Pipi/Bigijii@50,,Vitamu,0,2,50,100,31.63,63.27,36.73,,,,,,
3/20/2026,11:42:07,Uhai(W)-1L,,Vinywaji,6.20301E+12,1,500,500,417.49,417.49,82.51,,,,,,
3/20/2026,11:42:07,Fanta-Passion : 350mL,,Vinywaji,0,1,700,700,558.33,558.33,141.67,,,,,,
3/20/2026,14:34:50,Pipi/Bigijii@100,,Vitamu,0,1,100,100,59.76,59.76,40.24,,,,,,
3/20/2026,14:34:50,Azam-Punch-300ML,,Vinywaji,6.20301E+12,1,500,500,445.83,445.83,54.17,,,,,,
3/20/2026,14:34:50,Pepsi : 350ml,,Vinywaji,0,1,600,600,500,500,100,,,,,,
3/20/2026,15:38:20,Winston(R),,Sigara & RIZLA,0,7,200,"1,400.00",130.53,913.68,486.32,,,,,,
3/20/2026,15:48:52,Azam-Cola-300ML,,Vinywaji,6.20301E+12,1,500,500,423.55,423.55,76.45,,,,,,
3/20/2026,15:48:52,Pipi/Bigijii@50,,Vitamu,0,6,50,300,31.63,189.8,110.2,,,,,,
3/20/2026,16:12:18,Embassy,,Sigara & RIZLA,0,1,400,400,278.03,278.03,121.97,,,,,,
3/20/2026,22:05:47,Mayai@Kizungu,,Viungo,0,18,300,"5,400.00",266.67,"4,800.00",600,,,,,,
3/20/2026,22:05:47,Double(KK)-200ml,,Vinywaji,6.20301E+12,2.5,"2,000.00","5,000.00","1,794.67","4,486.67",513.33,,,,,,
3/20/2026,22:05:47,Smart Gin-200ML,,Vinywaji,6.20301E+12,4,"2,000.00","8,000.00","1,744.28","6,977.11","1,022.89",,,,,,
3/20/2026,22:05:47,Konyagi(S)- 200ML,,Vinywaji,6.20301E+12,1,"3,800.00","3,800.00","3,523.81","3,523.81",276.19,,,,,,
3/20/2026,22:05:47,Haswa -Nazi-150ML,,Usafi:Binafsi,6.2011E+12,1,"1,500.00","1,500.00","1,250.00","1,250.00",250,,,,,,
3/20/2026,22:05:47,Pipi/Bigijii@50,,Vitamu,0,4,50,200,31.63,126.53,73.47,,,,,,
3/20/2026,22:05:47,Winston(R),,Sigara & RIZLA,0,29,200,"5,800.00",130.53,"3,785.26","2,014.74",,,,,,
3/20/2026,22:05:47,Embassy,,Sigara & RIZLA,0,2,400,800,278.03,556.06,243.94,,,,,,
3/20/2026,22:05:47,Nyota/Kali,,Sigara & RIZLA,0,10,150,"1,500.00",85.48,854.78,645.22,,,,,,
3/20/2026,22:05:47,Master(R),,Sigara & RIZLA,0,2,150,300,104.65,209.31,90.69,,,,,,
3/20/2026,22:05:47,Pipi/Bigijii@100,,Vitamu,0,2,100,200,59.76,119.51,80.49,,,,,,
3/20/2026,22:05:47,K-vant(S)-250ML,,Vinywaji,6.203E+12,2,"4,000.00","8,000.00","3,340.74","6,681.48","1,318.52",,,,,,
3/20/2026,22:05:47,UDI : STIKI,,Usafi:Binafsi,0,6,50,300,23.81,142.86,157.14,,,,,,
3/20/2026,22:05:47,Azam-Malt-300ML,,Vinywaji,6.00964E+12,1,600,600,496.79,496.79,103.21,,,,,,
3/20/2026,22:05:47,Jambo:Cocopine-300ml,,Vinywaji,6.203E+12,1,500,500,417.29,417.29,82.71,,,,,,
3/20/2026,22:05:47,Robin-Thread,,Usafi:Binafsi,0,1,"1,500.00","1,500.00","1,000.00","1,000.00",500,,,,,,
3/20/2026,22:05:47,Mosquito :COIL,,Afya,0,13,250,"3,250.00",140,"1,820.00","1,430.00",,,,,,
3/20/2026,22:05:47,Saf-Instant-11g,,Viungo,0,1,500,500,333.33,333.33,166.67,,,,,,
3/20/2026,22:32:23,Ngano-25kg,,Nafaka,0,2,"1,800.00","3,600.00","1,507.14","3,014.29",585.71,,,,,,
3/20/2026,22:32:23,Sparletta : 350mL,,Vinywaji,0,1,700,700,563,563,137,,,,,,
3/20/2026,22:32:23,Mirinda-600mL,,Vinywaji,6.2011E+12,1,"1,000.00","1,000.00",830.3,830.3,169.7,,,,,,
3/20/2026,22:32:23,Winston(R),,Sigara & RIZLA,0,1,200,200,130.53,130.53,69.47,,,,,,
3/21/2026,10:20:04,Uhai(W)-1L,,Vinywaji,6.20301E+12,1,500,500,417.49,417.49,82.51,,,,,,
3/21/2026,10:20:04,K-vant(L)- 750ML,,Vinywaji,6.204E+12,1,"11,000.00","11,000.00","9,574.67","9,574.67","1,425.33",,,,,,
3/21/2026,10:20:04,Portsman,,Sigara & RIZLA,0,1,300,300,220.88,220.88,79.12,,,,,,
3/21/2026,10:20:04,Nyota/Kali,,Sigara & RIZLA,0,3,150,450,85.48,256.43,193.57,,,,,,
3/21/2026,10:20:04,Winston(R),,Sigara & RIZLA,0,25,200,"5,000.00",130.53,"3,263.16","1,736.84",,,,,,
3/21/2026,10:20:04,Pipi/Bigijii@100,,Vitamu,0,1,100,100,59.76,59.76,40.24,,,,,,
3/21/2026,11:32:39,Sparletta : 350mL,,Vinywaji,0,1,700,700,563,563,137,,,,,,
3/21/2026,11:32:39,Fanta-Passion : 350mL,,Vinywaji,0,1,700,700,558.33,558.33,141.67,,,,,,
3/21/2026,11:32:39,Pipi/Bigijii@50,,Vitamu,0,6,50,300,31.63,189.8,110.2,,,,,,
3/21/2026,12:28:22,Winston(R),,Sigara & RIZLA,0,4,200,800,130.53,522.11,277.89,,,,,,
3/21/2026,12:28:22,Cocacola : 350mL,,Vinywaji,0,1,700,700,558.3,558.3,141.7,,,,,,
3/21/2026,12:28:22,Pepsi : 350ml,,Vinywaji,0,1,600,600,500,500,100,,,,,,
3/21/2026,17:40:00,Mayai@Kizungu,,Viungo,0,6,300,"1,800.00",266.67,"1,600.00",200,,,,,,
3/21/2026,17:40:00,Mafuta/Kupikia-20L,,Viungo,0,5,"5,000.00","25,000.00","4,060.98","20,304.88","4,695.12",,,,,,
3/21/2026,17:40:00,Winston(R),,Sigara & RIZLA,0,8,200,"1,600.00",130.53,"1,044.21",555.79,,,,,,
3/21/2026,17:40:00,Embassy,,Sigara & RIZLA,0,2,400,800,278.03,556.06,243.94,,,,,,
3/21/2026,17:40:00,Jambo:Cocopine-300ml,,Vinywaji,6.203E+12,2,500,"1,000.00",417.29,834.58,165.42,,,,,,
3/21/2026,17:40:00,Pepsi : 350ml,,Vinywaji,0,3,600,"1,800.00",500,"1,500.00",300,,,,,,
3/21/2026,17:40:00,Fanta-Orange : 350mL,,Vinywaji,0,1,700,700,558.33,558.33,141.67,,,,,,
3/21/2026,17:40:00,Fanta-Passion : 350mL,,Vinywaji,0,1,700,700,558.33,558.33,141.67,,,,,,
3/21/2026,17:40:00,Sparletta : 350mL,,Vinywaji,0,1,700,700,563,563,137,,,,,,
3/21/2026,17:40:00,Azam-Punch-300ML,,Vinywaji,6.20301E+12,1,500,500,445.83,445.83,54.17,,,,,,
3/21/2026,20:22:56,Nyota/Kali,,Sigara & RIZLA,0,19,150,"2,850.00",85.48,"1,624.08","1,225.92",,,,,,
3/21/2026,20:22:56,Winston(R),,Sigara & RIZLA,0,59,200,"11,800.00",130.53,"7,701.05","4,098.95",,,,,,
3/21/2026,20:22:56,Winston(R),,Sigara & RIZLA,0,2,200,400,130.18,260.36,139.64,,,,,,
3/21/2026,20:22:56,K-vant(S)-250ML,,Vinywaji,6.203E+12,1.5,"4,000.00","6,000.00","3,340.74","5,011.11",988.89,,,,,,
3/21/2026,20:22:56,Pipi/Bigijii@50,,Vitamu,0,20,50,"1,000.00",31.63,632.65,367.35,,,,,,
3/21/2026,20:22:56,Pipi/Bigijii@100,,Vitamu,0,14,100,"1,400.00",59.76,836.59,563.41,,,,,,
3/21/2026,20:22:56,Uhai(W)-1L,,Vinywaji,6.20301E+12,1,500,500,417.49,417.49,82.51,,,,,,
3/21/2026,20:22:56,Azam-Punch-300ML,,Vinywaji,6.20301E+12,1,500,500,445.83,445.83,54.17,,,,,,
3/21/2026,20:22:56,Neel-Salt-500g,,Viungo,6.20301E+12,1,500,500,287.5,287.5,212.5,,,,,,
3/21/2026,20:22:56,Konyagi(S)- 200ML,,Vinywaji,6.20301E+12,1,"3,800.00","3,800.00","3,523.81","3,523.81",276.19,,,,,,
3/21/2026,20:22:56,Fanta-Passion : 350mL,,Vinywaji,0,2,700,"1,400.00",558.33,"1,116.66",283.34,,,,,,
3/21/2026,20:26:03,Niceone-180g,,Usafi:Jumla,6.20302E+12,3,500,"1,500.00",417.5,"1,252.50",247.5,,,,,,
3/21/2026,20:26:03,Niceone-400g,,Usafi:Jumla,6.20302E+12,1,"1,000.00","1,000.00",837.5,837.5,162.5,,,,,,
3/21/2026,21:17:22,Jambo:Cocopine-300ml,,Vinywaji,6.203E+12,2,500,"1,000.00",417.29,834.58,165.42,,,,,,
3/21/2026,21:17:22,Pipi/Bigijii@50,,Vitamu,0,10,50,500,31.63,316.33,183.67,,,,,,
3/21/2026,22:27:05,Uhai(W)-1L,,Vinywaji,6.20301E+12,3,500,"1,500.00",417.49,"1,252.48",247.52,,,,,,
3/21/2026,22:27:05,Nyota/Kali,,Sigara & RIZLA,0,4,150,600,85.48,341.91,258.09,,,,,,
3/21/2026,22:27:05,Winston(R),,Sigara & RIZLA,0,2,200,400,130.53,261.05,138.95,,,,,,
3/21/2026,22:27:05,Fanta-Orange-600ML,,Vinywaji,5.449E+12,1,"1,000.00","1,000.00",833.33,833.33,166.67,,,,,,
3/21/2026,22:27:05,Pipi/Bigijii@50,,Vitamu,0,2,50,100,31.63,63.27,36.73,,,,,,
3/22/2026,8:55:04,Smart Gin-200ML,,Vinywaji,6.20301E+12,1,"2,000.00","2,000.00","1,744.28","1,744.28",255.72,,,,,,
3/22/2026,8:55:04,Winston(R),,Sigara & RIZLA,0,6,200,"1,200.00",130.53,783.16,416.84,,,,,,
3/22/2026,8:55:04,Pipi/Bigijii@50,,Vitamu,0,2,50,100,31.63,63.27,36.73,,,,,,
3/22/2026,8:55:04,Pipi/Bigijii@100,,Vitamu,0,1,100,100,59.76,59.76,40.24,,,,,,
3/22/2026,9:27:34,Master(R),,Sigara & RIZLA,0,2,150,300,104.65,209.31,90.69,,,,,,
3/22/2026,18:11:38,Embassy,,Sigara & RIZLA,0,3,400,"1,200.00",278.03,834.09,365.91,,,,,,
3/22/2026,18:11:38,Portsman,,Sigara & RIZLA,0,2,300,600,220.88,441.76,158.24,,,,,,
3/22/2026,18:11:38,Winston(R),,Sigara & RIZLA,0,11,200,"2,200.00",130.18,"1,431.96",768.04,,,,,,
3/22/2026,18:11:38,Smart Gin-200ML,,Vinywaji,6.20301E+12,2,"2,000.00","4,000.00","1,744.28","3,488.56",511.44,,,,,,
3/22/2026,18:11:38,Pipi/Bigijii@50,,Vitamu,0,20,50,"1,000.00",31.63,632.65,367.35,,,,,,
3/22/2026,18:11:38,Uhai(W)-1L,,Vinywaji,6.20301E+12,1,500,500,417.49,417.49,82.51,,,,,,
3/22/2026,18:11:38,Uhai(W)-1.6L,,Vinywaji,6.20301E+12,1,700,700,498.15,498.15,201.85,,,,,,
3/22/2026,18:11:38,Pipi/Bigijii@100,,Vitamu,0,11,100,"1,100.00",59.76,657.32,442.68,,,,,,
3/22/2026,18:11:38,RIZLA,,Sigara & RIZLA,0,2,800,"1,600.00",550,"1,100.00",500,,,,,,
3/22/2026,18:42:10,Winston(R),,Sigara & RIZLA,0,1,200,200,130.53,130.53,69.47,,,,,,
3/22/2026,18:42:10,Niceone-180g,,Usafi:Jumla,6.20302E+12,1,500,500,417.5,417.5,82.5,,,,,,
3/22/2026,18:42:10,Niceone-400g,,Usafi:Jumla,6.20302E+12,2,"1,000.00","2,000.00",837.5,"1,675.00",325,,,,,,
3/22/2026,19:37:13,Mayai@Kizungu,,Viungo,0,2,350,700,266.67,533.33,166.67,,,,,,
3/22/2026,21:56:08,Winston(R),,Sigara & RIZLA,0,2,200,400,130.53,261.05,138.95,,,,,,
3/22/2026,21:56:08,Smart Gin-200ML,,Vinywaji,6.20301E+12,1,"2,000.00","2,000.00","1,744.28","1,744.28",255.72,,,,,,
3/22/2026,21:56:08,Master(R),,Sigara & RIZLA,0,2,150,300,104.65,209.31,90.69,,,,,,
3/22/2026,21:56:08,Sembe-25kg,,Nafaka,0,1.5,"1,500.00","2,250.00","1,180.00","1,770.00",480,,,,,,
3/22/2026,22:23:40,Mirinda-Black : 350ml,,Vinywaji,0,2,600,"1,200.00",500,"1,000.00",200,,,,,,
3/22/2026,22:23:40,Winston(R),,Sigara & RIZLA,0,6,200,"1,200.00",130.53,783.16,416.84,,,,,,
3/22/2026,22:23:40,Nyota/Kali,,Sigara & RIZLA,0,10,150,"1,500.00",85.48,854.78,645.22,,,,,,
3/22/2026,22:23:40,Pipi/Bigijii@50,,Vitamu,0,14,50,700,31.63,442.86,257.14,,,,,,
3/22/2026,22:23:40,Uhai(W)-1L,,Vinywaji,6.20301E+12,1,500,500,417.49,417.49,82.51,,,,,,
3/22/2026,22:23:40,Azam-Cola-300ML,,Vinywaji,6.20301E+12,1,500,500,423.55,423.55,76.45,,,,,,
3/22/2026,22:23:40,Mosquito :COIL,,Afya,0,7,250,"1,750.00",140,980,770,,,,,,
3/22/2026,22:28:10,Uhai(W)-1L,,Vinywaji,6.20301E+12,1,500,500,417.49,417.49,82.51,,,,,,
3/22/2026,22:28:10,Uhai(W)-1.6L,,Vinywaji,6.20301E+12,1,700,700,498.15,498.15,201.85,,,,,,
3/22/2026,23:05:34,Azam-Cola-300ML,,Vinywaji,6.20301E+12,1,500,500,423.55,423.55,76.45,,,,,,
3/22/2026,23:05:34,Winston(R),,Sigara & RIZLA,0,2,200,400,130.53,261.05,138.95,,,,,,
3/23/2026,9:28:24,Winston(R),,Sigara & RIZLA,0,5,200,"1,000.00",130.53,652.63,347.37,,,,,,
3/23/2026,9:28:24,Smart Gin-200ML,,Vinywaji,6.20301E+12,1,"2,000.00","2,000.00","1,744.28","1,744.28",255.72,,,,,,
3/23/2026,9:28:24,Niceone-180g,,Usafi:Jumla,6.20302E+12,1,500,500,417.5,417.5,82.5,,,,,,
3/23/2026,9:28:24,Pipi/Bigijii@100,,Vitamu,0,1,100,100,59.76,59.76,40.24,,,,,,
3/23/2026,9:28:24,Pipi/Bigijii@50,,Vitamu,0,8,50,400,31.63,253.06,146.94,,,,,,
3/23/2026,9:28:24,Mirinda-600mL,,Vinywaji,6.2011E+12,1,"1,000.00","1,000.00",830.3,830.3,169.7,,,,,,
3/23/2026,13:08:11,Pipi/Bigijii@100,,Vitamu,0,1,100,100,59.76,59.76,40.24,,,,,,
3/23/2026,13:08:11,Winston(R),,Sigara & RIZLA,0,1,200,200,130.53,130.53,69.47,,,,,,
3/23/2026,13:08:11,Niceone-180g,,Usafi:Jumla,6.20302E+12,3,500,"1,500.00",417.5,"1,252.50",247.5,,,,,,
3/23/2026,15:51:12,Mayai@Kizungu,,Viungo,0,4,350,"1,400.00",266.67,"1,066.67",333.33,,,,,,
3/23/2026,15:51:12,Winston(R),,Sigara & RIZLA,0,17,200,"3,400.00",130.53,"2,218.95","1,181.05",,,,,,
3/23/2026,15:51:12,Pipi/Bigijii@100,,Vitamu,0,1,100,100,59.76,59.76,40.24,,,,,,
3/23/2026,15:51:12,Double(KK)-200ml,,Vinywaji,6.20301E+12,1.5,"2,000.00","3,000.00","1,794.67","2,692.00",308,,,,,,
3/23/2026,15:56:28,Winston(R),,Sigara & RIZLA,0,3,200,600,130.53,391.58,208.42,,,,,,
3/23/2026,15:56:28,Pipi/Bigijii@100,,Vitamu,0,1,100,100,59.76,59.76,40.24,,,,,,
3/23/2026,16:25:15,Winston(R),,Sigara & RIZLA,0,3,200,600,130.53,391.58,208.42,,,,,,
3/23/2026,16:25:15,Pipi/Bigijii@100,,Vitamu,0,1,100,100,59.76,59.76,40.24,,,,,,
3/23/2026,16:25:15,Kiwembe : Dorco,,Usafi:Binafsi,8.80104E+12,1,150,150,85,85,65,,,,,,
3/23/2026,16:25:15,Jambo:Cocopine-300ml,,Vinywaji,6.203E+12,1,500,500,417.29,417.29,82.71,,,,,,
3/23/2026,17:32:36,Uhai(W)-1.6L,,Vinywaji,6.20301E+12,4,700,"2,800.00",498.15,"1,992.59",807.41,,,,,,
3/23/2026,19:38:07,Pipi/Bigijii@50,,Vitamu,0,7,50,350,31.63,221.43,128.57,,,,,,
3/23/2026,19:38:07,Winston(R),,Sigara & RIZLA,0,8,200,"1,600.00",130.53,"1,044.21",555.79,,,,,,
3/23/2026,19:38:07,Pepsi : 350ml,,Vinywaji,0,1,600,600,500,500,100,,,,,,
3/23/2026,19:38:07,Neel-Salt-200g,,Viungo,6.20301E+12,1,300,300,166.67,166.67,133.33,,,,,,
3/23/2026,19:38:07,Mafuta/Kupikia-20L,,Viungo,0,4,"5,000.00","20,000.00","4,060.98","16,243.90","3,756.10",,,,,,
3/23/2026,19:38:07,Winston(R),,Sigara & RIZLA,0,3,200,600,130.18,390.54,209.46,,,,,,
3/23/2026,19:38:07,Jobo-200ML,,Vinywaji,6.20304E+12,1,"2,000.00","2,000.00","1,723.96","1,723.96",276.04,,,,,,
3/23/2026,19:38:07,Smart Gin-200ML,,Vinywaji,6.20301E+12,2.5,"2,000.00","5,000.00","1,744.28","4,360.70",639.3,,,,,,
3/23/2026,19:38:07,Double(KK)-200ml,,Vinywaji,6.20301E+12,1,"2,000.00","2,000.00","1,794.67","1,794.67",205.33,,,,,,
3/23/2026,19:38:07,Pipi/Bigijii@100,,Vitamu,0,2,100,200,59.76,119.51,80.49,,,,,,
3/23/2026,19:38:07,RIZLA,,Sigara & RIZLA,0,1,800,800,550,550,250,,,,,,
3/23/2026,19:38:07,Mshumaa,,Jikoni,6.203E+12,2,500,"1,000.00",277.78,555.56,444.44,,,,,,
3/23/2026,19:38:07,Mayai@Kizungu,,Viungo,0,2,350,700,266.67,533.33,166.67,,,,,,
3/23/2026,19:38:07,Azam-Cola-300ML,,Vinywaji,6.20301E+12,1,500,500,423.55,423.55,76.45,,,,,,
3/23/2026,19:38:07,Master(R),,Sigara & RIZLA,0,3,150,450,104.65,313.96,136.04,,,,,,
3/23/2026,22:10:59,Jambo:Cocopine-300ml,,Vinywaji,6.203E+12,2,500,"1,000.00",417.29,834.58,165.42,,,,,,
3/23/2026,22:10:59,Smart Gin-200ML,,Vinywaji,6.20301E+12,1,"2,000.00","2,000.00","1,744.28","1,744.28",255.72,,,,,,
3/23/2026,22:10:59,Portsman,,Sigara & RIZLA,0,2,300,600,220.88,441.76,158.24,,,,,,
3/23/2026,22:10:59,Nyota/Kali,,Sigara & RIZLA,0,4,150,600,85.48,341.91,258.09,,,,,,
3/23/2026,22:10:59,Winston(R),,Sigara & RIZLA,0,3,200,600,130.53,391.58,208.42,,,,,,
3/23/2026,22:10:59,K-vant(S)-250ML,,Vinywaji,6.203E+12,1,"4,000.00","4,000.00","3,340.74","3,340.74",659.26,,,,,,
3/23/2026,22:10:59,Azam-Cola-300ML,,Vinywaji,6.20301E+12,1,500,500,423.55,423.55,76.45,,,,,,
3/23/2026,22:10:59,Mosquito :COIL,,Afya,0,4,250,"1,000.00",140,560,440,,,,,,
3/23/2026,22:10:59,Jambo:Bolibo-300ml,,Vinywaji,6.203E+12,1,500,500,428.57,428.57,71.43,,,,,,
3/23/2026,23:16:55,Nyota/Kali,,Sigara & RIZLA,0,3,150,450,85.48,256.43,193.57,,,,,,
3/23/2026,23:16:55,Mosquito :COIL,,Afya,0,3,250,750,140,420,330,,,,,,
3/23/2026,23:16:55,Master(R),,Sigara & RIZLA,0,1,150,150,104.65,104.65,45.35,,,,,,
3/23/2026,23:16:55,Uhai(W)-1L,,Vinywaji,6.20301E+12,2,500,"1,000.00",417.49,834.98,165.02,,,,,,
3/23/2026,23:16:55,Portsman,,Sigara & RIZLA,0,1,300,300,220.88,220.88,79.12,,,,,,
3/23/2026,23:16:55,Jambo:Cocopine-300ml,,Vinywaji,6.203E+12,1,500,500,417.29,417.29,82.71,,,,,,
3/23/2026,23:16:55,Jambo:Bolibo-300ml,,Vinywaji,6.203E+12,1,500,500,428.57,428.57,71.43,,,,,,
3/23/2026,23:16:55,Winston(R),,Sigara & RIZLA,0,5,200,"1,000.00",130.53,652.63,347.37,,,,,,
3/23/2026,23:16:55,Pipi/Bigijii@100,,Vitamu,0,1,100,100,59.76,59.76,40.24,,,,,,
3/23/2026,23:16:55,Embassy,,Sigara & RIZLA,0,1,400,400,278.03,278.03,121.97,,,,,,
3/24/2026,10:11:53,Niceone-180g,,Usafi:Jumla,6.20302E+12,1,500,500,417.5,417.5,82.5,,,,,,
3/24/2026,10:11:53,Pipi/Bigijii@100,,Vitamu,0,1,100,100,59.76,59.76,40.24,,,,,,
3/24/2026,10:11:53,Tambi-25kg (Kupima),,Nafaka,0,1,"2,800.00","2,800.00","2,140.00","2,140.00",660,,,,,,
3/24/2026,10:11:53,Winston(R),,Sigara & RIZLA,0,1,200,200,130.53,130.53,69.47,,,,,,
3/24/2026,10:11:53,Master(R),,Sigara & RIZLA,0,1,150,150,104.65,104.65,45.35,,,,,,
3/24/2026,11:03:57,Azam-Cola-300ML,,Vinywaji,6.20301E+12,1,500,500,423.55,423.55,76.45,,,,,,
3/24/2026,11:03:57,Winston(R),,Sigara & RIZLA,0,1,200,200,130.53,130.53,69.47,,,,,,
3/24/2026,12:30:59,Jambo:Bolibo-300ml,,Vinywaji,6.203E+12,1,500,500,428.57,428.57,71.43,,,,,,
3/24/2026,12:30:59,Azam-Cola-300ML,,Vinywaji,6.20301E+12,2,500,"1,000.00",423.55,847.1,152.9,,,,,,
3/24/2026,12:30:59,Master(R),,Sigara & RIZLA,0,1,150,150,104.65,104.65,45.35,,,,,,
3/24/2026,12:30:59,Winston(R),,Sigara & RIZLA,0,4,200,800,130.53,522.11,277.89,,,,,,
3/24/2026,12:30:59,Mayai@Kizungu,,Viungo,0,1,350,350,266.67,266.67,83.33,,,,,,
3/24/2026,12:30:59,Winston(R),,Sigara & RIZLA,0,3,200,600,130.18,390.54,209.46,,,,,,
3/24/2026,12:30:59,Mafuta/Kupikia-20L,,Viungo,0,1.5,"5,000.00","7,500.00","4,060.98","6,091.46","1,408.54",,,,,,
3/24/2026,12:34:15,Winston(R),,Sigara & RIZLA,0,3,200,600,130.53,391.58,208.42,,,,,,
3/24/2026,12:34:15,Winston(R),,Sigara & RIZLA,0,3,200,600,130.18,390.54,209.46,,,,,,
3/24/2026,16:17:03,Winston(R),,Sigara & RIZLA,0,10,200,"2,000.00",130.53,"1,305.26",694.74,,,,,,
3/24/2026,16:17:03,Mayai@Kizungu,,Viungo,0,3,350,"1,050.00",266.67,800,250,,,,,,
3/24/2026,16:17:03,Nyota/Kali,,Sigara & RIZLA,0,2,150,300,85.48,170.96,129.04,,,,,,
3/24/2026,16:17:03,Pipi/Bigijii@50,,Vitamu,0,4,50,200,31.63,126.53,73.47,,,,,,
3/24/2026,16:17:03,Pipi/Bigijii@100,,Vitamu,0,1,100,100,59.76,59.76,40.24,,,,,,
3/24/2026,16:17:03,Jambo:Cocopine-300ml,,Vinywaji,6.203E+12,1,500,500,417.29,417.29,82.71,,,,,,
3/24/2026,16:17:03,Pepsi : 350ml,,Vinywaji,0,1,600,600,500,500,100,,,,,,
3/24/2026,16:17:03,Mirinda-Black : 350ml,,Vinywaji,0,1,600,600,500,500,100,,,,,,
3/24/2026,17:41:48,Winston(R),,Sigara & RIZLA,0,3,200,600,130.53,391.58,208.42,,,,,,
3/24/2026,17:41:48,Tressa :Shampoo - 10ML,,Usafi:Binafsi,6.20305E+12,2,200,400,125,250,150,,,,,,
3/24/2026,17:41:48,Azam-Cola-300ML,,Vinywaji,6.20301E+12,1,500,500,423.55,423.55,76.45,,,,,,
3/24/2026,17:41:25,Winston(R),,Sigara & RIZLA,0,3,200,600,130.53,391.58,208.42,,,,,,
3/24/2026,17:41:25,Tressa :Shampoo - 10ML,,Usafi:Binafsi,6.20305E+12,2,200,400,125,250,150,,,,,,
3/24/2026,17:41:25,Azam-Cola-300ML,,Vinywaji,6.20301E+12,1,500,500,423.55,423.55,76.45,,,,,,
3/24/2026,20:17:01,Winston(R),,Sigara & RIZLA,0,8,200,"1,600.00",130.53,"1,044.21",555.79,,,,,,
3/24/2026,20:17:01,Neel-Salt-200g,,Viungo,6.20301E+12,1,300,300,166.67,166.67,133.33,,,,,,
3/24/2026,20:17:01,Pepsi : 350ml,,Vinywaji,0,1,600,600,500,500,100,,,,,,
3/24/2026,20:17:01,Smart Gin-200ML,,Vinywaji,6.20301E+12,1,"2,000.00","2,000.00","1,744.28","1,744.28",255.72,,,,,,
3/24/2026,20:17:01,Master(R),,Sigara & RIZLA,0,1,150,150,104.65,104.65,45.35,,,,,,
3/24/2026,20:17:01,Mshumaa,,Jikoni,6.203E+12,1,500,500,277.78,277.78,222.22,,,,,,
3/24/2026,20:17:01,Azam-Cola-300ML,,Vinywaji,6.20301E+12,1,500,500,423.55,423.55,76.45,,,,,,
3/24/2026,20:17:01,Sembe-25kg,,Nafaka,0,1,"1,500.00","1,500.00","1,180.00","1,180.00",320,,,,,,
3/24/2026,20:17:01,Pipi/Bigijii@50,,Vitamu,0,3,50,150,31.63,94.9,55.1,,,,,,
3/24/2026,20:17:01,Pipi/Bigijii@100,,Vitamu,0,2,100,200,59.76,119.51,80.49,,,,,,
3/24/2026,20:17:01,Nyota/Kali,,Sigara & RIZLA,0,2,150,300,85.48,170.96,129.04,,,,,,
3/24/2026,20:17:01,Jambo:Cocopine-300ml,,Vinywaji,6.203E+12,1,500,500,417.29,417.29,82.71,,,,,,
3/24/2026,20:54:08,Winston(R),,Sigara & RIZLA,0,9,200,"1,800.00",130.53,"1,174.74",625.26,,,,,,
3/24/2026,20:54:08,Mayai@Kizungu,,Viungo,0,4,350,"1,400.00",266.67,"1,066.67",333.33,,,,,,
3/24/2026,21:25:08,K-vant(S)-250ML,,Vinywaji,6.203E+12,0.5,"4,000.00","2,000.00","3,340.74","1,670.37",329.63,,,,,,
3/24/2026,21:52:09,Master(R),,Sigara & RIZLA,0,1,150,150,104.65,104.65,45.35,,,,,,
3/24/2026,21:52:09,Uhai(W)-1L,,Vinywaji,6.20301E+12,3,500,"1,500.00",417.49,"1,252.48",247.52,,,,,,
3/24/2026,21:52:09,Portsman,,Sigara & RIZLA,0,3,300,900,220.88,662.65,237.35,,,,,,
3/24/2026,21:52:09,Nyota/Kali,,Sigara & RIZLA,0,2,150,300,85.48,170.96,129.04,,,,,,
3/24/2026,21:52:09,Mayai@Kizungu,,Viungo,0,4,350,"1,400.00",266.67,"1,066.67",333.33,,,,,,
3/24/2026,21:52:09,Sembe-25kg,,Nafaka,0,5,"1,500.00","7,500.00","1,180.00","5,900.00","1,600.00",,,,,,
3/24/2026,22:12:15,Smart Gin-200ML,,Vinywaji,6.20301E+12,1,"2,000.00","2,000.00","1,744.28","1,744.28",255.72,,,,,,
3/24/2026,22:12:15,Azam-Cola-300ML,,Vinywaji,6.20301E+12,1,500,500,423.55,423.55,76.45,,,,,,
3/24/2026,22:56:56,Winston(R),,Sigara & RIZLA,0,6,200,"1,200.00",130.53,783.16,416.84,,,,,,
3/24/2026,22:56:56,Pipi/Bigijii@100,,Vitamu,0,1,100,100,59.76,59.76,40.24,,,,,,
3/24/2026,22:56:56,Nyota/Kali,,Sigara & RIZLA,0,2,150,300,85.48,170.96,129.04,,,,,,
3/24/2026,22:56:56,Uhai(W)-1L,,Vinywaji,6.20301E+12,1,500,500,417.49,417.49,82.51,,,,,,
3/25/2026,9:25:29,Winston(R),,Sigara & RIZLA,0,7,200,"1,400.00",130.53,913.68,486.32,,,,,,
3/25/2026,9:25:29,Azam-Malt-300ML,,Vinywaji,6.00964E+12,1,600,600,496.79,496.79,103.21,,,,,,
3/25/2026,9:25:29,Embassy,,Sigara & RIZLA,0,1,400,400,278.03,278.03,121.97,,,,,,
3/25/2026,9:25:29,Jambo:Bolibo-300ml,,Vinywaji,6.203E+12,1,500,500,428.57,428.57,71.43,,,,,,
3/25/2026,9:25:29,Uhai(W)-1L,,Vinywaji,6.20301E+12,1,500,500,417.49,417.49,82.51,,,,,,
3/25/2026,9:25:29,Smart Gin-200ML,,Vinywaji,6.20301E+12,0.5,"2,000.00","1,000.00","1,744.28",872.14,127.86,,,,,,
3/25/2026,9:25:29,Azam-Cola-300ML,,Vinywaji,6.20301E+12,1,500,500,423.55,423.55,76.45,,,,,,
3/25/2026,9:25:29,K-vant(S)-250ML,,Vinywaji,6.203E+12,0.5,"4,000.00","2,000.00","3,340.74","1,670.37",329.63,,,,,,
3/25/2026,9:49:08,Smart Gin-200ML,,Vinywaji,6.20301E+12,0.5,"2,000.00","1,000.00","1,744.28",872.14,127.86,,,,,,
3/25/2026,10:11:58,Smart Gin-200ML,,Vinywaji,6.20301E+12,0.5,"2,000.00","1,000.00","1,744.28",872.14,127.86,,,,,,
3/25/2026,10:16:28,Winston(R),,Sigara & RIZLA,0,3,200,600,130.53,391.58,208.42,,,,,,
3/25/2026,10:26:27,Sembe-25kg,,Nafaka,0,5,"1,500.00","7,500.00","1,180.00","5,900.00","1,600.00",,,,,,
3/25/2026,10:26:27,Sukari(Kupima) - 50kg,,Viungo,0,1,"3,000.00","3,000.00","2,360.00","2,360.00",640,,,,,,
3/25/2026,18:13:11,Smart Gin-200ML,,Vinywaji,6.20301E+12,0.5,"2,000.00","1,000.00","1,744.28",872.14,127.86,,,,,,
3/25/2026,18:30:28,Azam-Malt-300ML,,Vinywaji,6.00964E+12,2,600,"1,200.00",496.79,993.59,206.41,,,,,,
3/25/2026,18:30:28,Azam-Cola-300ML,,Vinywaji,6.20301E+12,2,500,"1,000.00",423.55,847.1,152.9,,,,,,
3/25/2026,18:30:28,Uhai(W)-1.6L,,Vinywaji,6.20301E+12,2,700,"1,400.00",498.15,996.3,403.7,,,,,,
3/25/2026,18:30:28,Uhai(W)-1L,,Vinywaji,6.20301E+12,1,500,500,417.49,417.49,82.51,,,,,,
3/25/2026,18:30:28,Fanta-Orange : 350mL,,Vinywaji,0,1,700,700,558.33,558.33,141.67,,,,,,
3/25/2026,18:30:28,Fanta-Orange-600ML,,Vinywaji,5.449E+12,1,"1,000.00","1,000.00",833.33,833.33,166.67,,,,,,
3/25/2026,18:30:28,Smart Gin-200ML,,Vinywaji,6.20301E+12,0.5,"2,000.00","1,000.00","1,744.28",872.14,127.86,,,,,,
3/25/2026,18:30:28,Mayai@Kizungu,,Viungo,0,4,350,"1,400.00",266.67,"1,066.67",333.33,,,,,,
3/25/2026,18:30:28,Sukari(Kupima) - 50kg,,Viungo,0,0.3,"3,000.00",750,"2,360.00",590,160,,,,,,
3/25/2026,18:30:28,Niceone-180g,,Usafi:Jumla,6.20302E+12,4,500,"2,000.00",417.5,"1,670.00",330,,,,,,
3/25/2026,18:30:28,Niceone-400g,,Usafi:Jumla,6.20302E+12,1,"1,000.00","1,000.00",837.5,837.5,162.5,,,,,,
3/25/2026,18:30:28,Portsman,,Sigara & RIZLA,0,2,300,600,220.88,441.76,158.24,,,,,,
3/25/2026,18:30:28,Pipi/Bigijii@50,,Vitamu,0,16,50,800,31.63,506.12,293.88,,,,,,
3/25/2026,18:30:28,Pipi/Bigijii@100,,Vitamu,0,6,100,600,59.76,358.54,241.46,,,,,,
3/25/2026,18:30:28,Jambo:Bolibo-300ml,,Vinywaji,6.203E+12,1,500,500,428.57,428.57,71.43,,,,,,
3/25/2026,18:30:28,Sembe-25kg,,Nafaka,0,0.3,"1,500.00",375,"1,180.00",295,80,,,,,,
3/25/2026,18:32:11,Winston(R),,Sigara & RIZLA,0,3,200,600,130.53,391.58,208.42,,,,,,
3/25/2026,18:33:27,Smart Gin-200ML,,Vinywaji,6.20301E+12,0.5,"2,000.00","1,000.00","1,744.28",872.14,127.86,,,,,,
3/25/2026,18:40:30,Mafuta/Kupikia-20L,,Viungo,0,1,"6,000.00","6,000.00","4,060.98","4,060.98","1,939.02",,,,,,
3/25/2026,18:45:22,Winston(R),,Sigara & RIZLA,0,3,200,600,130.53,391.58,208.42,,,,,,
3/25/2026,18:45:22,Winston(R),,Sigara & RIZLA,0,3,200,600,130.18,390.54,209.46,,,,,,
3/25/2026,18:54:49,Mshumaa,,Jikoni,6.203E+12,1,500,500,277.78,277.78,222.22,,,,,,
3/25/2026,18:54:49,Niceone-180g,,Usafi:Jumla,6.20302E+12,1,500,500,417.5,417.5,82.5,,,,,,
3/25/2026,18:55:52,RIZLA,,Sigara & RIZLA,0,3,800,"2,400.00",550,"1,650.00",750,,,,,,
3/25/2026,19:07:41,Sembe-25kg,,Nafaka,0,0.5,"1,500.00",750,"1,180.00",590,160,,,,,,
3/25/2026,19:15:25,LED Bulb-5W,,Umeme/Ufundi,0,1,"1,500.00","1,500.00",721.79,721.79,778.21,,,,,,
3/25/2026,19:25:00,Smart Gin-200ML,,Vinywaji,6.20301E+12,1,"2,000.00","2,000.00","1,744.28","1,744.28",255.72,,,,,,
3/25/2026,19:35:42,Sembe-25kg,,Nafaka,0,0.5,"1,500.00",750,"1,180.00",590,160,,,,,,
3/25/2026,19:35:42,Jambo:Cocopine-300ml,,Vinywaji,6.203E+12,1,500,500,417.29,417.29,82.71,,,,,,
3/25/2026,22:23:49,K-vant(S)-250ML,,Vinywaji,6.203E+12,0.5,"4,000.00","2,000.00","3,340.74","1,670.37",329.63,,,,,,
3/25/2026,22:23:49,Cocacola : 350mL,,Vinywaji,0,1,700,700,558.3,558.3,141.7,,,,,,
3/25/2026,22:26:42,Double(KK)-200ml,,Vinywaji,6.20301E+12,2,"2,000.00","4,000.00","1,794.67","3,589.33",410.67,,,,,,
3/25/2026,22:26:42,Winston(R),,Sigara & RIZLA,0,6,200,"1,200.00",130.53,783.16,416.84,,,,,,
3/25/2026,22:26:42,Mayai@Kizungu,,Viungo,0,2,350,700,266.67,533.33,166.67,,,,,,
3/25/2026,22:27:57,Sukari(Kupima) - 50kg,,Viungo,0,1,"3,000.00","3,000.00","2,360.00","2,360.00",640,,,,,,
3/25/2026,22:27:57,Fanta-Orange-600ML,,Vinywaji,5.449E+12,1,"1,000.00","1,000.00",833.33,833.33,166.67,,,,,,
3/25/2026,22:35:42,Mosquito :COIL,,Afya,0,10,250,"2,500.00",140,"1,400.00","1,100.00",,,,,,
3/25/2026,22:35:42,Embassy,,Sigara & RIZLA,0,1,400,400,278.03,278.03,121.97,,,,,,
3/25/2026,22:35:42,Pipi/Bigijii@100,,Vitamu,0,1,100,100,59.76,59.76,40.24,,,,,,
3/25/2026,22:35:42,Double(KK)-200ml,,Vinywaji,6.20301E+12,1,"2,000.00","2,000.00","1,794.67","1,794.67",205.33,,,,,,
3/25/2026,22:35:42,Winston(R),,Sigara & RIZLA,0,3,200,600,130.53,391.58,208.42,,,,,,
3/25/2026,22:35:42,Sembe-25kg,,Nafaka,0,0.5,"1,500.00",750,"1,180.00",590,160,,,,,,
3/25/2026,22:35:42,Uhai(W)-1L,,Vinywaji,6.20301E+12,1,500,500,417.49,417.49,82.51,,,,,,
3/25/2026,22:35:42,Jambo:Bolibo-300ml,,Vinywaji,6.203E+12,2,500,"1,000.00",428.57,857.14,142.86,,,,,,
3/25/2026,22:37:06,Winston(R),,Sigara & RIZLA,0,1,200,200,130.53,130.53,69.47,,,,,,
3/25/2026,22:37:06,Mosquito :COIL,,Afya,0,1,250,250,140,140,110,,,,,,
3/25/2026,22:37:06,Azam-Cola-300ML,,Vinywaji,6.20301E+12,1,500,500,423.55,423.55,76.45,,,,,,
3/25/2026,23:00:16,Pipi/Bigijii@100,,Vitamu,0,2,100,200,59.76,119.51,80.49,,,,,,
3/25/2026,23:30:50,Embassy,,Sigara & RIZLA,0,1,400,400,278.03,278.03,121.97,,,,,,
3/25/2026,23:30:50,Niceone-180g,,Usafi:Jumla,6.20302E+12,1,500,500,417.5,417.5,82.5,,,,,,
3/26/2026,9:05:50,Winston(R),,Sigara & RIZLA,0,4,200,800,130.53,522.11,277.89,,,,,,
3/26/2026,9:05:50,Jambo:Cocopine-300ml,,Vinywaji,6.203E+12,1,500,500,417.29,417.29,82.71,,,,,,
3/26/2026,9:05:50,Smart Gin-200ML,,Vinywaji,6.20301E+12,0.5,"2,000.00","1,000.00","1,744.28",872.14,127.86,,,,,,
3/26/2026,9:05:50,Azam-Cola-300ML,,Vinywaji,6.20301E+12,1,500,500,423.55,423.55,76.45,,,,,,
3/26/2026,9:33:12,Embassy,,Sigara & RIZLA,0,2,400,800,278.03,556.06,243.94,,,,,,
3/26/2026,9:51:47,K-vant(S)-250ML,,Vinywaji,6.203E+12,0.5,"4,000.00","2,000.00","3,340.74","1,670.37",329.63,,,,,,
3/26/2026,10:19:18,K-vant(S)-250ML,,Vinywaji,6.203E+12,0.5,"4,000.00","2,000.00","3,340.74","1,670.37",329.63,,,,,,
3/26/2026,10:26:20,Jambo:Cocopine-300ml,,Vinywaji,6.203E+12,1,500,500,417.29,417.29,82.71,,,,,,
3/26/2026,10:29:51,Sukari(Kupima) - 50kg,,Viungo,0,0.5,"3,000.00","1,500.00","2,360.00","1,180.00",320,,,,,,
3/26/2026,12:48:24,Neel-Salt-500g,,Viungo,6.20301E+12,1,500,500,287.5,287.5,212.5,,,,,,
3/26/2026,12:48:24,Mafuta/Kupikia-20L,,Viungo,0,0.3,"6,000.00","1,500.00","4,060.98","1,015.24",484.76,,,,,,
3/26/2026,15:33:58,Sembe-25kg,,Nafaka,0,8.3,"1,500.00","12,375.00","1,180.00","9,735.00","2,640.00",,,,,,
3/26/2026,15:33:58,Ngano-25kg,,Nafaka,0,1,"1,800.00","1,800.00","1,507.14","1,507.14",292.86,,,,,,
3/26/2026,15:33:58,Fanta-Orange : 350mL,,Vinywaji,0,1,700,700,558.33,558.33,141.67,,,,,,
3/26/2026,15:33:58,Azam-Punch-300ML,,Vinywaji,6.20301E+12,1,500,500,445.83,445.83,54.17,,,,,,
3/26/2026,15:33:58,Master(R),,Sigara & RIZLA,0,2,150,300,104.65,209.31,90.69,,,,,,
3/26/2026,15:33:58,Winston(R),,Sigara & RIZLA,0,1,200,200,130.53,130.53,69.47,,,,,,
3/26/2026,15:33:58,Pipi/Bigijii@100,,Vitamu,0,1,100,100,59.76,59.76,40.24,,,,,,
3/26/2026,15:33:58,Azam-Cola-300ML,,Vinywaji,6.20301E+12,1,500,500,423.55,423.55,76.45,,,,,,
3/26/2026,16:22:39,Winston(R),,Sigara & RIZLA,0,1,200,200,130.53,130.53,69.47,,,,,,
3/26/2026,17:05:47,Smart Gin-200ML,,Vinywaji,6.20301E+12,0.5,"2,000.00","1,000.00","1,744.28",872.14,127.86,,,,,,
3/26/2026,17:44:51,Winston(R),,Sigara & RIZLA,0,3,200,600,130.53,391.58,208.42,,,,,,
3/26/2026,17:47:24,Winston(R),,Sigara & RIZLA,0,3,200,600,130.53,391.58,208.42,,,,,,
3/26/2026,17:53:31,Winston(R),,Sigara & RIZLA,0,3,200,600,130.53,391.58,208.42,,,,,,
3/26/2026,17:53:31,Ngano-25kg,,Nafaka,0,0.5,"1,800.00",900,"1,507.14",753.57,146.43,,,,,,
3/26/2026,18:20:17,Winston(R),,Sigara & RIZLA,0,3,200,600,130.18,390.54,209.46,,,,,,
3/26/2026,18:21:38,Mosquito :COIL,,Afya,0,4,250,"1,000.00",140,560,440,,,,,,
3/26/2026,19:39:52,Pipi/Bigijii@100,,Vitamu,0,1,100,100,59.76,59.76,40.24,,,,,,
3/26/2026,19:41:54,Mosquito :COIL,,Afya,0,4,250,"1,000.00",140,560,440,,,,,,
3/26/2026,19:41:54,RIZLA,,Sigara & RIZLA,0,1,800,800,550,550,250,,,,,,
3/26/2026,19:48:19,Saf-Instant-11g,,Viungo,0,1,500,500,333.33,333.33,166.67,,,,,,
3/26/2026,19:48:19,Pipi/Bigijii@50,,Vitamu,0,10,50,500,31.63,316.33,183.67,,,,,,
3/26/2026,19:48:19,Mafuta/Kupikia-20L,,Viungo,0,0.3,"6,000.00","1,500.00","4,060.98","1,015.24",484.76,,,,,,
3/26/2026,19:50:02,Mshumaa,,Jikoni,6.203E+12,2,500,"1,000.00",277.78,555.56,444.44,,,,,,
3/26/2026,20:08:16,Mayai@Kizungu,,Viungo,0,3,350,"1,050.00",266.67,800,250,,,,,,
3/26/2026,20:08:16,Pipi/Bigijii@100,,Vitamu,0,2,100,200,59.76,119.51,80.49,,,,,,
3/26/2026,20:08:16,Mosquito :COIL,,Afya,0,2,250,500,140,280,220,,,,,,
3/26/2026,20:10:07,Konyagi(S)- 200ML,,Vinywaji,6.20301E+12,1,"3,800.00","3,800.00","3,523.81","3,523.81",276.19,,,,,,
3/26/2026,20:10:07,Neel-Salt-500g,,Viungo,6.20301E+12,1,500,500,287.5,287.5,212.5,,,,,,
3/26/2026,20:18:17,Sembe-25kg,,Nafaka,0,0.3,"1,500.00",375,"1,180.00",295,80,,,,,,
3/26/2026,20:43:05,Winston(R),,Sigara & RIZLA,0,3,200,600,130.53,391.58,208.42,,,,,,
3/26/2026,20:43:05,Azam-Malt-300ML,,Vinywaji,6.00964E+12,1,600,600,496.79,496.79,103.21,,,,,,
3/26/2026,20:43:05,Sukari(Kupima) - 50kg,,Viungo,0,0.3,"3,000.00",750,"2,360.00",590,160,,,,,,
3/26/2026,20:43:05,Embassy,,Sigara & RIZLA,0,1,400,400,278.03,278.03,121.97,,,,,,
3/26/2026,20:43:05,Jobo-200ML,,Vinywaji,6.20304E+12,1,"2,000.00","2,000.00","1,723.96","1,723.96",276.04,,,,,,
3/26/2026,20:43:05,Mirinda-Black : 350ml,,Vinywaji,0,1,600,600,500,500,100,,,,,,
3/26/2026,20:43:05,Jambo:Bolibo-300ml,,Vinywaji,6.203E+12,1,500,500,428.57,428.57,71.43,,,,,,
3/26/2026,20:43:05,Pakiti/Ajinomoto,,Viungo,0,1,100,100,42.86,42.86,57.14,,,,,,
3/26/2026,20:44:05,Azam-Cola-300ML,,Vinywaji,6.20301E+12,1,500,500,423.55,423.55,76.45,,,,,,
3/26/2026,20:53:44,Mafuta/Kupikia-20L,,Viungo,0,1,"6,000.00","6,000.00","4,060.98","4,060.98","1,939.02",,,,,,
3/26/2026,20:58:30,K-vant(S)-250ML,,Vinywaji,6.203E+12,0.5,"4,000.00","2,000.00","3,340.74","1,670.37",329.63,,,,,,
3/26/2026,21:08:26,Uhai(W)-1L,,Vinywaji,6.20301E+12,1,500,500,417.49,417.49,82.51,,,,,,
3/26/2026,21:08:26,Mafuta/Kupikia-20L,,Viungo,0,1,"6,000.00","6,000.00","4,060.98","4,060.98","1,939.02",,,,,,
3/26/2026,21:50:01,Embassy,,Sigara & RIZLA,0,2,400,800,278.03,556.06,243.94,,,,,,
3/26/2026,21:50:01,Pipi/Bigijii@100,,Vitamu,0,2,100,200,59.76,119.51,80.49,,,,,,
3/26/2026,21:50:01,Master(R),,Sigara & RIZLA,0,1,150,150,104.65,104.65,45.35,,,,,,
3/26/2026,21:50:01,Uhai(W)-1L,,Vinywaji,6.20301E+12,1,500,500,417.49,417.49,82.51,,,,,,
3/26/2026,21:50:01,Mosquito :COIL,,Afya,0,9,250,"2,250.00",140,"1,260.00",990,,,,,,
3/26/2026,21:50:01,Jambo:Bolibo-300ml,,Vinywaji,6.203E+12,1,500,500,428.57,428.57,71.43,,,,,,
3/26/2026,21:50:01,Jambo:Cocopine-300ml,,Vinywaji,6.203E+12,1,500,500,417.29,417.29,82.71,,,,,,
3/26/2026,21:50:01,Sembe-25kg,,Nafaka,0,0.5,"1,500.00",750,"1,180.00",590,160,,,,,,
3/26/2026,22:03:14,Sembe-25kg,,Nafaka,0,1,"1,500.00","1,500.00","1,180.00","1,180.00",320,,,,,,
3/26/2026,22:03:14,Winston(R),,Sigara & RIZLA,0,3,200,600,130.53,391.58,208.42,,,,,,
3/26/2026,22:04:14,Sembe-25kg,,Nafaka,0,1,"1,500.00","1,500.00","1,180.00","1,180.00",320,,,,,,
3/26/2026,22:04:14,Winston(R),,Sigara & RIZLA,0,3,200,600,130.53,391.58,208.42,,,,,,
3/26/2026,22:11:56,Azam-Malt-300ML,,Vinywaji,6.00964E+12,1,600,600,496.79,496.79,103.21,,,,,,
3/26/2026,22:11:56,K-vant(S)-250ML,,Vinywaji,6.203E+12,0.5,"4,000.00","2,000.00","3,340.74","1,670.37",329.63,,,,,,
3/26/2026,22:11:56,Mosquito :COIL,,Afya,0,2,250,500,140,280,220,,,,,,
3/26/2026,22:31:52,Embassy,,Sigara & RIZLA,0,1,400,400,278.03,278.03,121.97,,,,,,
3/26/2026,23:04:57,K-vant(S)-250ML,,Vinywaji,6.203E+12,1,"4,000.00","4,000.00","3,340.74","3,340.74",659.26,,,,,,
3/27/2026,9:05:54,Winston(R),,Sigara & RIZLA,0,3,200,600,130.53,391.58,208.42,,,,,,
3/27/2026,9:05:54,Sukari(Kupima) - 50kg,,Viungo,0,1,"3,000.00","3,000.00","2,360.00","2,360.00",640,,,,,,
3/27/2026,9:05:54,Embassy,,Sigara & RIZLA,0,1,400,400,278.03,278.03,121.97,,,,,,
3/27/2026,9:05:54,Double(KK)-200ml,,Vinywaji,6.20301E+12,0.5,"2,000.00","1,000.00","1,794.67",897.33,102.67,,,,,,
3/27/2026,11:11:46,Double(KK)-200ml,,Vinywaji,6.20301E+12,1.5,"2,000.00","3,000.00","1,794.67","2,692.00",308,,,,,,
3/27/2026,11:11:46,Winston(R),,Sigara & RIZLA,0,3,200,600,130.53,391.58,208.42,,,,,,
3/27/2026,11:11:46,Pipi/Bigijii@50,,Vitamu,0,2,50,100,31.63,63.27,36.73,,,,,,
3/27/2026,11:13:33,K-vant(S)-250ML,,Vinywaji,6.203E+12,0.5,"4,000.00","2,000.00","3,340.74","1,670.37",329.63,,,,,,
3/27/2026,11:13:33,Cocacola : 350mL,,Vinywaji,0,1,700,700,558.3,558.3,141.7,,,,,,
3/27/2026,11:15:26,Sukari(Kupima) - 50kg,,Viungo,0,0.3,"3,000.00",750,"2,360.00",590,160,,,,,,
3/27/2026,11:16:58,Niceone-180g,,Usafi:Jumla,6.20302E+12,2,500,"1,000.00",417.5,835,165,,,,,,
3/27/2026,14:52:26,Ngano-25kg,,Nafaka,0,0.5,"1,800.00",900,"1,507.14",753.57,146.43,,,,,,
3/27/2026,14:52:26,Mafuta/Kupikia-20L,,Viungo,0,0.3,"6,000.00","1,500.00","4,060.98","1,015.24",484.76,,,,,,
3/27/2026,14:58:58,Winston(R),,Sigara & RIZLA,0,6,200,"1,200.00",130.53,783.16,416.84,,,,,,
3/27/2026,14:58:58,Winston(R),,Sigara & RIZLA,0,3,200,600,130.18,390.54,209.46,,,,,,
3/27/2026,16:31:53,Tambi-25kg (Kupima),,Nafaka,0,1.5,"2,800.00","4,200.00","2,140.00","3,210.00",990,,,,,,
3/27/2026,16:31:53,Azam-Cola-300ML,,Vinywaji,6.20301E+12,2,500,"1,000.00",423.55,847.1,152.9,,,,,,
3/27/2026,16:31:53,Jambo:Cocopine-300ml,,Vinywaji,6.203E+12,2,500,"1,000.00",417.29,834.58,165.42,,,,,,
3/27/2026,16:31:53,Double(KK)-200ml,,Vinywaji,6.20301E+12,1.5,"2,000.00","3,000.00","1,794.67","2,692.00",308,,,,,,
3/27/2026,16:31:53,Niceone-180g,,Usafi:Jumla,6.20302E+12,2,500,"1,000.00",417.5,835,165,,,,,,
3/27/2026,16:31:53,Niceone-400g,,Usafi:Jumla,6.20302E+12,3,"1,000.00","3,000.00",837.5,"2,512.50",487.5,,,,,,
3/27/2026,18:12:22,Smart Gin-200ML,,Vinywaji,6.20301E+12,0.5,"2,000.00","1,000.00","1,744.28",872.14,127.86,,,,,,
3/27/2026,18:15:12,Mshumaa,,Jikoni,6.203E+12,1,500,500,277.78,277.78,222.22,,,,,,
3/27/2026,18:15:12,Pipi/Bigijii@50,,Vitamu,0,2,50,100,31.63,63.27,36.73,,,,,,
3/27/2026,19:03:04,Winston(R),,Sigara & RIZLA,0,4,200,800,130.53,522.11,277.89,,,,,,
3/27/2026,19:03:04,Winston(R),,Sigara & RIZLA,0,1,200,200,130.18,130.18,69.82,,,,,,
3/27/2026,19:03:04,Portsman,,Sigara & RIZLA,0,2,300,600,220.88,441.76,158.24,,,,,,
3/27/2026,19:04:26,Mafuta/Kupikia-20L,,Viungo,0,0.8,"6,000.00","4,500.00","4,060.98","3,045.73","1,454.27",,,,,,
3/27/2026,19:04:26,Mayai@Kizungu,,Viungo,0,2,350,700,266.67,533.33,166.67,,,,,,
3/27/2026,19:25:56,Jambo:Bolibo-300ml,,Vinywaji,6.203E+12,1,500,500,428.57,428.57,71.43,,,,,,
3/27/2026,19:25:56,Sembe-25kg,,Nafaka,0,1,"1,500.00","1,500.00","1,180.00","1,180.00",320,,,,,,
3/27/2026,19:25:56,Double(KK)-200ml,,Vinywaji,6.20301E+12,0.5,"2,000.00","1,000.00","1,794.67",897.33,102.67,,,,,,
3/27/2026,19:28:53,Smart Gin-200ML,,Vinywaji,6.20301E+12,1,"2,000.00","2,000.00","1,744.28","1,744.28",255.72,,,,,,
3/27/2026,19:28:53,Winston(R),,Sigara & RIZLA,0,3,200,600,130.53,391.58,208.42,,,,,,
3/27/2026,19:53:30,Double(KK)-200ml,,Vinywaji,6.20301E+12,0.5,"2,000.00","1,000.00","1,794.67",897.33,102.67,,,,,,
3/27/2026,19:53:30,Sembe-25kg,,Nafaka,0,0.8,"1,500.00","1,125.00","1,180.00",885,240,,,,,,
3/27/2026,20:00:32,Nyota/Kali,,Sigara & RIZLA,0,12,150,"1,800.00",85.48,"1,025.74",774.26,,,,,,
3/27/2026,20:00:32,Sembe-25kg,,Nafaka,0,0.8,"1,500.00","1,125.00","1,180.00",885,240,,,,,,
3/27/2026,20:00:32,Mafuta/Kupikia-20L,,Viungo,0,0.3,"6,000.00","1,500.00","4,060.98","1,015.24",484.76,,,,,,
3/27/2026,20:15:57,Smart Gin-200ML,,Vinywaji,6.20301E+12,0.5,"2,000.00","1,000.00","1,744.28",872.14,127.86,,,,,,
3/27/2026,20:28:45,Double(KK)-200ml,,Vinywaji,6.20301E+12,0.5,"2,000.00","1,000.00","1,794.67",897.33,102.67,,,,,,
3/27/2026,20:28:45,Winston(R),,Sigara & RIZLA,0,3,200,600,130.53,391.58,208.42,,,,,,
3/27/2026,20:35:24,Winston(R),,Sigara & RIZLA,0,2,200,400,130.53,261.05,138.95,,,,,,
3/27/2026,20:45:05,K-vant(S)-250ML,,Vinywaji,6.203E+12,0.5,"4,000.00","2,000.00","3,340.74","1,670.37",329.63,,,,,,
3/27/2026,20:45:05,Cocacola : 350mL,,Vinywaji,0,1,700,700,558.3,558.3,141.7,,,,,,
3/27/2026,21:20:35,Master(K),,Sigara & RIZLA,0,6,150,900,100.76,604.58,295.42,,,,,,
3/27/2026,22:09:29,Azam-Malt-300ML,,Vinywaji,6.00964E+12,1,600,600,496.79,496.79,103.21,,,,,,
3/27/2026,22:09:29,Winston(R),,Sigara & RIZLA,0,3,200,600,130.53,391.58,208.42,,,,,,
3/27/2026,22:09:29,Double(KK)-200ml,,Vinywaji,6.20301E+12,0.5,"2,000.00","1,000.00","1,794.67",897.33,102.67,,,,,,
3/27/2026,22:36:24,Azam-Cola-300ML,,Vinywaji,6.20301E+12,1,500,500,423.55,423.55,76.45,,,,,,
3/27/2026,22:47:21,Azam-Cola-300ML,,Vinywaji,6.20301E+12,1,500,500,423.55,423.55,76.45,,,,,,
3/27/2026,22:52:52,Mosquito :COIL,,Afya,0,1,250,250,140,140,110,,,,,,
3/27/2026,22:52:52,Azam-Cola-300ML,,Vinywaji,6.20301E+12,1,500,500,423.55,423.55,76.45,,,,,,
3/27/2026,22:53:51,Winston(R),,Sigara & RIZLA,0,3,200,600,130.53,391.58,208.42,,,,,,
3/27/2026,22:53:51,Uhai(W)-1L,,Vinywaji,6.20301E+12,1,500,500,417.49,417.49,82.51,,,,,,
3/27/2026,23:12:12,Azam-Malt-300ML,,Vinywaji,6.00964E+12,1,600,600,496.79,496.79,103.21,,,,,,
3/27/2026,23:17:01,Jambo:Cocopine-300ml,,Vinywaji,6.203E+12,1,500,500,417.29,417.29,82.71,,,,,,
3/27/2026,23:23:47,Azam-Cola-300ML,,Vinywaji,6.20301E+12,1,500,500,423.55,423.55,76.45,,,,,,
3/28/2026,12:40:12,Uhai(W)-1L,,Vinywaji,6.20301E+12,1,500,500,417.49,417.49,82.51,,,,,,
3/28/2026,12:40:12,Kiwembe : Dorco,,Usafi:Binafsi,8.80104E+12,2,200,400,85,170,230,,,,,,
3/28/2026,12:40:12,Smart Gin-200ML,,Vinywaji,6.20301E+12,0.5,"2,000.00","1,000.00","1,744.28",872.14,127.86,,,,,,
3/28/2026,12:40:12,Winston(R),,Sigara & RIZLA,0,2,200,400,130.18,260.36,139.64,,,,,,
3/28/2026,12:40:12,Pipi/Bigijii@100,,Vitamu,0,1,100,100,59.76,59.76,40.24,,,,,,
3/28/2026,17:54:55,Sembe-25kg,,Nafaka,0,0.5,"1,500.00",750,"1,180.00",590,160,,,,,,
3/28/2026,17:58:42,Sembe-25kg,,Nafaka,0,0.5,"1,500.00",750,"1,180.00",590,160,,,,,,
3/28/2026,18:00:10,Smart Gin-200ML,,Vinywaji,6.20301E+12,0.5,"2,000.00","1,000.00","1,744.28",872.14,127.86,,,,,,
3/28/2026,18:03:58,Embassy,,Sigara & RIZLA,0,1,400,400,278.03,278.03,121.97,,,,,,
3/28/2026,18:20:29,Pipi/Bigijii@50,,Vitamu,0,3,50,150,31.63,94.9,55.1,,,,,,
3/28/2026,18:20:29,Mafuta/Kupikia-20L,,Viungo,0,0.5,"6,000.00","3,000.00","4,060.98","2,030.49",969.51,,,,,,
3/28/2026,18:20:29,Winston(R),,Sigara & RIZLA,0,4,200,800,130.53,522.11,277.89,,,,,,
3/28/2026,18:20:29,Mayai@Kizungu,,Viungo,0,3,350,"1,050.00",266.67,800,250,,,,,,
3/28/2026,18:20:29,Ngano-25kg,,Nafaka,0,1,"1,800.00","1,800.00","1,507.14","1,507.14",292.86,,,,,,
3/28/2026,18:20:29,Sembe-25kg,,Nafaka,0,1.8,"1,500.00","2,625.00","1,180.00","2,065.00",560,,,,,,
3/28/2026,18:20:29,Smart Gin-200ML,,Vinywaji,6.20301E+12,1.5,"2,000.00","3,000.00","1,744.28","2,616.42",383.58,,,,,,
3/28/2026,18:20:29,Pipi/Bigijii@100,,Vitamu,0,2,100,200,59.76,119.51,80.49,,,,,,
3/28/2026,18:20:29,Embassy,,Sigara & RIZLA,0,1,400,400,278.03,278.03,121.97,,,,,,
3/28/2026,18:20:29,Azam-Cola-300ML,,Vinywaji,6.20301E+12,1,500,500,423.55,423.55,76.45,,,,,,
3/28/2026,18:27:38,K-vant(S)-250ML,,Vinywaji,6.203E+12,0.5,"4,000.00","2,000.00","3,340.74","1,670.37",329.63,,,,,,
3/28/2026,18:28:05,K-vant(S)-250ML,,Vinywaji,6.203E+12,0.5,"4,000.00","2,000.00","3,340.74","1,670.37",329.63,,,,,,
3/28/2026,18:48:08,Mosquito :COIL,,Afya,0,3,250,750,140,420,330,,,,,,
3/28/2026,19:06:04,Mirinda-600mL,,Vinywaji,6.2011E+12,1,"1,000.00","1,000.00",830.3,830.3,169.7,,,,,,
3/28/2026,19:34:17,Mafuta/Kupikia-20L,,Viungo,0,0.3,"6,000.00","1,500.00","4,060.98","1,015.24",484.76,,,,,,
3/28/2026,19:35:43,Winston(R),,Sigara & RIZLA,0,2,200,400,130.53,261.05,138.95,,,,,,
3/28/2026,19:35:43,Pipi/Bigijii@100,,Vitamu,0,1,100,100,59.76,59.76,40.24,,,,,,
3/28/2026,19:38:38,Sembe-25kg,,Nafaka,0,0.5,"1,500.00",750,"1,180.00",590,160,,,,,,
3/28/2026,19:38:38,Mafuta/Kupikia-20L,,Viungo,0,0.3,"6,000.00","1,500.00","4,060.98","1,015.24",484.76,,,,,,
3/28/2026,19:46:08,Uhai(W)-1.6L,,Vinywaji,6.20301E+12,1,700,700,498.15,498.15,201.85,,,,,,
3/28/2026,19:46:08,Uhai(W)-1L,,Vinywaji,6.20301E+12,2,500,"1,000.00",417.49,834.98,165.02,,,,,,
3/28/2026,19:46:08,Azam-Cola-300ML,,Vinywaji,6.20301E+12,1,500,500,423.55,423.55,76.45,,,,,,
3/28/2026,19:46:08,Smart Gin-200ML,,Vinywaji,6.20301E+12,0.5,"2,000.00","1,000.00","1,744.28",872.14,127.86,,,,,,
3/28/2026,19:46:08,Winston(R),,Sigara & RIZLA,0,2,200,400,130.53,261.05,138.95,,,,,,
3/28/2026,19:48:13,K-vant(S)-250ML,,Vinywaji,6.203E+12,0.5,"4,000.00","2,000.00","3,340.74","1,670.37",329.63,,,,,,
3/28/2026,21:54:04,Pipi/Bigijii@100,,Vitamu,0,1,100,100,59.76,59.76,40.24,,,,,,
3/28/2026,21:54:04,Winston(R),,Sigara & RIZLA,0,1,200,200,130.53,130.53,69.47,,,,,,
3/28/2026,21:55:00,Smart Gin-200ML,,Vinywaji,6.20301E+12,1,"2,000.00","2,000.00","1,744.28","1,744.28",255.72,,,,,,
3/28/2026,22:11:34,Nyota/Kali,,Sigara & RIZLA,0,2,150,300,85.48,170.96,129.04,,,,,,
3/28/2026,22:11:34,Smart Gin-200ML,,Vinywaji,6.20301E+12,3.5,"2,000.00","7,000.00","1,744.28","6,104.98",895.02,,,,,,
3/28/2026,22:11:34,Azam-Cola-300ML,,Vinywaji,6.20301E+12,1,500,500,423.55,423.55,76.45,,,,,,
3/28/2026,22:11:34,Winston(R),,Sigara & RIZLA,0,6,200,"1,200.00",130.53,783.16,416.84,,,,,,
3/28/2026,22:11:34,Uhai(W)-1L,,Vinywaji,6.20301E+12,1,500,500,417.49,417.49,82.51,,,,,,
3/28/2026,22:11:34,Pipi/Bigijii@100,,Vitamu,0,4,100,400,59.76,239.02,160.98,,,,,,
3/28/2026,22:11:34,Pipi/Bigijii@300,,Vitamu,0,1,300,300,220,220,80,,,,,,
3/28/2026,22:11:34,Pipi/Bigijii@50,,Vitamu,0,1,50,50,31.63,31.63,18.37,,,,,,
3/28/2026,22:11:34,Mafuta/Kupikia-20L,,Viungo,0,0.5,"6,000.00","3,000.00","4,060.98","2,030.49",969.51,,,,,,
3/28/2026,22:11:34,Sukari(Kupima) - 50kg,,Viungo,0,0.5,"3,000.00","1,500.00","2,360.00","1,180.00",320,,,,,,
3/28/2026,22:38:46,Jambo:Cocopine-300ml,,Vinywaji,6.203E+12,1,500,500,417.29,417.29,82.71,,,,,,
3/28/2026,22:38:46,Azam-Cola-300ML,,Vinywaji,6.20301E+12,1,500,500,423.55,423.55,76.45,,,,,,
3/28/2026,22:38:46,Embassy,,Sigara & RIZLA,0,1,400,400,278.03,278.03,121.97,,,,,,
3/28/2026,22:38:46,Mayai@Kizungu,,Viungo,0,6,350,"2,100.00",266.67,"1,600.00",500,,,,,,
3/28/2026,22:40:06,Jambo:Cocopine-300ml,,Vinywaji,6.203E+12,1,500,500,417.29,417.29,82.71,,,,,,
3/28/2026,22:40:06,Azam-Cola-300ML,,Vinywaji,6.20301E+12,1,500,500,423.55,423.55,76.45,,,,,,
3/28/2026,22:40:06,Embassy,,Sigara & RIZLA,0,1,400,400,278.03,278.03,121.97,,,,,,
3/28/2026,22:40:06,Mayai@Kizungu,,Viungo,0,6,350,"2,100.00",266.67,"1,600.00",500,,,,,,
3/28/2026,22:41:40,Smart Gin-200ML,,Vinywaji,6.20301E+12,0.5,"2,000.00","1,000.00","1,744.28",872.14,127.86,,,,,,
3/28/2026,22:41:40,Winston(R),,Sigara & RIZLA,0,1,200,200,130.53,130.53,69.47,,,,,,
3/28/2026,22:41:40,Mayai@Kizungu,,Viungo,0,3,350,"1,050.00",266.67,800,250,,,,,,
3/28/2026,22:45:53,Smart Gin-200ML,,Vinywaji,6.20301E+12,0.5,"2,000.00","1,000.00","1,744.28",872.14,127.86,,,,,,
3/28/2026,23:07:19,Winston(R),,Sigara & RIZLA,0,2,200,400,130.53,261.05,138.95,,,,,,
3/28/2026,23:07:19,Embassy,,Sigara & RIZLA,0,1,400,400,278.03,278.03,121.97,,,,,,
3/28/2026,23:07:19,Neel-Salt-500g,,Viungo,6.20301E+12,2,500,"1,000.00",287.5,575,425,,,,,,
3/28/2026,23:09:23,Embassy,,Sigara & RIZLA,0,1.3,400,500,278.03,347.54,152.46,,,,,,
3/28/2026,23:17:31,Smart Gin-200ML,,Vinywaji,6.20301E+12,2,"2,000.00","4,000.00","1,744.28","3,488.56",511.44,,,,,,
3/28/2026,23:18:45,Kiwembe : Dorco,,Usafi:Binafsi,8.80104E+12,1,200,200,85,85,115,,,,,,
3/28/2026,23:19:27,UDI : STIKI,,Usafi:Binafsi,0,2,50,100,23.81,47.62,52.38,,,,,,
3/29/2026,8:15:48,Smart Gin-200ML,,Vinywaji,6.20301E+12,0.5,"2,000.00","1,000.00","1,744.28",872.14,127.86,,,,,,
3/29/2026,8:21:39,Mayai@Kizungu,,Viungo,0,3,350,"1,050.00",266.67,800,250,,,,,,
3/29/2026,8:22:57,Mayai@Kizungu,,Viungo,0,3,350,"1,050.00",266.67,800,250,,,,,,
3/29/2026,8:25:01,Sukari(Kupima) - 50kg,,Viungo,0,0.3,"3,000.00",750,"2,360.00",590,160,,,,,,
3/29/2026,8:25:46,Embassy,,Sigara & RIZLA,0,1,400,400,278.03,278.03,121.97,,,,,,
3/29/2026,8:27:10,Ngano-25kg,,Nafaka,0,0.3,"1,800.00",450,"1,507.14",376.79,73.21,,,,,,
3/29/2026,8:33:57,Winston(R),,Sigara & RIZLA,0,2,200,400,130.53,261.05,138.95,,,,,,
3/29/2026,8:33:57,K-vant(S)-250ML,,Vinywaji,6.203E+12,0.5,"4,000.00","2,000.00","3,340.74","1,670.37",329.63,,,,,,
3/29/2026,8:33:57,Pipi/Bigijii@50,,Vitamu,0,2,50,100,31.63,63.27,36.73,,,,,,
3/29/2026,8:33:57,Master(R),,Sigara & RIZLA,0,1,150,150,104.65,104.65,45.35,,,,,,
3/29/2026,8:33:57,Niceone-180g,,Usafi:Jumla,6.20302E+12,1,500,500,417.5,417.5,82.5,,,,,,
3/29/2026,8:33:57,Pipi/Bigijii@100,,Vitamu,0,1,100,100,59.76,59.76,40.24,,,,,,
3/29/2026,9:16:49,Tambi-25kg (Kupima),,Nafaka,0,0.5,"2,800.00","1,400.00","2,140.00","1,070.00",330,,,,,,
3/29/2026,9:20:26,Winston(R),,Sigara & RIZLA,0,2,200,400,130.18,260.36,139.64,,,,,,
3/29/2026,9:20:26,Smart Gin-200ML,,Vinywaji,6.20301E+12,0.5,"2,000.00","1,000.00","1,744.28",872.14,127.86,,,,,,
3/29/2026,9:20:26,Winston(R),,Sigara & RIZLA,0,3,200,600,130.53,391.58,208.42,,,,,,
3/29/2026,9:21:30,Niceone-400g,,Usafi:Jumla,6.20302E+12,1,"1,000.00","1,000.00",837.5,837.5,162.5,,,,,,
3/29/2026,12:12:01,K-vant(S)-250ML,,Vinywaji,6.203E+12,0.5,"4,000.00","2,000.00","3,340.74","1,670.37",329.63,,,,,,
3/29/2026,12:20:16,K-vant(L)- 750ML,,Vinywaji,6.204E+12,2,"11,000.00","22,000.00","9,574.67","19,149.33","2,850.67",,,,,,
3/29/2026,12:21:07,Sembe-25kg,,Nafaka,0,1,"1,500.00","1,500.00","1,180.00","1,180.00",320,,,,,,
3/29/2026,12:21:51,Jambo:Cocopine-300ml,,Vinywaji,6.203E+12,1,500,500,417.29,417.29,82.71,,,,,,
3/29/2026,12:22:45,Jambo:Cocopine-300ml,,Vinywaji,6.203E+12,1,500,500,417.29,417.29,82.71,,,,,,
3/29/2026,12:26:17,Tambi-25kg (Kupima),,Nafaka,0,1,"2,800.00","2,800.00","2,140.00","2,140.00",660,,,,,,
3/29/2026,12:26:17,Winston(R),,Sigara & RIZLA,0,3,200,600,130.53,391.58,208.42,,,,,,
3/29/2026,14:34:05,Paracetamol - 500mg,,Afya,0,4,50,200,30,120,80,,,,,,
3/29/2026,14:49:13,Jobo-200ML,,Vinywaji,6.20304E+12,1,"2,000.00","2,000.00","1,723.96","1,723.96",276.04,,,,,,
3/29/2026,15:01:21,Sembe-25kg,,Nafaka,0,0.5,"1,500.00",750,"1,180.00",590,160,,,,,,
3/29/2026,15:36:43,Azam-Cola-300ML,,Vinywaji,6.20301E+12,1,500,500,423.55,423.55,76.45,,,,,,
3/29/2026,15:36:43,Uhai(W)-1.6L,,Vinywaji,6.20301E+12,1,700,700,498.15,498.15,201.85,,,,,,
3/29/2026,16:26:34,Robin-Thread,,Usafi:Binafsi,0,1,"1,500.00","1,500.00","1,000.00","1,000.00",500,,,,,,
3/29/2026,16:26:34,Uhai(W)-1L,,Vinywaji,6.20301E+12,1,500,500,417.49,417.49,82.51,,,,,,
3/29/2026,22:37:58,Winston(R),,Sigara & RIZLA,0,77,200,"15,400.00",130.53,"10,050.53","5,349.47",,,,,,
3/29/2026,22:37:58,Nyota/Kali,,Sigara & RIZLA,0,35,150,"5,250.00",85.48,"2,991.73","2,258.27",,,,,,
3/29/2026,22:37:58,Embassy,,Sigara & RIZLA,0,4,400,"1,600.00",278.03,"1,112.12",487.88,,,,,,
3/29/2026,22:37:58,Portsman,,Sigara & RIZLA,0,4,300,"1,200.00",220.88,883.53,316.47,,,,,,
3/29/2026,22:37:58,Pepsi : 350ml,,Vinywaji,0,1,600,600,500,500,100,,,,,,
3/29/2026,22:37:58,Sembe-25kg,,Nafaka,0,2,"1,500.00","3,000.00","1,180.00","2,360.00",640,,,,,,
3/29/2026,22:37:58,Ngano-25kg,,Nafaka,0,0.5,"1,800.00",900,"1,507.14",753.57,146.43,,,,,,
3/29/2026,22:37:58,Double(KK)-200ml,,Vinywaji,6.20301E+12,3.5,"2,000.00","7,000.00","1,794.67","6,281.33",718.67,,,,,,
3/29/2026,22:37:58,Smart Gin-200ML,,Vinywaji,6.20301E+12,8.5,"2,000.00","17,000.00","1,744.28","14,826.37","2,173.63",,,,,,
3/29/2026,22:37:58,Azam-Malt-300ML,,Vinywaji,6.00964E+12,2,600,"1,200.00",496.79,993.59,206.41,,,,,,
3/29/2026,22:37:58,Jambo:Cocopine-300ml,,Vinywaji,6.203E+12,2,500,"1,000.00",417.29,834.58,165.42,,,,,,
3/29/2026,22:37:58,Pipi/Bigijii@100,,Vitamu,0,6,100,600,59.76,358.54,241.46,,,,,,
3/29/2026,22:37:58,Pipi/Bigijii@50,,Vitamu,0,8,50,400,31.63,253.06,146.94,,,,,,
3/29/2026,22:37:58,Pipi/Bigijii@300,,Vitamu,0,1,300,300,220,220,80,,,,,,
3/29/2026,22:37:58,Mafuta/Kupikia-20L,,Viungo,0,0.8,"6,000.00","4,500.00","4,060.98","3,045.73","1,454.27",,,,,,
3/29/2026,22:37:58,Azam-Cola-300ML,,Vinywaji,6.20301E+12,5,500,"2,500.00",423.55,"2,117.75",382.25,,,,,,
3/29/2026,23:10:45,Uhai(W)-1.6L,,Vinywaji,6.20301E+12,2,700,"1,400.00",498.15,996.3,403.7,,,,,,
3/29/2026,23:10:45,Winston(R),,Sigara & RIZLA,0,9,200,"1,800.00",130.53,"1,174.74",625.26,,,,,,
3/29/2026,23:10:45,Pipi/Bigijii@100,,Vitamu,0,5,100,500,59.76,298.78,201.22,,,,,,
3/29/2026,23:10:45,Uhai(W)-1L,,Vinywaji,6.20301E+12,21,500,"10,500.00",417.49,"8,767.33","1,732.67",,,,,,
3/29/2026,23:10:45,Nyota/Kali,,Sigara & RIZLA,0,1,150,150,85.48,85.48,64.52,,,,,,
3/29/2026,23:10:45,Jambo:Cocopine-300ml,,Vinywaji,6.203E+12,1,500,500,417.29,417.29,82.71,,,,,,
3/29/2026,23:10:45,Smart Gin-200ML,,Vinywaji,6.20301E+12,1,"2,000.00","2,000.00","1,744.28","1,744.28",255.72,,,,,,
3/29/2026,23:10:45,Mirinda-600mL,,Vinywaji,6.2011E+12,1,"1,000.00","1,000.00",830.3,830.3,169.7,,,,,,
3/29/2026,23:10:45,Niceone-400g,,Usafi:Jumla,6.20302E+12,1,"1,000.00","1,000.00",837.5,837.5,162.5,,,,,,
3/29/2026,23:10:45,Niceone-180g,,Usafi:Jumla,6.20302E+12,1,500,500,417.5,417.5,82.5,,,,,,
3/29/2026,23:10:45,Paracetamol - 500mg,,Afya,0,20,50,"1,000.00",30,600,400,,,,,,
3/29/2026,23:10:45,RIZLA,,Sigara & RIZLA,0,1,800,800,550,550,250,,,,,,
3/29/2026,23:13:11,Mayai@Kizungu,,Viungo,0,3,350,"1,050.00",266.67,800,250,,,,,,
3/30/2026,13:25:07,Sembe-25kg,,Nafaka,0,0.5,"1,500.00",750,"1,180.00",590,160,,,,,,
3/30/2026,13:25:07,Azam-Cola-300ML,,Vinywaji,6.20301E+12,1,500,500,423.55,423.55,76.45,,,,,,
3/30/2026,13:25:07,Nyota/Kali,,Sigara & RIZLA,0,2,150,300,85.48,170.96,129.04,,,,,,
3/30/2026,13:25:07,Winston(R),,Sigara & RIZLA,0,4,200,800,130.53,522.11,277.89,,,,,,
3/30/2026,13:25:07,Smart Gin-200ML,,Vinywaji,6.20301E+12,1,"2,000.00","2,000.00","1,744.28","1,744.28",255.72,,,,,,
3/30/2026,13:25:07,Niceone-400g,,Usafi:Jumla,6.20302E+12,2,"1,000.00","2,000.00",837.5,"1,675.00",325,,,,,,
3/30/2026,13:25:07,Double(KK)-200ml,,Vinywaji,6.20301E+12,0.5,"2,000.00","1,000.00","1,794.67",897.33,102.67,,,,,,
3/30/2026,13:25:07,Uhai(W)-1.6L,,Vinywaji,6.20301E+12,2,700,"1,400.00",498.15,996.3,403.7,,,,,,
3/30/2026,13:25:07,Uhai(W)-1L,,Vinywaji,6.20301E+12,1,500,500,417.49,417.49,82.51,,,,,,
3/30/2026,13:25:07,Portsman,,Sigara & RIZLA,0,1,300,300,220.88,220.88,79.12,,,,,,
3/30/2026,13:25:07,Ngano-25kg,,Nafaka,0,0.8,"1,800.00","1,350.00","1,507.14","1,130.36",219.64,,,,,,
3/30/2026,13:25:07,Pipi/Bigijii@100,,Vitamu,0,1,100,100,59.76,59.76,40.24,,,,,,
3/30/2026,13:25:07,Jambo:Cocopine-300ml,,Vinywaji,6.203E+12,2,500,"1,000.00",417.29,834.58,165.42,,,,,,
3/30/2026,14:56:28,Sembe-25kg,,Nafaka,0,0.3,"1,500.00",375,"1,180.00",295,80,,,,,,
3/30/2026,14:56:28,Uhai(W)-1L,,Vinywaji,6.20301E+12,1,500,500,417.49,417.49,82.51,,,,,,
3/30/2026,14:56:28,Uhai(W)-1.6L,,Vinywaji,6.20301E+12,2,700,"1,400.00",498.15,996.3,403.7,,,,,,
3/30/2026,14:56:28,Winston(R),,Sigara & RIZLA,0,2,200,400,130.53,261.05,138.95,,,,,,
3/30/2026,17:54:50,Uhai(W)-1L,,Vinywaji,6.20301E+12,2,500,"1,000.00",417.49,834.98,165.02,,,,,,
3/30/2026,17:54:50,Uhai(W)-1.6L,,Vinywaji,6.20301E+12,1,700,700,498.15,498.15,201.85,,,,,,
3/30/2026,17:54:50,Sembe-25kg,,Nafaka,0,0.5,"1,500.00",750,"1,180.00",590,160,,,,,,
3/30/2026,17:54:50,Portsman,,Sigara & RIZLA,0,1,300,300,220.88,220.88,79.12,,,,,,
3/30/2026,17:54:50,Azam-Cola-300ML,,Vinywaji,6.20301E+12,1,500,500,423.55,423.55,76.45,,,,,,
3/30/2026,17:54:50,Jambo:Bolibo-300ml,,Vinywaji,6.203E+12,1,500,500,428.57,428.57,71.43,,,,,,
3/30/2026,18:07:22,Ngano-25kg,,Nafaka,0,0.8,"1,800.00","1,350.00","1,507.14","1,130.36",219.64,,,,,,
3/30/2026,18:17:52,Mayai@Kizungu,,Viungo,0,3,350,"1,050.00",266.67,800,250,,,,,,
3/30/2026,18:17:52,Smart Gin-200ML,,Vinywaji,6.20301E+12,0.5,"2,000.00","1,000.00","1,744.28",872.14,127.86,,,,,,
3/30/2026,18:17:52,Winston(R),,Sigara & RIZLA,0,3,200,600,130.53,391.58,208.42,,,,,,
3/30/2026,18:19:03,Smart Gin-200ML,,Vinywaji,6.20301E+12,0.5,"2,000.00","1,000.00","1,744.28",872.14,127.86,,,,,,
3/30/2026,18:19:03,Winston(R),,Sigara & RIZLA,0,2,200,400,130.53,261.05,138.95,,,,,,
3/30/2026,18:25:41,Sembe-25kg,,Nafaka,0,0.5,"1,500.00",750,"1,180.00",590,160,,,,,,
3/30/2026,20:04:18,Uhai(W)-1.6L,,Vinywaji,6.20301E+12,1,700,700,498.15,498.15,201.85,,,,,,
3/30/2026,20:04:18,Smart Gin-200ML,,Vinywaji,6.20301E+12,1,"2,000.00","2,000.00","1,744.28","1,744.28",255.72,,,,,,
3/30/2026,20:04:18,Pipi/Bigijii@300,,Vitamu,0,1,300,300,220,220,80,,,,,,
3/30/2026,20:04:18,Mafuta/Kupikia-20L,,Viungo,0,1.5,"6,000.00","9,000.00","4,060.98","6,091.46","2,908.54",,,,,,
3/30/2026,20:04:18,Master(R),,Sigara & RIZLA,0,6,150,900,104.65,627.92,272.08,,,,,,
3/30/2026,20:04:18,Mosquito :COIL,,Afya,0,10,250,"2,500.00",140,"1,400.00","1,100.00",,,,,,
3/30/2026,20:04:18,Winston(R),,Sigara & RIZLA,0,2,200,400,130.53,261.05,138.95,,,,,,
3/30/2026,20:04:18,Pipi/Bigijii@100,,Vitamu,0,1,100,100,59.76,59.76,40.24,,,,,,
3/30/2026,20:04:18,Mirinda-600mL,,Vinywaji,6.2011E+12,1,"1,000.00","1,000.00",830.3,830.3,169.7,,,,,,
3/30/2026,20:04:18,Jambo:Cocopine-300ml,,Vinywaji,6.203E+12,1,500,500,417.29,417.29,82.71,,,,,,
3/30/2026,20:04:18,Jambo:Bolibo-300ml,,Vinywaji,6.203E+12,1,500,500,428.57,428.57,71.43,,,,,,
3/30/2026,20:07:13,RIZLA,,Sigara & RIZLA,0,2,800,"1,600.00",550,"1,100.00",500,,,,,,
3/30/2026,20:07:13,Mosquito :COIL,,Afya,0,2,250,500,140,280,220,,,,,,
3/30/2026,21:17:36,Mirinda-600mL,,Vinywaji,6.2011E+12,1,"1,000.00","1,000.00",830.3,830.3,169.7,,,,,,
3/30/2026,21:17:36,Jambo:Bolibo-300ml,,Vinywaji,6.203E+12,2,500,"1,000.00",428.57,857.14,142.86,,,,,,
3/30/2026,21:48:57,Mosquito :COIL,,Afya,0,1,250,250,140,140,110,,,,,,
3/30/2026,21:48:57,Winston(R),,Sigara & RIZLA,0,1,200,200,130.53,130.53,69.47,,,,,,
3/30/2026,21:55:20,Winston(R),,Sigara & RIZLA,0,15,200,"3,000.00",130.53,"1,957.89","1,042.11",,,,,,
3/30/2026,21:55:20,Azam-Punch-300ML,,Vinywaji,6.20301E+12,2,500,"1,000.00",445.83,891.67,108.33,,,,,,
3/30/2026,21:57:13,Portsman,,Sigara & RIZLA,0,1,300,300,220.88,220.88,79.12,,,,,,
3/30/2026,21:57:13,Embassy,,Sigara & RIZLA,0,1,400,400,278.03,278.03,121.97,,,,,,
3/30/2026,22:02:40,Pipi/Bigijii@100,,Vitamu,0,2,100,200,59.76,119.51,80.49,,,,,,
3/30/2026,22:02:40,Double(KK)-200ml,,Vinywaji,6.20301E+12,1.5,"2,000.00","3,000.00","1,794.67","2,692.00",308,,,,,,
3/30/2026,22:02:40,Smart Gin-200ML,,Vinywaji,6.20301E+12,0.5,"2,000.00","1,000.00","1,744.28",872.14,127.86,,,,,,
3/30/2026,22:03:39,Cocacola : 350mL,,Vinywaji,0,1,700,700,558.3,558.3,141.7,,,,,,
3/30/2026,22:03:39,Jambo:Bolibo-300ml,,Vinywaji,6.203E+12,1,500,500,428.57,428.57,71.43,,,,,,
3/30/2026,22:11:29,Mshumaa,,Jikoni,6.203E+12,2,500,"1,000.00",277.78,555.56,444.44,,,,,,
3/30/2026,22:13:42,Mosquito :COIL,,Afya,0,2,250,500,140,280,220,,,,,,
3/30/2026,22:21:43,Uhai(W)-1.6L,,Vinywaji,6.20301E+12,1,700,700,498.15,498.15,201.85,,,,,,
3/30/2026,22:30:42,Uhai(W)-1.6L,,Vinywaji,6.20301E+12,1,700,700,498.15,498.15,201.85,,,,,,
3/30/2026,22:30:42,Nyota/Kali,,Sigara & RIZLA,0,2,150,300,85.48,170.96,129.04,,,,,,
3/30/2026,22:32:11,Smart Gin-200ML,,Vinywaji,6.20301E+12,0.5,"2,000.00","1,000.00","1,744.28",872.14,127.86,,,,,,
3/30/2026,22:32:11,Winston(R),,Sigara & RIZLA,0,2,200,400,130.53,261.05,138.95,,,,,,
3/30/2026,22:32:11,Uhai(W)-1.6L,,Vinywaji,6.20301E+12,1,700,700,498.15,498.15,201.85,,,,,,
3/30/2026,22:47:41,Sembe-25kg,,Nafaka,0,1,"1,500.00","1,500.00","1,180.00","1,180.00",320,,,,,,
3/30/2026,22:47:41,Embassy,,Sigara & RIZLA,0,1,400,400,278.03,278.03,121.97,,,,,,
3/30/2026,22:50:25,Winston(R),,Sigara & RIZLA,0,1,200,200,130.53,130.53,69.47,,,,,,
3/30/2026,22:50:25,Pipi/Bigijii@100,,Vitamu,0,1,100,100,59.76,59.76,40.24,,,,,,
3/30/2026,23:01:20,K-vant(S)-250ML,,Vinywaji,6.203E+12,0.5,"4,000.00","2,000.00","3,340.74","1,670.37",329.63,,,,,,
3/30/2026,23:01:20,Jambo:Bolibo-300ml,,Vinywaji,6.203E+12,1,500,500,428.57,428.57,71.43,,,,,,
3/30/2026,23:01:20,Uhai(W)-1L,,Vinywaji,6.20301E+12,1,500,500,417.49,417.49,82.51,,,,,,
3/30/2026,23:03:23,Mayai@Kizungu,,Viungo,0,4,350,"1,400.00",266.67,"1,066.67",333.33,,,,,,
3/30/2026,23:03:23,Smart Gin-200ML,,Vinywaji,6.20301E+12,0.5,"2,000.00","1,000.00","1,744.28",872.14,127.86,,,,,,
3/30/2026,23:03:23,Winston(R),,Sigara & RIZLA,0,1,200,200,130.53,130.53,69.47,,,,,,
3/30/2026,23:05:02,Mayai@Kizungu,,Viungo,0,4,350,"1,400.00",266.67,"1,066.67",333.33,,,,,,
3/30/2026,23:05:02,Smart Gin-200ML,,Vinywaji,6.20301E+12,0.5,"2,000.00","1,000.00","1,744.28",872.14,127.86,,,,,,
3/30/2026,23:05:02,Winston(R),,Sigara & RIZLA,0,1,200,200,130.53,130.53,69.47,,,,,,
3/30/2026,23:05:47,Uhai(W)-1L,,Vinywaji,6.20301E+12,1,500,500,417.49,417.49,82.51,,,,,,
3/30/2026,23:05:47,Jambo:Bolibo-300ml,,Vinywaji,6.203E+12,1,500,500,428.57,428.57,71.43,,,,,,
3/31/2026,10:14:04,Niceone-180g,,Usafi:Jumla,6.20302E+12,1,500,500,417.5,417.5,82.5,,,,,,
3/31/2026,10:14:04,Fanta-Orange-600ML,,Vinywaji,5.449E+12,1,"1,000.00","1,000.00",833.33,833.33,166.67,,,,,,
3/31/2026,10:15:29,Sukari(Kupima) - 50kg,,Viungo,0,0.3,"3,000.00",750,"2,360.00",590,160,,,,,,
3/31/2026,10:20:29,Winston(R),,Sigara & RIZLA,0,1,200,200,130.53,130.53,69.47,,,,,,
3/31/2026,10:20:29,Embassy,,Sigara & RIZLA,0,1,400,400,278.03,278.03,121.97,,,,,,
3/31/2026,10:20:29,Nyota/Kali,,Sigara & RIZLA,0,1,150,150,85.48,85.48,64.52,,,,,,
3/31/2026,10:38:41,Azam-Cola-300ML,,Vinywaji,6.20301E+12,1,500,500,423.55,423.55,76.45,,,,,,
3/31/2026,10:38:41,Niceone-180g,,Usafi:Jumla,6.20302E+12,1,500,500,417.5,417.5,82.5,,,,,,
3/31/2026,10:38:41,Smart Gin-200ML,,Vinywaji,6.20301E+12,1,"2,000.00","2,000.00","1,744.28","1,744.28",255.72,,,,,,
3/31/2026,10:38:41,Mayai@Kizungu,,Viungo,0,4,350,"1,400.00",266.67,"1,066.67",333.33,,,,,,
3/31/2026,10:38:41,Winston(R),,Sigara & RIZLA,0,3,200,600,130.53,391.58,208.42,,,,,,
3/31/2026,10:43:19,Master(R),,Sigara & RIZLA,0,2,150,300,104.65,209.31,90.69,,,,,,
3/31/2026,14:04:37,Sembe-25kg,,Nafaka,0,0.5,"1,500.00",750,"1,180.00",590,160,,,,,,
3/31/2026,14:05:55,Sembe-25kg,,Nafaka,0,0.5,"1,500.00",750,"1,180.00",590,160,,,,,,
3/31/2026,14:50:42,Jambo:Bolibo-300ml,,Vinywaji,6.203E+12,1,500,500,428.57,428.57,71.43,,,,,,
3/31/2026,14:50:42,Mafuta/Kupikia-20L,,Viungo,0,0.3,"6,000.00","1,500.00","4,060.98","1,015.24",484.76,,,,,,
3/31/2026,14:50:42,Azam-Cola-300ML,,Vinywaji,6.20301E+12,2,500,"1,000.00",423.55,847.1,152.9,,,,,,
3/31/2026,14:50:42,Winston(R),,Sigara & RIZLA,0,2,200,400,130.53,261.05,138.95,,,,,,
3/31/2026,14:50:42,Double(KK)-200ml,,Vinywaji,6.20301E+12,0.5,"2,000.00","1,000.00","1,794.67",897.33,102.67,,,,,,
3/31/2026,14:50:42,Pipi/Bigijii@100,,Vitamu,0,3,100,300,59.76,179.27,120.73,,,,,,
3/31/2026,14:50:42,Pipi/Bigijii@300,,Vitamu,0,5,300,"1,500.00",220,"1,100.00",400,,,,,,
3/31/2026,14:50:42,Sembe-25kg,,Nafaka,0,1,"1,500.00","1,500.00","1,180.00","1,180.00",320,,,,,,
3/31/2026,17:18:38,Portsman,,Sigara & RIZLA,0,1,300,300,220.88,220.88,79.12,,,,,,
3/31/2026,17:37:10,Double(KK)-200ml,,Vinywaji,6.20301E+12,1,"2,000.00","2,000.00","1,794.67","1,794.67",205.33,,,,,,
3/31/2026,17:37:10,Winston(R),,Sigara & RIZLA,0,2,200,400,130.53,261.05,138.95,,,,,,
3/31/2026,17:37:10,Jambo:Bolibo-300ml,,Vinywaji,6.203E+12,1,500,500,428.57,428.57,71.43,,,,,,
3/31/2026,17:42:42,Sembe-25kg,,Nafaka,0,1,"1,500.00","1,500.00","1,180.00","1,180.00",320,,,,,,
3/31/2026,18:35:55,Sembe-25kg,,Nafaka,0,1,"1,500.00","1,500.00","1,180.00","1,180.00",320,,,,,,
3/31/2026,18:35:55,Nyota/Kali,,Sigara & RIZLA,0,1,150,150,85.48,85.48,64.52,,,,,,
3/31/2026,18:35:55,Winston(R),,Sigara & RIZLA,0,4,200,800,130.53,522.11,277.89,,,,,,
3/31/2026,18:35:55,Master(R),,Sigara & RIZLA,0,2,150,300,104.65,209.31,90.69,,,,,,
3/31/2026,18:35:55,Jambo:Bolibo-300ml,,Vinywaji,6.203E+12,1,500,500,428.57,428.57,71.43,,,,,,
3/31/2026,18:35:55,Mayai@Kizungu,,Viungo,0,1,350,350,266.67,266.67,83.33,,,,,,
3/31/2026,18:35:55,Pipi/Bigijii@50,,Vitamu,0,5,50,250,31.63,158.16,91.84,,,,,,
3/31/2026,18:35:55,Pipi/Bigijii@100,,Vitamu,0,1,100,100,59.76,59.76,40.24,,,,,,
3/31/2026,19:00:49,Mshumaa,,Jikoni,6.203E+12,1,500,500,277.78,277.78,222.22,,,,,,
3/31/2026,19:11:39,Mayai@Kizungu,,Viungo,0,6,350,"2,100.00",266.67,"1,600.00",500,,,,,,
3/31/2026,19:11:39,Mafuta/Kupikia-20L,,Viungo,0,0.3,"6,000.00","1,500.00","4,060.98","1,015.24",484.76,,,,,,
3/31/2026,19:11:39,Uhai(W)-1L,,Vinywaji,6.20301E+12,1,500,500,417.49,417.49,82.51,,,,,,
3/31/2026,19:11:39,UDI : STIKI,,Usafi:Binafsi,0,2,50,100,23.81,47.62,52.38,,,,,,
3/31/2026,19:12:33,Diclopar-550mg,,Afya,0,2,100,200,60,120,80,,,,,,
3/31/2026,20:05:53,Winston(R),,Sigara & RIZLA,0,2,200,400,130.53,261.05,138.95,,,,,,
3/31/2026,20:05:53,Smart Gin-200ML,,Vinywaji,6.20301E+12,1,"2,000.00","2,000.00","1,744.28","1,744.28",255.72,,,,,,
3/31/2026,20:05:53,Sembe-25kg,,Nafaka,0,0.8,"1,500.00","1,125.00","1,180.00",885,240,,,,,,
3/31/2026,20:05:53,Pipi/Bigijii@100,,Vitamu,0,1,100,100,59.76,59.76,40.24,,,,,,
3/31/2026,20:14:16,Kiwembe : Dorco,,Usafi:Binafsi,8.80104E+12,1,200,200,85,85,115,,,,,,
3/31/2026,20:14:16,Jambo:Cocopine-300ml,,Vinywaji,6.203E+12,1,500,500,417.29,417.29,82.71,,,,,,
3/31/2026,20:54:24,Portsman,,Sigara & RIZLA,0,2,300,600,220.88,441.76,158.24,,,,,,
3/31/2026,20:54:24,Uhai(W)-1L,,Vinywaji,6.20301E+12,2,500,"1,000.00",417.49,834.98,165.02,,,,,,
3/31/2026,20:54:24,Pipi/Bigijii@100,,Vitamu,0,2,100,200,59.76,119.51,80.49,,,,,,
3/31/2026,20:54:24,Mosquito :COIL,,Afya,0,2,250,500,140,280,220,,,,,,
3/31/2026,20:54:24,Mafuta/Kupikia-20L,,Viungo,0,0.5,"6,000.00","3,000.00","4,060.98","2,030.49",969.51,,,,,,
3/31/2026,20:54:24,S-Menthol(SM),,Sigara & RIZLA,0,4,300,"1,200.00",213.5,854,346,,,,,,
3/31/2026,21:52:14,Uhai(W)-1.6L,,Vinywaji,6.20301E+12,2,700,"1,400.00",498.15,996.3,403.7,,,,,,
3/31/2026,21:52:14,Nyota/Kali,,Sigara & RIZLA,0,1,150,150,85.48,85.48,64.52,,,,,,
3/31/2026,21:52:14,Mosquito :COIL,,Afya,0,2,250,500,140,280,220,,,,,,
3/31/2026,21:52:14,Winston(R),,Sigara & RIZLA,0,4,200,800,130.53,522.11,277.89,,,,,,
3/31/2026,21:52:14,Master(R),,Sigara & RIZLA,0,2,150,300,104.65,209.31,90.69,,,,,,
3/31/2026,21:52:14,Niceone-180g,,Usafi:Jumla,6.20302E+12,1,500,500,417.5,417.5,82.5,,,,,,
3/31/2026,21:53:04,Smart Gin-200ML,,Vinywaji,6.20301E+12,1,"2,000.00","2,000.00","1,744.28","1,744.28",255.72,,,,,,
3/31/2026,22:25:07,Winston(R),,Sigara & RIZLA,0,32,200,"6,400.00",130.53,"4,176.84","2,223.16",,,,,,
3/31/2026,22:25:07,Mosquito :COIL,,Afya,0,2,250,500,140,280,220,,,,,,
3/31/2026,22:25:07,Uhai(W)-1L,,Vinywaji,6.20301E+12,1,500,500,417.49,417.49,82.51,,,,,,
3/31/2026,23:23:08,Winston(R),,Sigara & RIZLA,0,1,200,200,130.53,130.53,69.47,,,,,,
3/31/2026,23:23:08,Mosquito :COIL,,Afya,0,3,250,750,140,420,330,,,,,,
3/31/2026,23:23:08,Azam-Cola-300ML,,Vinywaji,6.20301E+12,1,500,500,423.55,423.55,76.45,,,,,,
4/1/2026,10:36:36,Azam-Malt-300ML,,Vinywaji,6.00964E+12,1,600,600,496.79,496.79,103.21,,,,,,
4/1/2026,10:36:36,Winston(R),,Sigara & RIZLA,0,5,200,"1,000.00",130.53,652.63,347.37,,,,,,
4/1/2026,10:36:36,Nyota/Kali,,Sigara & RIZLA,0,3,150,450,85.48,256.43,193.57,,,,,,
4/1/2026,10:36:36,Tambi-25kg (Kupima),,Nafaka,0,0.8,"2,800.00","2,100.00","2,140.00","1,605.00",495,,,,,,
4/1/2026,10:36:36,Azam-Cola-300ML,,Vinywaji,6.20301E+12,1,500,500,423.55,423.55,76.45,,,,,,
4/1/2026,10:36:36,Jambo:Cocopine-300ml,,Vinywaji,6.203E+12,1,500,500,417.29,417.29,82.71,,,,,,
4/1/2026,10:38:55,Azam-Malt-300ML,,Vinywaji,6.00964E+12,1,600,600,496.79,496.79,103.21,,,,,,
4/1/2026,10:38:55,Winston(R),,Sigara & RIZLA,0,5,200,"1,000.00",130.53,652.63,347.37,,,,,,
4/1/2026,10:38:55,Nyota/Kali,,Sigara & RIZLA,0,3,150,450,85.48,256.43,193.57,,,,,,
4/1/2026,10:38:55,Tambi-25kg (Kupima),,Nafaka,0,0.8,"2,800.00","2,100.00","2,140.00","1,605.00",495,,,,,,
4/1/2026,10:38:55,Azam-Cola-300ML,,Vinywaji,6.20301E+12,1,500,500,423.55,423.55,76.45,,,,,,
4/1/2026,10:38:55,Jambo:Cocopine-300ml,,Vinywaji,6.203E+12,1,500,500,417.29,417.29,82.71,,,,,,
4/1/2026,10:41:12,Smart Gin-200ML,,Vinywaji,6.20301E+12,0.5,"2,000.00","1,000.00","1,744.28",872.14,127.86,,,,,,
4/1/2026,10:41:12,Sukari(Kupima) - 50kg,,Viungo,0,0.3,"3,000.00",750,"2,360.00",590,160,,,,,,
4/1/2026,10:42:52,Smart Gin-200ML,,Vinywaji,6.20301E+12,0.5,"2,000.00","1,000.00","1,744.28",872.14,127.86,,,,,,
4/1/2026,10:42:52,Sukari(Kupima) - 50kg,,Viungo,0,0.3,"3,000.00",750,"2,360.00",590,160,,,,,,
4/1/2026,10:46:41,Uhai(W)-1L,,Vinywaji,6.20301E+12,1,500,500,417.49,417.49,82.51,,,,,,
4/1/2026,11:21:21,Master(R),,Sigara & RIZLA,0,2,150,300,104.65,209.31,90.69,,,,,,
4/1/2026,11:21:21,Sukari(Kupima) - 50kg,,Viungo,0,0.3,"3,000.00",750,"2,360.00",590,160,,,,,,
4/1/2026,11:22:14,Master(R),,Sigara & RIZLA,0,2,150,300,104.65,209.31,90.69,,,,,,
4/1/2026,11:22:14,Sukari(Kupima) - 50kg,,Viungo,0,0.3,"3,000.00",750,"2,360.00",590,160,,,,,,
4/1/2026,11:42:01,Master(R),,Sigara & RIZLA,0,2,150,300,104.65,209.31,90.69,,,,,,
4/1/2026,11:42:01,Sukari(Kupima) - 50kg,,Viungo,0,0.3,"3,000.00",750,"2,360.00",590,160,,,,,,
4/1/2026,11:42:54,Winston(R),,Sigara & RIZLA,0,4,200,800,130.53,522.11,277.89,,,,,,
4/1/2026,11:43:47,Smart Gin-200ML,,Vinywaji,6.20301E+12,0.5,"2,000.00","1,000.00","1,744.28",872.14,127.86,,,,,,
4/1/2026,12:24:06,Konyagi(S)- 200ML,,Vinywaji,6.20301E+12,1,"3,800.00","3,800.00","3,523.81","3,523.81",276.19,,,,,,
4/1/2026,12:24:06,Smart Gin-200ML,,Vinywaji,6.20301E+12,2,"2,000.00","4,000.00","1,744.28","3,488.56",511.44,,,,,,
4/1/2026,12:24:42,Konyagi(S)- 200ML,,Vinywaji,6.20301E+12,1,"3,800.00","3,800.00","3,523.81","3,523.81",276.19,,,,,,
4/1/2026,12:24:42,Smart Gin-200ML,,Vinywaji,6.20301E+12,2,"2,000.00","4,000.00","1,744.28","3,488.56",511.44,,,,,,
4/1/2026,12:25:17,Konyagi(S)- 200ML,,Vinywaji,6.20301E+12,1,"3,800.00","3,800.00","3,523.81","3,523.81",276.19,,,,,,
4/1/2026,12:25:17,Smart Gin-200ML,,Vinywaji,6.20301E+12,2,"2,000.00","4,000.00","1,744.28","3,488.56",511.44,,,,,,
4/1/2026,12:37:54,Jambo:Bolibo-300ml,,Vinywaji,6.203E+12,1,500,500,428.57,428.57,71.43,,,,,,
4/1/2026,13:00:55,Master(R),,Sigara & RIZLA,0,7,150,"1,050.00",104.65,732.57,317.43,,,,,,
4/1/2026,13:00:55,Smart Gin-200ML,,Vinywaji,6.20301E+12,1,"2,000.00","2,000.00","1,744.28","1,744.28",255.72,,,,,,
4/1/2026,14:24:59,Sembe-25kg,,Nafaka,0,0.5,"1,500.00",750,"1,180.00",590,160,,,,,,
4/1/2026,14:26:43,Sembe-25kg,,Nafaka,0,0.5,"1,500.00",750,"1,180.00",590,160,,,,,,
4/1/2026,14:30:26,Mayai@Kizungu,,Viungo,0,6,350,"2,100.00",266.67,"1,600.00",500,,,,,,
4/1/2026,14:30:26,Sembe-25kg,,Nafaka,0,0.5,"1,500.00",750,"1,180.00",590,160,,,,,,
4/1/2026,14:30:26,Winston(R),,Sigara & RIZLA,0,1,200,200,130.53,130.53,69.47,,,,,,
4/1/2026,14:30:26,Uhai(W)-1L,,Vinywaji,6.20301E+12,2,500,"1,000.00",417.49,834.98,165.02,,,,,,
4/1/2026,14:30:26,Embassy,,Sigara & RIZLA,0,1,400,400,278.03,278.03,121.97,,,,,,
4/1/2026,14:51:54,Jambo:Bolibo-300ml,,Vinywaji,6.203E+12,1,500,500,428.57,428.57,71.43,,,,,,
4/1/2026,14:51:54,Winston(R),,Sigara & RIZLA,0,1,200,200,130.53,130.53,69.47,,,,,,
4/1/2026,15:08:42,Sembe-25kg,,Nafaka,0,2,"1,500.00","3,000.00","1,180.00","2,360.00",640,,,,,,
4/1/2026,15:08:42,Smart Gin-200ML,,Vinywaji,6.20301E+12,0.5,"2,000.00","1,000.00","1,744.28",872.14,127.86,,,,,,
4/1/2026,17:26:34,Pipi/Bigijii@100,,Vitamu,0,3,100,300,59.76,179.27,120.73,,,,,,
4/1/2026,17:42:44,Mayai@Kizungu,,Viungo,0,3,350,"1,050.00",266.67,800,250,,,,,,
4/1/2026,17:42:44,Winston(R),,Sigara & RIZLA,0,3,200,600,130.53,391.58,208.42,,,,,,
4/1/2026,17:43:50,Mayai@Kizungu,,Viungo,0,3,350,"1,050.00",266.67,800,250,,,,,,
4/1/2026,17:43:50,Winston(R),,Sigara & RIZLA,0,3,200,600,130.53,391.58,208.42,,,,,,
4/1/2026,17:46:36,Ngano-25kg,,Nafaka,0,0.3,"1,800.00",450,"1,507.14",376.79,73.21,,,,,,
4/1/2026,18:06:29,Winston(R),,Sigara & RIZLA,0,30,200,"6,000.00",130.53,"3,915.79","2,084.21",,,,,,
4/1/2026,18:06:29,Mafuta/Kupikia-20L,,Viungo,0,0.3,"6,000.00","1,500.00","4,060.98","1,015.24",484.76,,,,,,
4/1/2026,18:20:29,Winston(R),,Sigara & RIZLA,0,1,200,200,130.53,130.53,69.47,,,,,,
4/1/2026,18:20:29,Pipi/Bigijii@100,,Vitamu,0,1,100,100,59.76,59.76,40.24,,,,,,
4/1/2026,19:17:42,Jambo:Cocopine-300ml,,Vinywaji,6.203E+12,2,500,"1,000.00",417.29,834.58,165.42,,,,,,
4/1/2026,19:17:42,Ngano-25kg,,Nafaka,0,1,"1,800.00","1,800.00","1,507.14","1,507.14",292.86,,,,,,
4/1/2026,19:30:47,Embassy,,Sigara & RIZLA,0,1,400,400,278.03,278.03,121.97,,,,,,
4/1/2026,19:30:47,Pipi/Bigijii@100,,Vitamu,0,1,100,100,59.76,59.76,40.24,,,,,,
4/1/2026,19:39:50,Winston(R),,Sigara & RIZLA,0,2,200,400,130.53,261.05,138.95,,,,,,
4/1/2026,19:39:50,Nyota/Kali,,Sigara & RIZLA,0,2,150,300,85.48,170.96,129.04,,,,,,
4/1/2026,19:48:21,Mosquito :COIL,,Afya,0,5,250,"1,250.00",140,700,550,,,,,,
4/1/2026,20:02:35,Sembe-25kg,,Nafaka,0,0.8,"1,500.00","1,125.00","1,180.00",885,240,,,,,,
4/1/2026,20:02:35,Pipi/Bigijii@50,,Vitamu,0,2,50,100,31.63,63.27,36.73,,,,,,
4/1/2026,20:02:35,Mafuta/Kupikia-20L,,Viungo,0,0.3,"6,000.00","1,500.00","4,060.98","1,015.24",484.76,,,,,,
4/1/2026,20:14:14,Jambo:Bolibo-300ml,,Vinywaji,6.203E+12,1,500,500,428.57,428.57,71.43,,,,,,
4/1/2026,20:27:47,Smart Gin-200ML,,Vinywaji,6.20301E+12,1,"2,000.00","2,000.00","1,744.28","1,744.28",255.72,,,,,,
4/1/2026,20:27:47,Azam-Cola-300ML,,Vinywaji,6.20301E+12,1,500,500,423.55,423.55,76.45,,,,,,
4/1/2026,20:27:47,Nyota/Kali,,Sigara & RIZLA,0,2,150,300,85.48,170.96,129.04,,,,,,
4/1/2026,21:08:18,Winston(R),,Sigara & RIZLA,0,2,200,400,130.53,261.05,138.95,,,,,,
4/1/2026,21:09:38,Nyota/Kali,,Sigara & RIZLA,0,20,150,"3,000.00",85.48,"1,709.56","1,290.44",,,,,,
4/1/2026,21:32:22,Jambo:Cocopine-300ml,,Vinywaji,6.203E+12,1,500,500,417.29,417.29,82.71,,,,,,
4/1/2026,21:32:22,Uhai(W)-1L,,Vinywaji,6.20301E+12,1,500,500,417.49,417.49,82.51,,,,,,
4/1/2026,21:55:51,Pepsi : 350ml,,Vinywaji,0,1,600,600,500,500,100,,,,,,
4/1/2026,21:58:56,Pepsi : 350ml,,Vinywaji,0,1,600,600,500,500,100,,,,,,
4/1/2026,22:00:45,Mosquito :COIL,,Afya,0,2,250,500,140,280,220,,,,,,
4/1/2026,22:00:45,Smart Gin-200ML,,Vinywaji,6.20301E+12,2.5,"2,000.00","5,000.00","1,744.28","4,360.70",639.3,,,,,,
4/1/2026,22:10:39,Sembe-25kg,,Nafaka,0,0.5,"1,500.00",750,"1,180.00",590,160,,,,,,
4/1/2026,22:10:39,UDI : STIKI,,Usafi:Binafsi,0,6,50,300,23.81,142.86,157.14,,,,,,
4/1/2026,22:18:16,Winston(R),,Sigara & RIZLA,0,1,200,200,130.53,130.53,69.47,,,,,,
4/1/2026,22:18:16,Pipi/Bigijii@100,,Vitamu,0,1,100,100,59.76,59.76,40.24,,,,,,
4/1/2026,22:18:44,Winston(R),,Sigara & RIZLA,0,1,200,200,130.53,130.53,69.47,,,,,,
4/1/2026,22:18:44,Pipi/Bigijii@100,,Vitamu,0,1,100,100,59.76,59.76,40.24,,,,,,
4/1/2026,22:55:13,Jambo:Bolibo-300ml,,Vinywaji,6.203E+12,1,500,500,428.57,428.57,71.43,,,,,,
4/1/2026,22:55:13,Mosquito :COIL,,Afya,0,2,250,500,140,280,220,,,,,,
4/1/2026,22:55:13,Uhai(W)-1L,,Vinywaji,6.20301E+12,1,500,500,417.49,417.49,82.51,,,,,,
4/1/2026,22:55:13,Nyota/Kali,,Sigara & RIZLA,0,3,150,450,85.48,256.43,193.57,,,,,,
4/1/2026,22:55:13,Jambo:Cocopine-300ml,,Vinywaji,6.203E+12,1,500,500,417.29,417.29,82.71,,,,,,
4/1/2026,22:55:13,Embassy,,Sigara & RIZLA,0,2,400,800,278.03,556.06,243.94,,,,,,
4/1/2026,23:02:30,Jambo:Bolibo-300ml,,Vinywaji,6.203E+12,1,500,500,428.57,428.57,71.43,,,,,,
4/1/2026,23:02:30,Mosquito :COIL,,Afya,0,2,250,500,140,280,220,,,,,,
4/1/2026,23:02:30,Uhai(W)-1L,,Vinywaji,6.20301E+12,1,500,500,417.49,417.49,82.51,,,,,,
4/1/2026,23:02:30,Nyota/Kali,,Sigara & RIZLA,0,3,150,450,85.48,256.43,193.57,,,,,,
4/1/2026,23:02:30,Jambo:Cocopine-300ml,,Vinywaji,6.203E+12,1,500,500,417.29,417.29,82.71,,,,,,
4/1/2026,23:02:30,Embassy,,Sigara & RIZLA,0,2,400,800,278.03,556.06,243.94,,,,,,
4/1/2026,23:02:30,Mayai@Kizungu,,Viungo,0,4,350,"1,400.00",266.67,"1,066.67",333.33,,,,,,
4/1/2026,23:02:30,Uhai(W)-1.6L,,Vinywaji,6.20301E+12,1,700,700,498.15,498.15,201.85,,,,,,
4/1/2026,23:04:53,Embassy,,Sigara & RIZLA,0,1,400,400,278.03,278.03,121.97,,,,,,
4/1/2026,23:04:53,Sembe-25kg,,Nafaka,0,0.3,"1,500.00",375,"1,180.00",295,80,,,,,,
4/2/2026,11:14:18,Embassy,,Sigara & RIZLA,0,2,400,800,278.03,556.06,243.94,,,,,,
4/2/2026,11:20:48,Embassy,,Sigara & RIZLA,0,2,400,800,278.03,556.06,243.94,,,,,,
4/2/2026,11:20:48,Winston(R),,Sigara & RIZLA,0,7,200,"1,400.00",130.53,913.68,486.32,,,,,,
4/2/2026,11:20:48,Uhai(W)-1.6L,,Vinywaji,6.20301E+12,1,700,700,498.15,498.15,201.85,,,,,,
4/2/2026,11:20:48,Azam-Cola-300ML,,Vinywaji,6.20301E+12,1,500,500,423.55,423.55,76.45,,,,,,
4/2/2026,11:20:48,Double(KK)-200ml,,Vinywaji,6.20301E+12,0.5,"2,000.00","1,000.00","1,794.67",897.33,102.67,,,,,,
4/2/2026,11:20:48,Smart Gin-200ML,,Vinywaji,6.20301E+12,0.5,"2,000.00","1,000.00","1,744.28",872.14,127.86,,,,,,
4/2/2026,13:14:12,Embassy,,Sigara & RIZLA,0,2,400,800,278.03,556.06,243.94,,,,,,
4/2/2026,13:14:12,Winston(R),,Sigara & RIZLA,0,10,200,"2,000.00",130.53,"1,305.26",694.74,,,,,,
4/2/2026,13:14:12,Uhai(W)-1.6L,,Vinywaji,6.20301E+12,1,700,700,498.15,498.15,201.85,,,,,,
4/2/2026,13:14:12,Azam-Cola-300ML,,Vinywaji,6.20301E+12,1,500,500,423.55,423.55,76.45,,,,,,
4/2/2026,13:14:12,Double(KK)-200ml,,Vinywaji,6.20301E+12,0.5,"2,000.00","1,000.00","1,794.67",897.33,102.67,,,,,,
4/2/2026,13:14:12,Smart Gin-200ML,,Vinywaji,6.20301E+12,0.5,"2,000.00","1,000.00","1,744.28",872.14,127.86,,,,,,
4/2/2026,13:14:12,U-Fresh Glass (Mango)-120ML,,Vinywaji,0,2,200,400,160.71,321.43,78.57,,,,,,
4/2/2026,13:14:12,Niceone-180g,,Usafi:Jumla,6.20302E+12,1,500,500,417.5,417.5,82.5,,,,,,
4/2/2026,13:14:12,Mafuta/Kupikia-20L,,Viungo,0,1.3,"6,000.00","7,500.00","4,060.98","5,076.22","2,423.78",,,,,,
4/2/2026,13:14:12,Pipi/Bigijii@50,,Vitamu,0,6,50,300,31.63,189.8,110.2,,,,,,
4/2/2026,13:14:12,Sembe-25kg,,Nafaka,0,0.8,"1,500.00","1,125.00","1,180.00",885,240,,,,,,
4/2/2026,13:21:31,Sembe-25kg,,Nafaka,0,0.5,"1,500.00",750,"1,180.00",590,160,,,,,,
4/2/2026,13:21:31,Uhai(W)-1L,,Vinywaji,6.20301E+12,1,500,500,417.49,417.49,82.51,,,,,,
4/2/2026,13:31:49,Sembe-25kg,,Nafaka,0,1,"1,500.00","1,500.00","1,180.00","1,180.00",320,,,,,,
4/2/2026,13:59:15,Sembe-25kg,,Nafaka,0,0.5,"1,500.00",750,"1,180.00",590,160,,,,,,
4/2/2026,13:59:15,Mafuta/Kupikia-20L,,Viungo,0,0.3,"6,000.00","1,500.00","4,060.98","1,015.24",484.76,,,,,,
4/2/2026,15:38:37,Winston(R),,Sigara & RIZLA,0,11,200,"2,200.00",130.53,"1,435.79",764.21,,,,,,
4/2/2026,15:38:37,Uhai(W)-1.6L,,Vinywaji,6.20301E+12,2,700,"1,400.00",498.15,996.3,403.7,,,,,,
4/2/2026,15:52:02,Winston(R),,Sigara & RIZLA,0,11,200,"2,200.00",130.53,"1,435.79",764.21,,,,,,
4/2/2026,15:52:02,Uhai(W)-1.6L,,Vinywaji,6.20301E+12,2,700,"1,400.00",498.15,996.3,403.7,,,,,,
4/2/2026,15:53:48,Winston(R),,Sigara & RIZLA,0,11,200,"2,200.00",130.53,"1,435.79",764.21,,,,,,
4/2/2026,15:53:48,Uhai(W)-1.6L,,Vinywaji,6.20301E+12,2,700,"1,400.00",498.15,996.3,403.7,,,,,,
4/2/2026,15:53:48,Mirinda-600mL,,Vinywaji,6.2011E+12,1,"1,000.00","1,000.00",830.3,830.3,169.7,,,,,,
4/2/2026,16:02:13,Winston(R),,Sigara & RIZLA,0,11,200,"2,200.00",130.53,"1,435.79",764.21,,,,,,
4/2/2026,16:02:13,Uhai(W)-1.6L,,Vinywaji,6.20301E+12,2,700,"1,400.00",498.15,996.3,403.7,,,,,,
4/2/2026,16:02:13,Mirinda-600mL,,Vinywaji,6.2011E+12,1,"1,000.00","1,000.00",830.3,830.3,169.7,,,,,,
4/2/2026,16:02:13,Uhai(W)-1L,,Vinywaji,6.20301E+12,1,500,500,417.49,417.49,82.51,,,,,,
4/2/2026,16:02:13,Jambo:Bolibo-300ml,,Vinywaji,6.203E+12,1,500,500,428.57,428.57,71.43,,,,,,
4/2/2026,16:51:48,Embassy,,Sigara & RIZLA,0,3,400,"1,200.00",278.03,834.09,365.91,,,,,,
4/2/2026,16:51:48,Pipi/Bigijii@100,,Vitamu,0,3,100,300,59.76,179.27,120.73,,,,,,
4/2/2026,16:51:48,Winston(R),,Sigara & RIZLA,0,8,200,"1,600.00",130.53,"1,044.21",555.79,,,,,,
4/2/2026,16:51:48,Nyota/Kali,,Sigara & RIZLA,0,1,150,150,85.48,85.48,64.52,,,,,,
4/2/2026,16:51:48,Pipi/Bigijii@50,,Vitamu,0,2,50,100,31.63,63.27,36.73,,,,,,
4/2/2026,16:51:48,Niceone-180g,,Usafi:Jumla,6.20302E+12,1,500,500,417.5,417.5,82.5,,,,,,
4/2/2026,16:51:48,Azam-Cola-300ML,,Vinywaji,6.20301E+12,1,500,500,423.55,423.55,76.45,,,,,,
4/2/2026,17:44:21,Embassy,,Sigara & RIZLA,0,3,400,"1,200.00",278.03,834.09,365.91,,,,,,
4/2/2026,17:44:21,Pipi/Bigijii@100,,Vitamu,0,4,100,400,59.76,239.02,160.98,,,,,,
4/2/2026,17:44:21,Winston(R),,Sigara & RIZLA,0,8,200,"1,600.00",130.53,"1,044.21",555.79,,,,,,
4/2/2026,17:44:21,Nyota/Kali,,Sigara & RIZLA,0,1,150,150,85.48,85.48,64.52,,,,,,
4/2/2026,17:44:21,Pipi/Bigijii@50,,Vitamu,0,2,50,100,31.63,63.27,36.73,,,,,,
4/2/2026,17:44:21,Niceone-180g,,Usafi:Jumla,6.20302E+12,1,500,500,417.5,417.5,82.5,,,,,,
4/2/2026,17:44:21,Azam-Cola-300ML,,Vinywaji,6.20301E+12,1,500,500,423.55,423.55,76.45,,,,,,
4/2/2026,18:30:32,Jambo:Bolibo-300ml,,Vinywaji,6.203E+12,1,500,500,428.57,428.57,71.43,,,,,,
4/2/2026,18:30:32,Pipi/Bigijii@100,,Vitamu,0,1,100,100,59.76,59.76,40.24,,,,,,
4/2/2026,18:30:32,Winston(R),,Sigara & RIZLA,0,2,200,400,130.53,261.05,138.95,,,,,,
4/2/2026,19:00:33,Jambo:Bolibo-300ml,,Vinywaji,6.203E+12,1,500,500,428.57,428.57,71.43,,,,,,
4/2/2026,19:00:33,Pipi/Bigijii@100,,Vitamu,0,2,100,200,59.76,119.51,80.49,,,,,,
4/2/2026,19:00:33,Winston(R),,Sigara & RIZLA,0,4,200,800,130.53,522.11,277.89,,,,,,
4/2/2026,19:00:33,Smart Gin-200ML,,Vinywaji,6.20301E+12,0.5,"2,000.00","1,000.00","1,744.28",872.14,127.86,,,,,,
4/2/2026,19:00:33,Pipi/Bigijii@50,,Vitamu,0,1,50,50,31.63,31.63,18.37,,,,,,
4/2/2026,19:17:41,Uhai(W)-1L,,Vinywaji,6.20301E+12,1,500,500,417.49,417.49,82.51,,,,,,
4/2/2026,19:17:41,Mshumaa,,Jikoni,6.203E+12,1,500,500,277.78,277.78,222.22,,,,,,
4/2/2026,19:26:44,Embassy,,Sigara & RIZLA,0,2,400,800,278.03,556.06,243.94,,,,,,
4/2/2026,19:50:31,Jambo:Cocopine-300ml,,Vinywaji,6.203E+12,2,500,"1,000.00",417.29,834.58,165.42,,,,,,
4/2/2026,19:50:31,Smart Gin-200ML,,Vinywaji,6.20301E+12,0.5,"2,000.00","1,000.00","1,744.28",872.14,127.86,,,,,,
4/2/2026,19:50:31,Winston(R),,Sigara & RIZLA,0,3,200,600,130.53,391.58,208.42,,,,,,
4/2/2026,19:51:24,Jambo:Cocopine-300ml,,Vinywaji,6.203E+12,2,500,"1,000.00",417.29,834.58,165.42,,,,,,
4/2/2026,19:51:24,Smart Gin-200ML,,Vinywaji,6.20301E+12,0.5,"2,000.00","1,000.00","1,744.28",872.14,127.86,,,,,,
4/2/2026,19:51:24,Winston(R),,Sigara & RIZLA,0,3,200,600,130.53,391.58,208.42,,,,,,
4/2/2026,20:06:51,Konyagi(S)- 200ML,,Vinywaji,6.20301E+12,1,"3,800.00","3,800.00","3,523.81","3,523.81",276.19,,,,,,
4/2/2026,20:06:51,Mosquito :COIL,,Afya,0,3,250,750,140,420,330,,,,,,
4/2/2026,20:08:29,Jambo:Bolibo-300ml,,Vinywaji,6.203E+12,2,500,"1,000.00",428.57,857.14,142.86,,,,,,
4/2/2026,21:25:34,Sembe-25kg,,Nafaka,0,1,"1,500.00","1,500.00","1,180.00","1,180.00",320,,,,,,
4/2/2026,21:25:34,Azam-Cola-300ML,,Vinywaji,6.20301E+12,2,500,"1,000.00",423.55,847.1,152.9,,,,,,
4/2/2026,21:25:34,Smart Gin-200ML,,Vinywaji,6.20301E+12,1,"2,000.00","2,000.00","1,744.28","1,744.28",255.72,,,,,,
4/2/2026,21:25:34,Winston(R),,Sigara & RIZLA,0,9,200,"1,800.00",130.53,"1,174.74",625.26,,,,,,
4/2/2026,21:25:34,Azam-Malt-300ML,,Vinywaji,6.00964E+12,1,600,600,496.79,496.79,103.21,,,,,,
4/2/2026,21:25:34,Mosquito :COIL,,Afya,0,1,250,250,140,140,110,,,,,,
4/2/2026,21:25:34,Uhai(W)-1L,,Vinywaji,6.20301E+12,1,500,500,417.49,417.49,82.51,,,,,,
4/2/2026,21:28:20,Sembe-25kg,,Nafaka,0,3,"1,500.00","4,500.00","1,180.00","3,540.00",960,,,,,,
4/2/2026,21:38:46,Mayai@Kizungu,,Viungo,0,3,350,"1,050.00",266.67,800,250,,,,,,
4/2/2026,21:38:46,Mafuta/Kupikia-20L,,Viungo,0,0.3,"6,000.00","1,500.00","4,060.98","1,015.24",484.76,,,,,,
4/2/2026,22:03:58,Smart Gin-200ML,,Vinywaji,6.20301E+12,1,"2,000.00","2,000.00","1,744.28","1,744.28",255.72,,,,,,
4/2/2026,22:06:55,Embassy,,Sigara & RIZLA,0,1,400,400,278.03,278.03,121.97,,,,,,
4/2/2026,22:22:27,Pepsi : 350ml,,Vinywaji,0,2,600,"1,200.00",500,"1,000.00",200,,,,,,
4/2/2026,22:22:27,Uhai(W)-1L,,Vinywaji,6.20301E+12,1,500,500,417.49,417.49,82.51,,,,,,
4/2/2026,23:05:35,Mosquito :COIL,,Afya,0,9,250,"2,250.00",140,"1,260.00",990,,,,,,
4/2/2026,23:05:35,Uhai(W)-1L,,Vinywaji,6.20301E+12,1,500,500,417.49,417.49,82.51,,,,,,
4/2/2026,23:05:35,Smart Gin-200ML,,Vinywaji,6.20301E+12,1,"2,000.00","2,000.00","1,744.28","1,744.28",255.72,,,,,,
4/2/2026,23:05:35,Pipi/Bigijii@50,,Vitamu,0,6,50,300,31.63,189.8,110.2,,,,,,
4/2/2026,23:05:35,Pipi/Bigijii@100,,Vitamu,0,4,100,400,59.76,239.02,160.98,,,,,,
4/2/2026,23:05:35,Nyota/Kali,,Sigara & RIZLA,0,3,150,450,85.48,256.43,193.57,,,,,,
4/2/2026,23:05:35,Embassy,,Sigara & RIZLA,0,1,400,400,278.03,278.03,121.97,,,,,,
4/2/2026,23:05:35,Portsman,,Sigara & RIZLA,0,1,300,300,220.88,220.88,79.12,,,,,,
4/2/2026,23:05:35,Niceone-400g,,Usafi:Jumla,6.20302E+12,1,"1,000.00","1,000.00",837.5,837.5,162.5,,,,,,
4/3/2026,9:52:58,Jambo:Bolibo-300ml,,Vinywaji,6.203E+12,1,500,500,428.57,428.57,71.43,,,,,,
4/3/2026,9:52:58,Azam-Cola-300ML,,Vinywaji,6.20301E+12,2,500,"1,000.00",423.55,847.1,152.9,,,,,,
4/3/2026,9:52:58,Sukari(Kupima) - 50kg,,Viungo,0,0.5,"3,000.00","1,500.00","2,360.00","1,180.00",320,,,,,,
4/3/2026,9:52:58,Embassy,,Sigara & RIZLA,0,1,400,400,278.03,278.03,121.97,,,,,,
4/3/2026,9:52:58,Pipi/Bigijii@100,,Vitamu,0,2,100,200,59.76,119.51,80.49,,,,,,
4/3/2026,9:52:58,RIZLA,,Sigara & RIZLA,0,4,800,"3,200.00",550,"2,200.00","1,000.00",,,,,,
4/3/2026,9:52:58,Smart Gin-200ML,,Vinywaji,6.20301E+12,1,"2,000.00","2,000.00","1,744.28","1,744.28",255.72,,,,,,
4/3/2026,9:52:58,Double(KK)-200ml,,Vinywaji,6.20301E+12,0.5,"2,000.00","1,000.00","1,794.67",897.33,102.67,,,,,,
4/3/2026,9:52:58,Niceone-180g,,Usafi:Jumla,6.20302E+12,1,500,500,417.5,417.5,82.5,,,,,,
4/3/2026,9:52:58,Winston(R),,Sigara & RIZLA,0,3,200,600,130.18,390.54,209.46,,,,,,
4/3/2026,10:59:37,Saf-Instant-11g,,Viungo,0,1,500,500,333.33,333.33,166.67,,,,,,
4/3/2026,10:59:37,Azam-Malt-300ML,,Vinywaji,6.00964E+12,1,600,600,496.79,496.79,103.21,,,,,,
4/3/2026,10:59:37,Ngano-25kg,,Nafaka,0,0.3,"1,800.00",450,"1,507.14",376.79,73.21,,,,,,
4/3/2026,10:59:37,Mayai@Kizungu,,Viungo,0,1,350,350,266.67,266.67,83.33,,,,,,
4/3/2026,10:59:37,Sembe-25kg,,Nafaka,0,0.3,"1,500.00",375,"1,180.00",295,80,,,,,,
4/3/2026,10:59:37,Pipi/Bigijii@50,,Vitamu,0,1,50,50,31.63,31.63,18.37,,,,,,
4/3/2026,10:59:37,Tambi-25kg (Kupima),,Nafaka,0,1,"2,800.00","2,800.00","2,140.00","2,140.00",660,,,,,,
4/3/2026,13:38:31,Smart Gin-200ML,,Vinywaji,6.20301E+12,0.5,"2,000.00","1,000.00","1,744.28",872.14,127.86,,,,,,
4/3/2026,13:38:31,Winston(R),,Sigara & RIZLA,0,3,200,600,130.18,390.54,209.46,,,,,,
4/3/2026,13:38:31,Uhai(W)-1.6L,,Vinywaji,6.20301E+12,2,700,"1,400.00",498.15,996.3,403.7,,,,,,
4/3/2026,13:38:31,Superblack-MDLSPA,,Usafi:Binafsi,0,2,"1,000.00","2,000.00",700,"1,400.00",600,,,,,,
4/3/2026,16:31:50,Smart Gin-200ML,,Vinywaji,6.20301E+12,1,"2,000.00","2,000.00","1,744.28","1,744.28",255.72,,,,,,
4/3/2026,16:31:50,Double(KK)-200ml,,Vinywaji,6.20301E+12,0.5,"2,000.00","1,000.00","1,794.67",897.33,102.67,,,,,,
4/3/2026,16:31:50,Sembe-25kg,,Nafaka,0,1,"1,500.00","1,500.00","1,180.00","1,180.00",320,,,,,,
4/3/2026,16:31:50,Master(R),,Sigara & RIZLA,0,2,150,300,104.65,209.31,90.69,,,,,,
4/3/2026,16:31:50,Pipi/Bigijii@150,,Vitamu,0,1,150,150,100,100,50,,,,,,
4/3/2026,16:31:50,Pipi/Bigijii@50,,Vitamu,0,3,50,150,31.63,94.9,55.1,,,,,,
4/3/2026,16:31:50,Mafuta/Kupikia-20L,,Viungo,0,0.3,"6,000.00","1,500.00","4,060.98","1,015.24",484.76,,,,,,
4/3/2026,16:31:50,Mayai@Kizungu,,Viungo,0,13,350,"4,550.00",266.67,"3,466.67","1,083.33",,,,,,
4/3/2026,16:53:01,Pipi/Bigijii@300,,Vitamu,0,3,300,900,220,660,240,,,,,,
4/3/2026,16:53:01,Pipi/Bigijii@50,,Vitamu,0,2,50,100,31.63,63.27,36.73,,,,,,
4/3/2026,17:01:59,Smart Gin-200ML,,Vinywaji,6.20301E+12,1,"2,000.00","2,000.00","1,744.28","1,744.28",255.72,,,,,,
4/3/2026,17:01:59,Pipi/Bigijii@100,,Vitamu,0,1,100,100,59.76,59.76,40.24,,,,,,
4/3/2026,17:01:59,Uhai(W)-1L,,Vinywaji,6.20301E+12,1,500,500,417.49,417.49,82.51,,,,,,
4/3/2026,17:54:06,Ngano-25kg,,Nafaka,0,0.5,"1,800.00",900,"1,507.14",753.57,146.43,,,,,,
4/3/2026,17:54:06,Smart Gin-200ML,,Vinywaji,6.20301E+12,1,"2,000.00","2,000.00","1,744.28","1,744.28",255.72,,,,,,
4/3/2026,21:50:42,K-vant(S)-250ML,,Vinywaji,6.203E+12,1,"4,000.00","4,000.00","3,340.74","3,340.74",659.26,,,,,,
4/3/2026,21:50:42,Nyota/Kali,,Sigara & RIZLA,0,2,150,300,85.48,170.96,129.04,,,,,,
4/3/2026,21:50:42,Smart Gin-200ML,,Vinywaji,6.20301E+12,5,"2,000.00","10,000.00","1,744.28","8,721.39","1,278.61",,,,,,
4/3/2026,21:50:42,Mafuta/Kupikia-20L,,Viungo,0,0.3,"6,000.00","1,500.00","4,060.98","1,015.24",484.76,,,,,,
4/3/2026,21:50:42,Niceone-180g,,Usafi:Jumla,6.20302E+12,1,500,500,417.5,417.5,82.5,,,,,,
4/3/2026,21:50:42,Azam-Cola-300ML,,Vinywaji,6.20301E+12,1,500,500,423.55,423.55,76.45,,,,,,
4/3/2026,21:50:42,Mirinda-600mL,,Vinywaji,6.2011E+12,1,"1,000.00","1,000.00",830.3,830.3,169.7,,,,,,
4/3/2026,21:50:42,Uhai(W)-1.6L,,Vinywaji,6.20301E+12,1,700,700,498.15,498.15,201.85,,,,,,
4/3/2026,21:50:42,Uhai(W)-1L,,Vinywaji,6.20301E+12,6,500,"3,000.00",417.49,"2,504.95",495.05,,,,,,
4/3/2026,21:50:42,Azam-Punch-300ML,,Vinywaji,6.20301E+12,1,500,500,445.83,445.83,54.17,,,,,,
4/3/2026,21:50:42,Double(KK)-200ml,,Vinywaji,6.20301E+12,0.5,"2,000.00","1,000.00","1,794.67",897.33,102.67,,,,,,
4/3/2026,21:50:42,Winston(R),,Sigara & RIZLA,0,12,200,"2,400.00",130.53,"1,566.32",833.68,,,,,,
4/3/2026,21:50:42,S-Menthol(SM),,Sigara & RIZLA,0,1,300,300,213.5,213.5,86.5,,,,,,
4/3/2026,21:50:42,Master(K),,Sigara & RIZLA,0,3,150,450,100.76,302.29,147.71,,,,,,
4/3/2026,21:50:42,Embassy,,Sigara & RIZLA,0,2,400,800,278.03,556.06,243.94,,,,,,
4/3/2026,21:50:42,Robin-Thread,,Usafi:Binafsi,0,1,"1,500.00","1,500.00","1,000.00","1,000.00",500,,,,,,
4/3/2026,21:50:42,Mosquito :COIL,,Afya,0,3,250,750,140,420,330,,,,,,
4/3/2026,21:50:42,Neel-Salt-200g,,Viungo,6.20301E+12,3,300,900,166.67,500,400,,,,,,
4/3/2026,21:50:42,Neel-Salt-500g,,Viungo,6.20301E+12,3,500,"1,500.00",287.5,862.5,637.5,,,,,,
4/3/2026,21:50:42,RIZLA,,Sigara & RIZLA,0,1,800,800,550,550,250,,,,,,
4/3/2026,21:50:42,Master(R),,Sigara & RIZLA,0,2,150,300,104.65,209.31,90.69,,,,,,
4/3/2026,21:50:42,Tambi-25kg (Kupima),,Nafaka,0,1,"2,800.00","2,800.00","2,140.00","2,140.00",660,,,,,,
4/3/2026,21:50:42,Sembe-25kg,,Nafaka,0,2,"1,500.00","3,000.00","1,180.00","2,360.00",640,,,,,,
4/3/2026,21:50:42,Sukari(Kupima) - 50kg,,Viungo,0,0.3,"3,000.00",750,"2,360.00",590,160,,,,,,
4/3/2026,21:50:42,Tressa :Shampoo - 10ML,,Usafi:Binafsi,6.20305E+12,1,200,200,125,125,75,,,,,,
4/3/2026,21:50:42,Mshumaa,,Jikoni,6.203E+12,2,500,"1,000.00",277.78,555.56,444.44,,,,,,
4/3/2026,21:51:46,Nyota/Kali,,Sigara & RIZLA,0,7,150,"1,050.00",85.48,598.35,451.65,,,,,,
4/3/2026,21:57:54,Winston(R),,Sigara & RIZLA,0,3,200,600,130.53,391.58,208.42,,,,,,
4/3/2026,21:57:54,Fanta-Orange : 350mL,,Vinywaji,0,1,700,700,558.33,558.33,141.67,,,,,,
4/3/2026,21:57:54,Mosquito :COIL,,Afya,0,1,250,250,140,140,110,,,,,,
4/3/2026,22:03:06,Embassy,,Sigara & RIZLA,0,1,400,400,278.03,278.03,121.97,,,,,,
4/3/2026,22:03:06,Pipi/Bigijii@50,,Vitamu,0,2,50,100,31.63,63.27,36.73,,,,,,
4/3/2026,22:13:26,Uhai(W)-1.6L,,Vinywaji,6.20301E+12,1,700,700,498.15,498.15,201.85,,,,,,
4/3/2026,22:13:26,Winston(R),,Sigara & RIZLA,0,3,200,600,130.53,391.58,208.42,,,,,,
4/3/2026,22:13:26,Nyota/Kali,,Sigara & RIZLA,0,2,150,300,85.48,170.96,129.04,,,,,,
4/3/2026,22:16:37,Azam-Cola-300ML,,Vinywaji,6.20301E+12,5,500,"2,500.00",423.55,"2,117.75",382.25,,,,,,
4/3/2026,22:37:16,Embassy,,Sigara & RIZLA,0,1,400,400,278.03,278.03,121.97,,,,,,
4/3/2026,23:16:56,Mosquito :COIL,,Afya,0,2,250,500,140,280,220,,,,,,
4/3/2026,23:16:56,Pipi/Bigijii@100,,Vitamu,0,3,100,300,59.76,179.27,120.73,,,,,,
4/3/2026,23:16:56,Pipi/Bigijii@50,,Vitamu,0,4,50,200,31.63,126.53,73.47,,,,,,
4/3/2026,23:16:56,Embassy,,Sigara & RIZLA,0,2,400,800,278.03,556.06,243.94,,,,,,
4/3/2026,23:16:56,K-vant(S)-250ML,,Vinywaji,6.203E+12,0.5,"4,000.00","2,000.00","3,340.74","1,670.37",329.63,,,,,,
4/3/2026,23:16:56,Jambo:Bolibo-300ml,,Vinywaji,6.203E+12,1,500,500,428.57,428.57,71.43,,,,,,
4/4/2026,10:32:55,Perfumes-50mL,,Usafi:Binafsi,0,1,"3,000.00","3,000.00","1,500.00","1,500.00","1,500.00",,,,,,
4/4/2026,10:32:55,Sembe-25kg,,Nafaka,0,1,"1,500.00","1,500.00","1,180.00","1,180.00",320,,,,,,
4/4/2026,10:32:55,Mirinda-600mL,,Vinywaji,6.2011E+12,1,"1,000.00","1,000.00",830.3,830.3,169.7,,,,,,
4/4/2026,10:32:55,Sukari(Kupima) - 50kg,,Viungo,0,0.5,"3,000.00","1,500.00","2,360.00","1,180.00",320,,,,,,
4/4/2026,10:32:55,Double(KK)-200ml,,Vinywaji,6.20301E+12,0.5,"2,000.00","1,000.00","1,794.67",897.33,102.67,,,,,,
4/4/2026,10:32:55,Pipi/Bigijii@100,,Vitamu,0,2,100,200,59.76,119.51,80.49,,,,,,
4/4/2026,10:32:55,Tambi-25kg (Kupima),,Nafaka,0,0.5,"2,800.00","1,400.00","2,140.00","1,070.00",330,,,,,,
4/4/2026,10:32:55,Master(R),,Sigara & RIZLA,0,1,150,150,104.65,104.65,45.35,,,,,,
4/4/2026,13:34:22,Sembe-25kg,,Nafaka,0,2.3,"1,500.00","3,375.00","1,180.00","2,655.00",720,,,,,,
4/4/2026,13:34:22,Kiwembe : Dorco,,Usafi:Binafsi,8.80104E+12,1,200,200,85,85,115,,,,,,
4/4/2026,13:34:22,Winston(R),,Sigara & RIZLA,0,3,200,600,130.53,391.58,208.42,,,,,,
4/4/2026,13:34:22,Smart Gin-200ML,,Vinywaji,6.20301E+12,1,"2,000.00","2,000.00","1,744.28","1,744.28",255.72,,,,,,
4/4/2026,13:51:27,Ngano-25kg,,Nafaka,0,1.5,"1,800.00","2,700.00","1,507.14","2,260.71",439.29,,,,,,
4/4/2026,13:51:27,Sembe-25kg,,Nafaka,0,1,"1,500.00","1,500.00","1,180.00","1,180.00",320,,,,,,
4/4/2026,15:23:53,Mafuta/Kupikia-20L,,Viungo,0,0.8,"6,000.00","4,500.00","4,060.98","3,045.73","1,454.27",,,,,,
4/4/2026,15:27:18,Sembe-25kg,,Nafaka,0,0.5,"1,500.00",750,"1,180.00",590,160,,,,,,
4/4/2026,15:52:50,K-vant(S)-250ML,,Vinywaji,6.203E+12,1,"4,000.00","4,000.00","3,340.74","3,340.74",659.26,,,,,,
4/4/2026,16:08:32,Smart Gin-200ML,,Vinywaji,6.20301E+12,1,"2,000.00","2,000.00","1,744.28","1,744.28",255.72,,,,,,
4/4/2026,16:15:09,Winston(R),,Sigara & RIZLA,0,3,200,600,130.53,391.58,208.42,,,,,,
4/4/2026,16:15:09,Sembe-25kg,,Nafaka,0,0.5,"1,500.00",750,"1,180.00",590,160,,,,,,
4/4/2026,19:37:04,Winston(R),,Sigara & RIZLA,0,10,200,"2,000.00",130.53,"1,305.26",694.74,,,,,,
4/4/2026,19:37:04,Uhai(W)-1L,,Vinywaji,6.20301E+12,2,500,"1,000.00",417.49,834.98,165.02,,,,,,
4/4/2026,19:37:04,Smart Gin-200ML,,Vinywaji,6.20301E+12,1.5,"2,000.00","3,000.00","1,744.28","2,616.42",383.58,,,,,,
4/4/2026,19:37:04,Mafuta/Kupikia-20L,,Viungo,0,0.3,"6,000.00","1,500.00","4,060.98","1,015.24",484.76,,,,,,
4/4/2026,19:37:04,Pipi/Bigijii@100,,Vitamu,0,2,100,200,59.76,119.51,80.49,,,,,,
4/4/2026,19:37:04,Mshumaa,,Jikoni,6.203E+12,2,500,"1,000.00",277.78,555.56,444.44,,,,,,
4/4/2026,19:37:04,Pipi/Bigijii@50,,Vitamu,0,6,50,300,31.63,189.8,110.2,,,,,,
4/4/2026,19:37:04,Sembe-25kg,,Nafaka,0,0.5,"1,500.00",750,"1,180.00",590,160,,,,,,
4/4/2026,19:37:04,U-Fresh Glass (Mango)-120ML,,Vinywaji,0,1,200,200,160.71,160.71,39.29,,,,,,
4/4/2026,19:37:04,Jambo:Lemon-300ml,,Vinywaji,0,2,500,"1,000.00",433.33,866.67,133.33,,,,,,
4/4/2026,19:37:04,Azam-Malt-300ML,,Vinywaji,6.00964E+12,1,600,600,496.79,496.79,103.21,,,,,,
4/4/2026,19:37:04,Diclopar-550mg,,Afya,0,1,100,100,60,60,40,,,,,,
4/4/2026,19:56:08,Uhai(W)-1L,,Vinywaji,6.20301E+12,1,500,500,417.49,417.49,82.51,,,,,,
4/4/2026,19:56:08,Winston(R),,Sigara & RIZLA,0,3,200,600,130.53,391.58,208.42,,,,,,
4/4/2026,19:56:08,Sembe-25kg,,Nafaka,0,0.5,"1,500.00",750,"1,180.00",590,160,,,,,,
4/4/2026,20:22:53,Tambi-25kg (Kupima),,Nafaka,0,1.5,"2,800.00","4,200.00","2,140.00","3,210.00",990,,,,,,
4/4/2026,20:22:53,Cocacola : 350mL,,Vinywaji,0,2,700,"1,400.00",558.3,"1,116.60",283.4,,,,,,
4/4/2026,20:22:53,Azam-Malt-300ML,,Vinywaji,6.00964E+12,2,600,"1,200.00",496.79,993.59,206.41,,,,,,
4/4/2026,20:22:53,Pepsi : 350ml,,Vinywaji,0,1,600,600,500,500,100,,,,,,
4/4/2026,20:28:37,Jambo:Cocopine-300ml,,Vinywaji,6.203E+12,1,500,500,417.29,417.29,82.71,,,,,,
4/4/2026,20:28:37,Nyota/Kali,,Sigara & RIZLA,0,1,150,150,85.48,85.48,64.52,,,,,,
4/4/2026,20:45:00,Mafuta/Kupikia-20L,,Viungo,0,0.3,"6,000.00","1,500.00","4,060.98","1,015.24",484.76,,,,,,
4/4/2026,20:45:00,Master(R),,Sigara & RIZLA,0,3,150,450,104.65,313.96,136.04,,,,,,
4/4/2026,20:45:00,K-vant(S)-250ML,,Vinywaji,6.203E+12,1,"4,000.00","4,000.00","3,340.74","3,340.74",659.26,,,,,,
4/4/2026,20:59:49,Smart Gin-200ML,,Vinywaji,6.20301E+12,0.5,"2,000.00","1,000.00","1,744.28",872.14,127.86,,,,,,
4/4/2026,20:59:49,Mirinda-600mL,,Vinywaji,6.2011E+12,1,"1,000.00","1,000.00",830.3,830.3,169.7,,,,,,
4/4/2026,21:20:15,Mosquito :COIL,,Afya,0,2,250,500,140,280,220,,,,,,
4/4/2026,21:20:15,Sembe-25kg,,Nafaka,0,0.5,"1,500.00",750,"1,180.00",590,160,,,,,,
4/4/2026,21:33:03,Mirinda-Black : 350ml,,Vinywaji,0,1,600,600,500,500,100,,,,,,
4/4/2026,21:34:47,U-Fresh Glass (Mango)-120ML,,Vinywaji,0,1,200,200,160.71,160.71,39.29,,,,,,
4/4/2026,21:40:59,Pipi/Bigijii@50,,Vitamu,0,12,50,600,31.63,379.59,220.41,,,,,,
4/4/2026,21:40:59,U-Fresh Glass (Mango)-120ML,,Vinywaji,0,2,200,400,160.71,321.43,78.57,,,,,,
4/4/2026,21:50:32,Smart Gin-200ML,,Vinywaji,6.20301E+12,1,"2,000.00","2,000.00","1,744.28","1,744.28",255.72,,,,,,
4/4/2026,21:52:27,LED Bulb-5W,,Umeme/Ufundi,0,1,"1,500.00","1,500.00",721.79,721.79,778.21,,,,,,
4/4/2026,21:57:50,Paracetamol - 500mg,,Afya,0,10,50,500,30,300,200,,,,,,
4/4/2026,21:57:50,Winston(R),,Sigara & RIZLA,0,1,200,200,130.53,130.53,69.47,,,,,,
4/4/2026,21:57:50,Uhai(W)-1.6L,,Vinywaji,6.20301E+12,2,700,"1,400.00",498.15,996.3,403.7,,,,,,
4/4/2026,22:22:45,Uhai(W)-1L,,Vinywaji,6.20301E+12,1,500,500,417.49,417.49,82.51,,,,,,
4/4/2026,22:59:11,Nyota/Kali,,Sigara & RIZLA,0,2,150,300,85.48,170.96,129.04,,,,,,
4/4/2026,22:59:11,Winston(R),,Sigara & RIZLA,0,17,200,"3,400.00",130.53,"2,218.95","1,181.05",,,,,,
4/4/2026,23:03:02,Nyota/Kali,,Sigara & RIZLA,0,2,150,300,85.48,170.96,129.04,,,,,,
4/4/2026,23:03:02,Winston(R),,Sigara & RIZLA,0,17,200,"3,400.00",130.53,"2,218.95","1,181.05",,,,,,
4/4/2026,23:18:13,Nyota/Kali,,Sigara & RIZLA,0,3,150,450,85.48,256.43,193.57,,,,,,
4/4/2026,23:18:13,Winston(R),,Sigara & RIZLA,0,3,200,600,130.53,391.58,208.42,,,,,,
4/4/2026,23:18:13,Mafuta/Kupikia-20L,,Viungo,0,0.5,"6,000.00","3,000.00","4,060.98","2,030.49",969.51,,,,,,
4/4/2026,23:19:05,Nyota/Kali,,Sigara & RIZLA,0,3,150,450,85.48,256.43,193.57,,,,,,
4/4/2026,23:19:05,Winston(R),,Sigara & RIZLA,0,4,200,800,130.53,522.11,277.89,,,,,,
4/4/2026,23:19:05,Mafuta/Kupikia-20L,,Viungo,0,0.5,"6,000.00","3,000.00","4,060.98","2,030.49",969.51,,,,,,
4/4/2026,23:19:05,Pipi/Bigijii@100,,Vitamu,0,1,100,100,59.76,59.76,40.24,,,,,,
4/4/2026,23:23:41,Jambo:Cocopine-300ml,,Vinywaji,6.203E+12,1,500,500,417.29,417.29,82.71,,,,,,
4/4/2026,23:28:43,Smart Gin-200ML,,Vinywaji,6.20301E+12,1,"2,000.00","2,000.00","1,744.28","1,744.28",255.72,,,,,,
4/4/2026,23:33:03,Jambo:Bolibo-300ml,,Vinywaji,6.203E+12,1,500,500,428.57,428.57,71.43,,,,,,
4/4/2026,23:33:03,Jambo:Cocopine-300ml,,Vinywaji,6.203E+12,1,500,500,417.29,417.29,82.71,,,,,,
4/4/2026,23:34:02,Embassy,,Sigara & RIZLA,0,1,400,400,278.03,278.03,121.97,,,,,,
4/4/2026,23:34:02,UDI : STIKI,,Usafi:Binafsi,0,2,50,100,23.81,47.62,52.38,,,,,,
4/5/2026,12:08:51,Azam-Cola-300ML,,Vinywaji,6.20301E+12,2,500,"1,000.00",423.55,847.1,152.9,,,,,,
4/5/2026,12:08:51,Uhai(W)-1L,,Vinywaji,6.20301E+12,1,700,700,417.49,417.49,282.51,,,,,,
4/5/2026,12:08:51,Winston(R),,Sigara & RIZLA,0,6,200,"1,200.00",130.18,781.07,418.93,,,,,,
4/5/2026,12:08:51,Smart Gin-200ML,,Vinywaji,6.20301E+12,7.5,"2,000.00","15,000.00","1,744.28","13,082.09","1,917.91",,,,,,
4/5/2026,12:08:51,Sukari(Kupima) - 50kg,,Viungo,0,0.3,"3,000.00",750,"2,360.00",590,160,,,,,,
4/5/2026,12:08:51,Pipi/Bigijii@100,,Vitamu,0,1,100,100,59.76,59.76,40.24,,,,,,
4/5/2026,12:08:51,Winston(R),,Sigara & RIZLA,0,9,200,"1,800.00",130.53,"1,174.74",625.26,,,,,,
4/5/2026,12:08:51,Ngano-25kg,,Nafaka,0,0.5,"1,800.00",900,"1,507.14",753.57,146.43,,,,,,
4/5/2026,12:08:51,Fanta-Orange-600ML,,Vinywaji,5.449E+12,1,"1,000.00","1,000.00",833.33,833.33,166.67,,,,,,
4/5/2026,12:08:51,Niceone-400g,,Usafi:Jumla,6.20302E+12,1,"1,000.00","1,000.00",837.5,837.5,162.5,,,,,,
4/5/2026,12:08:51,Mafuta/Kupikia-20L,,Viungo,0,0.8,"6,000.00","4,500.00","4,060.98","3,045.73","1,454.27",,,,,,
4/5/2026,12:08:51,Azam-Malt-300ML,,Vinywaji,6.00964E+12,1,600,600,496.79,496.79,103.21,,,,,,
4/5/2026,12:18:54,Smart Gin-200ML,,Vinywaji,6.20301E+12,1,"2,000.00","2,000.00","1,744.28","1,744.28",255.72,,,,,,
4/5/2026,12:18:54,Uhai(W)-1L,,Vinywaji,6.20301E+12,1,700,700,417.49,417.49,282.51,,,,,,
4/5/2026,12:21:17,Smart Gin-200ML,,Vinywaji,6.20301E+12,2,"2,000.00","4,000.00","1,744.28","3,488.56",511.44,,,,,,
4/5/2026,12:21:17,Uhai(W)-1L,,Vinywaji,6.20301E+12,1,700,700,417.49,417.49,282.51,,,,,,
4/5/2026,12:29:03,Smart Gin-200ML,,Vinywaji,6.20301E+12,2,"2,000.00","4,000.00","1,744.28","3,488.56",511.44,,,,,,
4/5/2026,12:29:03,Uhai(W)-1L,,Vinywaji,6.20301E+12,1,700,700,417.49,417.49,282.51,,,,,,
4/5/2026,12:29:03,Pepsi : 350ml,,Vinywaji,0,1,600,600,500,500,100,,,,,,
4/5/2026,12:48:00,Jambo:Lemon-300ml,,Vinywaji,0,1,600,600,433.33,433.33,166.67,,,,,,
4/5/2026,12:48:00,Jambo:Bolibo-300ml,,Vinywaji,6.203E+12,1,600,600,428.57,428.57,171.43,,,,,,
4/5/2026,12:48:00,Azam-Cola-300ML,,Vinywaji,6.20301E+12,1,500,500,423.55,423.55,76.45,,,,,,
4/5/2026,13:24:50,Pepsi : 350ml,,Vinywaji,0,1,600,600,500,500,100,,,,,,
4/5/2026,13:46:40,Jambo:Lemon-300ml,,Vinywaji,0,2,600,"1,200.00",433.33,866.67,333.33,,,,,,
4/5/2026,13:46:40,Uhai(W)-1L,,Vinywaji,6.20301E+12,1,700,700,417.49,417.49,282.51,,,,,,
4/5/2026,13:46:40,Jambo:Bolibo-300ml,,Vinywaji,6.203E+12,5,600,"3,000.00",428.57,"2,142.86",857.14,,,,,,
4/5/2026,13:46:40,Jambo:Cocopine-300ml,,Vinywaji,6.203E+12,2,600,"1,200.00",417.29,834.58,365.42,,,,,,
4/5/2026,14:16:56,Sembe-25kg,,Nafaka,0,1,"1,500.00","1,500.00","1,180.00","1,180.00",320,,,,,,
4/5/2026,15:14:38,Master(R),,Sigara & RIZLA,0,2,150,300,104.65,209.31,90.69,,,,,,
4/5/2026,15:14:38,Jambo:Bolibo-300ml,,Vinywaji,6.203E+12,1,600,600,428.57,428.57,171.43,,,,,,
4/5/2026,15:14:38,Mirinda-Black : 350ml,,Vinywaji,0,2,600,"1,200.00",500,"1,000.00",200,,,,,,
4/5/2026,15:14:38,Pepsi : 350ml,,Vinywaji,0,2,600,"1,200.00",500,"1,000.00",200,,,,,,
4/5/2026,15:14:38,Sembe-25kg,,Nafaka,0,1,"1,500.00","1,500.00","1,180.00","1,180.00",320,,,,,,
4/5/2026,15:56:06,Winston(R),,Sigara & RIZLA,0,2,200,400,130.53,261.05,138.95,,,,,,
4/5/2026,15:56:06,Pipi/Bigijii@50,,Vitamu,0,2,50,100,31.63,63.27,36.73,,,,,,
4/5/2026,15:56:06,Jambo:Bolibo-300ml,,Vinywaji,6.203E+12,3,600,"1,800.00",428.57,"1,285.71",514.29,,,,,,
4/5/2026,16:22:02,Uhai(W)-1.6L,,Vinywaji,6.20301E+12,1,"1,000.00","1,000.00",498.15,498.15,501.85,,,,,,
4/5/2026,16:22:02,Winston(R),,Sigara & RIZLA,0,1,200,200,130.53,130.53,69.47,,,,,,
4/5/2026,17:51:23,Mayai@Kizungu,,Viungo,0,9,350,"3,150.00",266.67,"2,400.00",750,,,,,,
4/5/2026,17:51:23,Double(KK)-200ml,,Vinywaji,6.20301E+12,0.5,"2,000.00","1,000.00","1,794.67",897.33,102.67,,,,,,
4/5/2026,17:51:23,Winston(R),,Sigara & RIZLA,0,1,200,200,130.53,130.53,69.47,,,,,,
4/5/2026,17:54:05,Sembe-25kg,,Nafaka,0,0.8,"1,500.00","1,125.00","1,180.00",885,240,,,,,,
4/5/2026,17:58:34,Winston(R),,Sigara & RIZLA,0,1,200,200,130.53,130.53,69.47,,,,,,
4/5/2026,17:58:34,Fanta-Orange-600ML,,Vinywaji,5.449E+12,1,"1,000.00","1,000.00",833.33,833.33,166.67,,,,,,
4/5/2026,19:44:42,Winston(R),,Sigara & RIZLA,0,4,200,800,130.53,522.11,277.89,,,,,,
4/5/2026,19:44:42,Haswa -Nazi-150ML,,Usafi:Binafsi,6.2011E+12,1,"1,500.00","1,500.00","1,250.00","1,250.00",250,,,,,,
4/5/2026,19:44:42,Azam-Cola-300ML,,Vinywaji,6.20301E+12,2,500,"1,000.00",423.55,847.1,152.9,,,,,,
4/5/2026,19:44:42,Jambo:Bolibo-300ml,,Vinywaji,6.203E+12,1,600,600,428.57,428.57,171.43,,,,,,
4/5/2026,19:44:42,Mshumaa,,Jikoni,6.203E+12,1,500,500,277.78,277.78,222.22,,,,,,
4/5/2026,19:44:42,Uhai(W)-1L,,Vinywaji,6.20301E+12,1,700,700,417.49,417.49,282.51,,,,,,
4/5/2026,19:44:42,Pipi/Bigijii@50,,Vitamu,0,9,50,450,31.63,284.69,165.31,,,,,,
4/5/2026,19:44:42,Azam-Malt-300ML,,Vinywaji,6.00964E+12,1,600,600,496.79,496.79,103.21,,,,,,
4/5/2026,19:44:42,Superblack-MDLSPA,,Usafi:Binafsi,0,2,"1,000.00","2,000.00",700,"1,400.00",600,,,,,,
4/5/2026,20:01:14,U-Fresh Glass (Mango)-120ML,,Vinywaji,0,1,200,200,160.71,160.71,39.29,,,,,,
4/5/2026,20:01:14,Winston(R),,Sigara & RIZLA,0,5,200,"1,000.00",130.53,652.63,347.37,,,,,,
4/5/2026,20:01:14,Pipi/Bigijii@100,,Vitamu,0,5,100,500,59.76,298.78,201.22,,,,,,
4/5/2026,20:47:48,Mirinda-600mL,,Vinywaji,6.2011E+12,1,"1,000.00","1,000.00",830.3,830.3,169.7,,,,,,
4/5/2026,20:47:48,Uhai(W)-1L,,Vinywaji,6.20301E+12,1,700,700,417.49,417.49,282.51,,,,,,
4/5/2026,20:47:48,Mayai@Kizungu,,Viungo,0,6,350,"2,100.00",266.67,"1,600.00",500,,,,,,
4/5/2026,20:47:48,Nyota/Kali,,Sigara & RIZLA,0,6,150,900,85.48,512.87,387.13,,,,,,
4/5/2026,21:16:12,Mosquito :COIL,,Afya,0,4,250,"1,000.00",140,560,440,,,,,,
4/5/2026,21:16:12,Jambo:Bolibo-300ml,,Vinywaji,6.203E+12,1,600,600,428.57,428.57,171.43,,,,,,
4/5/2026,21:16:12,Jambo:Cocopine-300ml,,Vinywaji,6.203E+12,1,600,600,417.29,417.29,182.71,,,,,,
4/5/2026,21:16:12,Jambo:Lemon-300ml,,Vinywaji,0,1,600,600,433.33,433.33,166.67,,,,,,
4/5/2026,21:16:12,Portsman,,Sigara & RIZLA,0,2,300,600,220.88,441.76,158.24,,,,,,
4/5/2026,21:16:12,Nyota/Kali,,Sigara & RIZLA,0,2,150,300,85.48,170.96,129.04,,,,,,
4/5/2026,21:16:12,Winston(R),,Sigara & RIZLA,0,2,200,400,130.53,261.05,138.95,,,,,,
4/5/2026,21:30:34,Mshumaa,,Jikoni,6.203E+12,3,500,"1,500.00",277.78,833.33,666.67,,,,,,
4/5/2026,21:30:34,K-vant(S)-250ML,,Vinywaji,6.203E+12,1,"4,000.00","4,000.00","3,340.74","3,340.74",659.26,,,,,,
4/5/2026,21:34:37,Mosquito :COIL,,Afya,0,3,250,750,140,420,330,,,,,,
4/5/2026,21:34:37,Nyota/Kali,,Sigara & RIZLA,0,27,150,"4,050.00",85.48,"2,307.90","1,742.10",,,,,,
4/5/2026,21:34:37,Pipi/Bigijii@50,,Vitamu,0,11,50,550,31.63,347.96,202.04,,,,,,
4/5/2026,21:34:37,U-Fresh Glass (Mango)-120ML,,Vinywaji,0,1,200,200,160.71,160.71,39.29,,,,,,
4/5/2026,21:38:49,Winston(R),,Sigara & RIZLA,0,3,200,600,130.53,391.58,208.42,,,,,,
4/5/2026,21:59:37,Embassy,,Sigara & RIZLA,0,1,400,400,278.03,278.03,121.97,,,,,,
4/5/2026,21:59:37,Winston(R),,Sigara & RIZLA,0,3,200,600,130.53,391.58,208.42,,,,,,
4/5/2026,22:03:44,Mosquito :COIL,,Afya,0,2,250,500,140,280,220,,,,,,
4/5/2026,22:03:44,Winston(R),,Sigara & RIZLA,0,3,200,600,130.53,391.58,208.42,,,,,,
4/5/2026,22:13:04,Sukari(Kupima) - 50kg,,Viungo,0,0.5,"3,000.00","1,500.00","2,360.00","1,180.00",320,,,,,,
4/5/2026,22:13:04,Winston(R),,Sigara & RIZLA,0,4,200,800,130.53,522.11,277.89,,,,,,
4/5/2026,22:13:04,Pipi/Bigijii@100,,Vitamu,0,3,100,300,59.76,179.27,120.73,,,,,,
4/5/2026,22:13:04,Fanta-Orange : 350mL,,Vinywaji,0,1,700,700,558.33,558.33,141.67,,,,,,
4/5/2026,22:39:37,Nyota/Kali,,Sigara & RIZLA,0,1,150,150,85.48,85.48,64.52,,,,,,
4/5/2026,22:54:31,Embassy,,Sigara & RIZLA,0,1,400,400,278.03,278.03,121.97,,,,,,
4/5/2026,22:54:31,Azam-Malt-300ML,,Vinywaji,6.00964E+12,1,600,600,496.79,496.79,103.21,,,,,,
4/5/2026,23:07:53,Portsman,,Sigara & RIZLA,0,1,300,300,220.88,220.88,79.12,,,,,,
4/5/2026,23:27:45,Winston(R),,Sigara & RIZLA,0,5,200,"1,000.00",130.53,652.63,347.37,,,,,,
4/5/2026,23:38:23,Jambo:Lemon-300ml,,Vinywaji,0,1,600,600,433.33,433.33,166.67,,,,,,
4/6/2026,11:16:44,Double(KK)-200ml,,Vinywaji,6.20301E+12,1.5,"2,000.00","3,000.00","1,794.67","2,692.00",308,,,,,,
4/6/2026,11:23:06,Sukari(Kupima) - 50kg,,Viungo,0,0.5,"3,000.00","1,500.00","2,360.00","1,180.00",320,,,,,,
4/6/2026,11:28:47,K-vant(L)- 750ML,,Vinywaji,6.204E+12,2,"11,000.00","22,000.00","9,574.67","19,149.33","2,850.67",,,,,,
4/6/2026,11:31:02,Sukari(Kupima) - 50kg,,Viungo,0,0.8,"3,000.00","2,250.00","2,360.00","1,770.00",480,,,,,,
4/6/2026,11:31:02,Pipi/Bigijii@100,,Vitamu,0,2,100,200,59.76,119.51,80.49,,,,,,
4/6/2026,11:31:02,Ngano-25kg,,Nafaka,0,1.5,"1,800.00","2,700.00","1,507.14","2,260.71",439.29,,,,,,
4/6/2026,11:31:02,Mafuta/Kupikia-20L,,Viungo,0,0.5,"6,000.00","3,000.00","4,060.98","2,030.49",969.51,,,,,,
4/6/2026,11:31:02,Uhai(W)-1L,,Vinywaji,6.20301E+12,1,700,700,417.49,417.49,282.51,,,,,,
4/6/2026,11:43:49,Niceone-180g,,Usafi:Jumla,6.20302E+12,1,500,500,417.5,417.5,82.5,,,,,,
4/6/2026,11:43:49,Nyota/Kali,,Sigara & RIZLA,0,1,150,150,85.48,85.48,64.52,,,,,,
4/6/2026,12:05:10,Sembe-25kg,,Nafaka,0,1.3,"1,500.00","1,875.00","1,180.00","1,475.00",400,,,,,,
4/6/2026,12:05:10,Winston(R),,Sigara & RIZLA,0,2,200,400,130.53,261.05,138.95,,,,,,
4/6/2026,12:05:10,Azam-Cola-300ML,,Vinywaji,6.20301E+12,1,500,500,423.55,423.55,76.45,,,,,,
4/6/2026,12:13:46,Sembe-25kg,,Nafaka,0,0.5,"1,500.00",750,"1,180.00",590,160,,,,,,
4/6/2026,12:13:46,Mayai@Kizungu,,Viungo,0,1,350,350,266.67,266.67,83.33,,,,,,
4/6/2026,12:30:58,Sembe-25kg,,Nafaka,0,0.8,"1,500.00","1,125.00","1,180.00",885,240,,,,,,
4/6/2026,12:31:36,Tambi-25kg (Kupima),,Nafaka,0,0.5,"2,800.00","1,400.00","2,140.00","1,070.00",330,,,,,,
4/6/2026,12:43:47,Niceone-400g,,Usafi:Jumla,6.20302E+12,1,"1,000.00","1,000.00",837.5,837.5,162.5,,,,,,
4/6/2026,12:57:21,Uhai(W)-1L,,Vinywaji,6.20301E+12,1,700,700,417.49,417.49,282.51,,,,,,
4/6/2026,12:57:21,Mafuta/Kupikia-20L,,Viungo,0,0.3,"6,000.00","1,500.00","4,060.98","1,015.24",484.76,,,,,,
4/6/2026,12:58:13,Winston(R),,Sigara & RIZLA,0,2,200,400,130.53,261.05,138.95,,,,,,
4/6/2026,12:58:13,Pipi/Bigijii@50,,Vitamu,0,2,50,100,31.63,63.27,36.73,,,,,,
4/6/2026,13:11:51,Sembe-25kg,,Nafaka,0,1,"1,500.00","1,500.00","1,180.00","1,180.00",320,,,,,,
4/6/2026,14:04:38,Sembe-25kg,,Nafaka,0,1.3,"1,500.00","1,875.00","1,180.00","1,475.00",400,,,,,,
4/6/2026,14:04:38,RIZLA,,Sigara & RIZLA,0,2,800,"1,600.00",550,"1,100.00",500,,,,,,
4/6/2026,14:04:38,Winston(R),,Sigara & RIZLA,0,2,200,400,130.53,261.05,138.95,,,,,,
4/6/2026,14:04:38,Pipi/Bigijii@50,,Vitamu,0,4,50,200,31.63,126.53,73.47,,,,,,
4/6/2026,14:04:38,Double(KK)-200ml,,Vinywaji,6.20301E+12,0.5,"2,000.00","1,000.00","1,794.67",897.33,102.67,,,,,,
4/6/2026,14:06:42,Uhai(W)-1.6L,,Vinywaji,6.20301E+12,1,"1,000.00","1,000.00",498.15,498.15,501.85,,,,,,
4/6/2026,15:17:38,K-vant(S)-250ML,,Vinywaji,6.203E+12,1,"4,000.00","4,000.00","3,340.74","3,340.74",659.26,,,,,,
4/6/2026,15:17:38,Jambo:Bolibo-300ml,,Vinywaji,6.203E+12,2,600,"1,200.00",428.57,857.14,342.86,,,,,,
4/6/2026,15:17:38,Winston(R),,Sigara & RIZLA,0,22,200,"4,400.00",130.53,"2,871.58","1,528.42",,,,,,
4/6/2026,15:17:38,Uhai(W)-1L,,Vinywaji,6.20301E+12,1,700,700,417.49,417.49,282.51,,,,,,
4/6/2026,15:44:21,Azam-Malt-300ML,,Vinywaji,6.00964E+12,1,600,600,496.79,496.79,103.21,,,,,,
4/6/2026,15:44:21,Pipi/Bigijii@50,,Vitamu,0,2,50,100,31.63,63.27,36.73,,,,,,
4/6/2026,16:03:40,Winston(R),,Sigara & RIZLA,0,2,200,400,130.53,261.05,138.95,,,,,,
4/6/2026,16:13:09,Master(R),,Sigara & RIZLA,0,1,150,150,104.65,104.65,45.35,,,,,,
4/6/2026,16:13:09,Azam-Cola-300ML,,Vinywaji,6.20301E+12,1,500,500,423.55,423.55,76.45,,,,,,
4/6/2026,16:13:09,Kiwembe : Dorco,,Usafi:Binafsi,8.80104E+12,2,200,400,85,170,230,,,,,,
4/6/2026,16:29:49,Winston(R),,Sigara & RIZLA,0,1,200,200,130.53,130.53,69.47,,,,,,
4/6/2026,16:29:49,Uhai(W)-1L,,Vinywaji,6.20301E+12,2,700,"1,400.00",417.49,834.98,565.02,,,,,,
4/6/2026,16:29:49,Azam-Cola-300ML,,Vinywaji,6.20301E+12,1,500,500,423.55,423.55,76.45,,,,,,
4/6/2026,16:29:49,K-vant(S)-250ML,,Vinywaji,6.203E+12,2,"4,000.00","8,000.00","3,340.74","6,681.48","1,318.52",,,,,,
4/6/2026,16:29:49,Smart Gin-200ML,,Vinywaji,6.20301E+12,0.5,"2,000.00","1,000.00","1,744.28",872.14,127.86,,,,,,
4/6/2026,16:44:10,Winston(R),,Sigara & RIZLA,0,2,200,400,130.53,261.05,138.95,,,,,,
4/6/2026,16:44:10,Pipi/Bigijii@50,,Vitamu,0,2,50,100,31.63,63.27,36.73,,,,,,
4/6/2026,16:53:02,K-vant(S)-250ML,,Vinywaji,6.203E+12,1,"4,000.00","4,000.00","3,340.74","3,340.74",659.26,,,,,,
4/6/2026,17:13:57,Azam-Cola-300ML,,Vinywaji,6.20301E+12,1,500,500,423.55,423.55,76.45,,,,,,
4/6/2026,17:13:57,Smart Gin-200ML,,Vinywaji,6.20301E+12,0.5,"2,000.00","1,000.00","1,744.28",872.14,127.86,,,,,,
4/6/2026,17:42:21,Pepsi : 350ml,,Vinywaji,0,18,600,"10,800.00",500,"9,000.00","1,800.00",,,,,,
4/6/2026,17:42:21,Mirinda-Black : 350ml,,Vinywaji,0,2,600,"1,200.00",500,"1,000.00",200,,,,,,
4/6/2026,17:42:21,Perfumes-50mL,,Usafi:Binafsi,0,2,"3,000.00","6,000.00","1,500.00","3,000.00","3,000.00",,,,,,
4/6/2026,17:52:30,Cocacola : 350mL,,Vinywaji,0,9,700,"6,300.00",558.3,"5,024.70","1,275.30",,,,,,
4/6/2026,17:52:30,Fanta-Orange : 350mL,,Vinywaji,0,8,700,"5,600.00",558.33,"4,466.64","1,133.36",,,,,,
4/6/2026,17:52:30,Fanta-Passion : 350mL,,Vinywaji,0,7,700,"4,900.00",558.33,"3,908.31",991.69,,,,,,
4/6/2026,17:56:58,Winston(R),,Sigara & RIZLA,0,1,200,200,130.53,130.53,69.47,,,,,,
4/6/2026,20:46:49,Tambi-25kg (Kupima),,Nafaka,0,0.5,"2,800.00","1,400.00","2,140.00","1,070.00",330,,,,,,
4/6/2026,20:46:49,Double(KK)-200ml,,Vinywaji,6.20301E+12,0.5,"2,000.00","1,000.00","1,794.67",897.33,102.67,,,,,,
4/6/2026,20:46:49,Smart Gin-200ML,,Vinywaji,6.20301E+12,1.5,"2,000.00","3,000.00","1,744.28","2,616.42",383.58,,,,,,
4/6/2026,20:46:49,Paracetamol - 500mg,,Afya,0,8,50,400,30,240,160,,,,,,
4/6/2026,20:46:49,Uhai(W)-1.6L,,Vinywaji,6.20301E+12,1,"1,000.00","1,000.00",498.15,498.15,501.85,,,,,,
4/6/2026,20:46:49,Winston(R),,Sigara & RIZLA,0,14,200,"2,800.00",130.53,"1,827.37",972.63,,,,,,
4/6/2026,20:46:49,Nyota/Kali,,Sigara & RIZLA,0,21,150,"3,150.00",85.48,"1,795.04","1,354.96",,,,,,
4/6/2026,20:46:49,Uhai(W)-1L,,Vinywaji,6.20301E+12,3,700,"2,100.00",417.49,"1,252.48",847.52,,,,,,
4/6/2026,20:46:49,Azam-Cola-300ML,,Vinywaji,6.20301E+12,1,500,500,423.55,423.55,76.45,,,,,,
4/6/2026,20:46:49,Sembe-25kg,,Nafaka,0,1,"1,500.00","1,500.00","1,180.00","1,180.00",320,,,,,,
4/6/2026,20:46:49,Mosquito :COIL,,Afya,0,3,250,750,140,420,330,,,,,,
4/6/2026,20:46:49,Mshumaa,,Jikoni,6.203E+12,1,500,500,277.78,277.78,222.22,,,,,,
4/6/2026,20:46:49,Niceone-180g,,Usafi:Jumla,6.20302E+12,1,500,500,417.5,417.5,82.5,,,,,,
4/6/2026,20:46:49,Mayai@Kizungu,,Viungo,0,4,350,"1,400.00",266.67,"1,066.67",333.33,,,,,,
4/6/2026,20:46:49,Azam-Malt-300ML,,Vinywaji,6.00964E+12,1,600,600,496.79,496.79,103.21,,,,,,
4/6/2026,20:46:49,Diclopar-550mg,,Afya,0,9,100,900,60,540,360,,,,,,
4/6/2026,20:46:49,Pipi/Bigijii@100,,Vitamu,0,1,100,100,59.76,59.76,40.24,,,,,,
4/6/2026,20:49:19,Mosquito :COIL,,Afya,0,2,250,500,140,280,220,,,,,,
4/6/2026,20:56:20,UDI : STIKI,,Usafi:Binafsi,0,2,50,100,23.81,47.62,52.38,,,,,,
4/6/2026,20:56:20,Embassy,,Sigara & RIZLA,0,1,400,400,278.03,278.03,121.97,,,,,,
4/6/2026,20:56:20,Kiwembe : Dorco,,Usafi:Binafsi,8.80104E+12,1,200,200,85,85,115,,,,,,
4/6/2026,20:56:55,UDI : STIKI,,Usafi:Binafsi,0,2,50,100,23.81,47.62,52.38,,,,,,
4/6/2026,20:56:55,Embassy,,Sigara & RIZLA,0,1,400,400,278.03,278.03,121.97,,,,,,
4/6/2026,20:56:55,Kiwembe : Dorco,,Usafi:Binafsi,8.80104E+12,1,200,200,85,85,115,,,,,,
4/6/2026,20:57:24,UDI : STIKI,,Usafi:Binafsi,0,2,50,100,23.81,47.62,52.38,,,,,,
4/6/2026,20:57:24,Embassy,,Sigara & RIZLA,0,1,400,400,278.03,278.03,121.97,,,,,,
4/6/2026,20:57:24,Kiwembe : Dorco,,Usafi:Binafsi,8.80104E+12,1,200,200,85,85,115,,,,,,
4/6/2026,21:25:02,Winston(R),,Sigara & RIZLA,0,3,200,600,130.53,391.58,208.42,,,,,,
4/6/2026,21:25:02,Pipi/Bigijii@100,,Vitamu,0,1,100,100,59.76,59.76,40.24,,,,,,
4/6/2026,21:25:42,Winston(R),,Sigara & RIZLA,0,3,200,600,130.53,391.58,208.42,,,,,,
4/6/2026,21:25:42,Pipi/Bigijii@100,,Vitamu,0,1,100,100,59.76,59.76,40.24,,,,,,
4/6/2026,21:26:37,Jambo:Bolibo-300ml,,Vinywaji,6.203E+12,1,600,600,428.57,428.57,171.43,,,,,,
4/6/2026,21:26:37,Jambo:Cocopine-300ml,,Vinywaji,6.203E+12,1,600,600,417.29,417.29,182.71,,,,,,
4/6/2026,21:33:18,Jambo:Cocopine-300ml,,Vinywaji,6.203E+12,1,600,600,417.29,417.29,182.71,,,,,,
4/6/2026,21:44:18,Smart Gin-200ML,,Vinywaji,6.20301E+12,0.5,"2,000.00","1,000.00","1,744.28",872.14,127.86,,,,,,
4/6/2026,21:44:18,Uhai(W)-1.6L,,Vinywaji,6.20301E+12,1,"1,000.00","1,000.00",498.15,498.15,501.85,,,,,,
4/6/2026,21:44:18,Mosquito :COIL,,Afya,0,2,250,500,140,280,220,,,,,,
4/6/2026,21:44:18,Winston(R),,Sigara & RIZLA,0,1,200,200,130.53,130.53,69.47,,,,,,
4/6/2026,21:49:24,Azam-Cola-300ML,,Vinywaji,6.20301E+12,1,500,500,423.55,423.55,76.45,,,,,,
4/6/2026,21:51:51,Azam-Cola-300ML,,Vinywaji,6.20301E+12,1,500,500,423.55,423.55,76.45,,,,,,
4/6/2026,21:52:25,Azam-Cola-300ML,,Vinywaji,6.20301E+12,1,500,500,423.55,423.55,76.45,,,,,,
4/6/2026,21:59:33,Azam-Cola-300ML,,Vinywaji,6.20301E+12,2,500,"1,000.00",423.55,847.1,152.9,,,,,,
4/6/2026,21:59:33,Jambo:Cocopine-300ml,,Vinywaji,6.203E+12,1,600,600,417.29,417.29,182.71,,,,,,
4/6/2026,21:59:33,Winston(R),,Sigara & RIZLA,0,1,200,200,130.53,130.53,69.47,,,,,,
4/6/2026,21:59:33,Double(KK)-200ml,,Vinywaji,6.20301E+12,1.5,"2,000.00","3,000.00","1,794.67","2,692.00",308,,,,,,
4/6/2026,22:06:42,Azam-Cola-300ML,,Vinywaji,6.20301E+12,2,500,"1,000.00",423.55,847.1,152.9,,,,,,
4/6/2026,22:06:42,Jambo:Cocopine-300ml,,Vinywaji,6.203E+12,1,600,600,417.29,417.29,182.71,,,,,,
4/6/2026,22:06:42,Winston(R),,Sigara & RIZLA,0,2,200,400,130.53,261.05,138.95,,,,,,
4/6/2026,22:06:42,Double(KK)-200ml,,Vinywaji,6.20301E+12,1.5,"2,000.00","3,000.00","1,794.67","2,692.00",308,,,,,,
4/6/2026,22:06:42,Nyota/Kali,,Sigara & RIZLA,0,1,150,150,85.48,85.48,64.52,,,,,,
4/6/2026,22:07:38,Azam-Cola-300ML,,Vinywaji,6.20301E+12,2,500,"1,000.00",423.55,847.1,152.9,,,,,,
4/6/2026,22:07:38,Jambo:Cocopine-300ml,,Vinywaji,6.203E+12,1,600,600,417.29,417.29,182.71,,,,,,
4/6/2026,22:07:38,Winston(R),,Sigara & RIZLA,0,2,200,400,130.53,261.05,138.95,,,,,,
4/6/2026,22:07:38,Double(KK)-200ml,,Vinywaji,6.20301E+12,1.5,"2,000.00","3,000.00","1,794.67","2,692.00",308,,,,,,
4/6/2026,22:07:38,Nyota/Kali,,Sigara & RIZLA,0,1,150,150,85.48,85.48,64.52,,,,,,
4/6/2026,22:41:57,Winston(R),,Sigara & RIZLA,0,4,200,800,130.53,522.11,277.89,,,,,,
4/6/2026,22:41:57,Jambo:Bolibo-300ml,,Vinywaji,6.203E+12,1,600,600,428.57,428.57,171.43,,,,,,
4/6/2026,22:41:57,Master(K),,Sigara & RIZLA,0,1,150,150,100.76,100.76,49.24,,,,,,
4/6/2026,23:01:26,Winston(R),,Sigara & RIZLA,0,1,200,200,130.53,130.53,69.47,,,,,,
4/6/2026,23:01:26,Nyota/Kali,,Sigara & RIZLA,0,2,150,300,85.48,170.96,129.04,,,,,,
4/6/2026,23:01:26,Azam-Cola-300ML,,Vinywaji,6.20301E+12,1,500,500,423.55,423.55,76.45,,,,,,
4/8/2026,10:54:07,Jambo:Bolibo-300ml,,Vinywaji,6.203E+12,5,600,"3,000.00",428.57,"2,142.86",857.14,,,,,,
4/8/2026,10:54:07,Pipi/Bigijii@50,,Vitamu,0,10,50,500,31.63,316.33,183.67,,,,,,
4/8/2026,10:54:07,Mayai@Kizungu,,Viungo,0,2,350,700,266.67,533.33,166.67,,,,,,
4/8/2026,10:54:07,Niceone-180g,,Usafi:Jumla,6.20302E+12,10,500,"5,000.00",417.5,"4,175.00",825,,,,,,
4/8/2026,10:54:07,Embassy,,Sigara & RIZLA,0,7,400,"2,800.00",278.03,"1,946.21",853.79,,,,,,
4/8/2026,10:54:07,Pipi/Bigijii@100,,Vitamu,0,3,100,300,59.76,179.27,120.73,,,,,,
4/8/2026,10:54:07,Winston(R),,Sigara & RIZLA,0,14,200,"2,800.00",130.53,"1,827.37",972.63,,,,,,
4/8/2026,10:54:07,Nyota/Kali,,Sigara & RIZLA,0,27,150,"4,050.00",85.48,"2,307.90","1,742.10",,,,,,
4/8/2026,10:54:07,Ngano-25kg,,Nafaka,0,1,"1,800.00","1,800.00","1,507.14","1,507.14",292.86,,,,,,
4/8/2026,10:54:07,Master(R),,Sigara & RIZLA,0,3,150,450,104.65,313.96,136.04,,,,,,
4/8/2026,10:54:07,Sukari(Kupima) - 50kg,,Viungo,0,0.3,"3,000.00",750,"2,360.00",590,160,,,,,,
4/8/2026,10:54:07,UDI : STIKI,,Usafi:Binafsi,0,4,50,200,23.81,95.24,104.76,,,,,,
4/8/2026,10:54:07,Azam-Cola-300ML,,Vinywaji,6.20301E+12,5,500,"2,500.00",423.55,"2,117.75",382.25,,,,,,
4/8/2026,10:54:07,Smart Gin-200ML,,Vinywaji,6.20301E+12,0.5,"2,000.00","1,000.00","1,744.28",872.14,127.86,,,,,,
4/8/2026,10:54:07,Azam-Malt-300ML,,Vinywaji,6.00964E+12,1,600,600,496.79,496.79,103.21,,,,,,
4/8/2026,10:54:07,Jambo:Cocopine-300ml,,Vinywaji,6.203E+12,1,600,600,417.29,417.29,182.71,,,,,,
4/8/2026,10:54:07,Uhai(W)-1L,,Vinywaji,6.20301E+12,2,700,"1,400.00",417.49,834.98,565.02,,,,,,
4/8/2026,10:56:10,Jambo:Bolibo-300ml,,Vinywaji,6.203E+12,5,600,"3,000.00",428.57,"2,142.86",857.14,,,,,,
4/8/2026,10:56:10,Pipi/Bigijii@50,,Vitamu,0,10,50,500,31.63,316.33,183.67,,,,,,
4/8/2026,10:56:10,Mayai@Kizungu,,Viungo,0,2,350,700,266.67,533.33,166.67,,,,,,
4/8/2026,10:56:10,Niceone-180g,,Usafi:Jumla,6.20302E+12,10,500,"5,000.00",417.5,"4,175.00",825,,,,,,
4/8/2026,10:56:10,Embassy,,Sigara & RIZLA,0,7,400,"2,800.00",278.03,"1,946.21",853.79,,,,,,
4/8/2026,10:56:10,Pipi/Bigijii@100,,Vitamu,0,3,100,300,59.76,179.27,120.73,,,,,,
4/8/2026,10:56:10,Winston(R),,Sigara & RIZLA,0,14,200,"2,800.00",130.53,"1,827.37",972.63,,,,,,
4/8/2026,10:56:10,Nyota/Kali,,Sigara & RIZLA,0,27,150,"4,050.00",85.48,"2,307.90","1,742.10",,,,,,
4/8/2026,10:56:10,Ngano-25kg,,Nafaka,0,1,"1,800.00","1,800.00","1,507.14","1,507.14",292.86,,,,,,
4/8/2026,10:56:10,Master(R),,Sigara & RIZLA,0,3,150,450,104.65,313.96,136.04,,,,,,
4/8/2026,10:56:10,Sukari(Kupima) - 50kg,,Viungo,0,0.3,"3,000.00",750,"2,360.00",590,160,,,,,,
4/8/2026,10:56:10,UDI : STIKI,,Usafi:Binafsi,0,4,50,200,23.81,95.24,104.76,,,,,,
4/8/2026,10:56:10,Azam-Cola-300ML,,Vinywaji,6.20301E+12,5,500,"2,500.00",423.55,"2,117.75",382.25,,,,,,
4/8/2026,10:56:10,Smart Gin-200ML,,Vinywaji,6.20301E+12,0.5,"2,000.00","1,000.00","1,744.28",872.14,127.86,,,,,,
4/8/2026,10:56:10,Azam-Malt-300ML,,Vinywaji,6.00964E+12,1,600,600,496.79,496.79,103.21,,,,,,
4/8/2026,10:56:10,Jambo:Cocopine-300ml,,Vinywaji,6.203E+12,1,600,600,417.29,417.29,182.71,,,,,,
4/8/2026,10:56:10,Uhai(W)-1L,,Vinywaji,6.20301E+12,2,700,"1,400.00",417.49,834.98,565.02,,,,,,
4/8/2026,11:03:46,Mshumaa,,Jikoni,6.203E+12,2,500,"1,000.00",277.78,555.56,444.44,,,,,,
4/8/2026,11:03:46,Mosquito :COIL,,Afya,0,3,250,750,140,420,330,,,,,,
4/8/2026,11:03:46,Winston(R),,Sigara & RIZLA,0,1,200,200,130.18,130.18,69.82,,,,,,
4/8/2026,11:03:46,Jambo:Bolibo-300ml,,Vinywaji,6.203E+12,1,600,600,428.57,428.57,171.43,,,,,,
4/8/2026,11:03:46,Winston(R),,Sigara & RIZLA,0,3,200,600,130.53,391.58,208.42,,,,,,
4/8/2026,11:03:46,Jambo:Cocopine-300ml,,Vinywaji,6.203E+12,1,600,600,417.29,417.29,182.71,,,,,,
4/8/2026,11:33:37,Embassy,,Sigara & RIZLA,0,1,400,400,278.03,278.03,121.97,,,,,,
4/8/2026,13:46:34,Sembe-25kg,,Nafaka,0,2.3,"1,500.00","3,375.00","1,180.00","2,655.00",720,,,,,,
4/8/2026,13:46:34,Konyagi(S)- 200ML,,Vinywaji,6.20301E+12,1,"3,800.00","3,800.00","3,523.81","3,523.81",276.19,,,,,,
4/8/2026,13:46:34,Pipi/Bigijii@50,,Vitamu,0,5,50,250,31.63,158.16,91.84,,,,,,
4/8/2026,13:46:34,Pipi/Bigijii@100,,Vitamu,0,1,100,100,59.76,59.76,40.24,,,,,,
4/8/2026,13:46:34,Mafuta/Kupikia-20L,,Viungo,0,1.3,"6,000.00","7,500.00","4,060.98","5,076.22","2,423.78",,,,,,
4/8/2026,13:46:34,Mayai@Kizungu,,Viungo,0,12,350,"4,200.00",266.67,"3,200.00","1,000.00",,,,,,
4/8/2026,14:04:47,Azam-Cola-300ML,,Vinywaji,6.20301E+12,1,500,500,423.55,423.55,76.45,,,,,,
4/8/2026,15:04:05,Winston(R),,Sigara & RIZLA,0,5,200,"1,000.00",130.53,652.63,347.37,,,,,,
4/8/2026,15:04:05,Niceone-180g,,Usafi:Jumla,6.20302E+12,1,500,500,417.5,417.5,82.5,,,,,,
4/8/2026,15:04:05,Sukari(Kupima) - 50kg,,Viungo,0,0.5,"3,000.00","1,500.00","2,360.00","1,180.00",320,,,,,,
4/8/2026,15:34:47,Niceone-180g,,Usafi:Jumla,6.20302E+12,2,500,"1,000.00",417.5,835,165,,,,,,
4/8/2026,15:56:29,Winston(R),,Sigara & RIZLA,0,3,200,600,130.53,391.58,208.42,,,,,,
4/8/2026,15:56:29,Pipi/Bigijii@50,,Vitamu,0,3,50,150,31.63,94.9,55.1,,,,,,
4/8/2026,15:56:29,Embassy,,Sigara & RIZLA,0,2,400,800,278.03,556.06,243.94,,,,,,
4/8/2026,16:12:48,Tambi-25kg (Kupima),,Nafaka,0,0.5,"2,800.00","1,400.00","2,140.00","1,070.00",330,,,,,,
4/8/2026,16:12:48,Winston(R),,Sigara & RIZLA,0,1,200,200,130.53,130.53,69.47,,,,,,
4/8/2026,16:58:15,Pipi/Bigijii@100,,Vitamu,0,1,100,100,59.76,59.76,40.24,,,,,,
4/8/2026,16:58:15,Winston(R),,Sigara & RIZLA,0,1,200,200,130.53,130.53,69.47,,,,,,
4/8/2026,16:58:15,Master(R),,Sigara & RIZLA,0,3,150,450,104.65,313.96,136.04,,,,,,
4/8/2026,17:17:19,Winston(R),,Sigara & RIZLA,0,1,200,200,130.53,130.53,69.47,,,,,,
4/8/2026,18:15:36,Winston(R),,Sigara & RIZLA,0,1,200,200,130.53,130.53,69.47,,,,,,
4/8/2026,18:17:54,Smart Gin-200ML,,Vinywaji,6.20301E+12,6,"2,000.00","12,000.00","1,744.28","10,465.67","1,534.33",,,,,,
4/8/2026,18:17:54,RIZLA,,Sigara & RIZLA,0,2,800,"1,600.00",550,"1,100.00",500,,,,,,
4/8/2026,18:18:34,Smart Gin-200ML,,Vinywaji,6.20301E+12,6,"2,000.00","12,000.00","1,744.28","10,465.67","1,534.33",,,,,,
4/8/2026,18:18:34,RIZLA,,Sigara & RIZLA,0,2,800,"1,600.00",550,"1,100.00",500,,,,,,
4/8/2026,19:22:14,Mshumaa,,Jikoni,6.203E+12,1,500,500,277.78,277.78,222.22,,,,,,
4/8/2026,19:22:14,Sembe-25kg,,Nafaka,0,1,"1,500.00","1,500.00","1,180.00","1,180.00",320,,,,,,
4/8/2026,19:22:14,Mafuta/Kupikia-20L,,Viungo,0,0.3,"6,000.00","1,500.00","4,060.98","1,015.24",484.76,,,,,,
4/8/2026,19:22:14,Uhai(W)-1L,,Vinywaji,6.20301E+12,1,700,700,417.49,417.49,282.51,,,,,,
4/8/2026,19:22:14,Azam-Malt-300ML,,Vinywaji,6.00964E+12,1,600,600,496.79,496.79,103.21,,,,,,
4/8/2026,19:22:14,Portsman,,Sigara & RIZLA,0,3,300,900,220.88,662.65,237.35,,,,,,
4/8/2026,19:22:14,Nyota/Kali,,Sigara & RIZLA,0,22,150,"3,300.00",85.48,"1,880.51","1,419.49",,,,,,
4/8/2026,19:22:14,Pipi/Bigijii@50,,Vitamu,0,5,50,250,31.63,158.16,91.84,,,,,,
4/8/2026,19:23:01,Mshumaa,,Jikoni,6.203E+12,1,500,500,277.78,277.78,222.22,,,,,,
4/8/2026,19:23:01,Sembe-25kg,,Nafaka,0,1,"1,500.00","1,500.00","1,180.00","1,180.00",320,,,,,,
4/8/2026,19:23:01,Mafuta/Kupikia-20L,,Viungo,0,0.3,"6,000.00","1,500.00","4,060.98","1,015.24",484.76,,,,,,
4/8/2026,19:23:01,Uhai(W)-1L,,Vinywaji,6.20301E+12,1,700,700,417.49,417.49,282.51,,,,,,
4/8/2026,19:23:01,Azam-Malt-300ML,,Vinywaji,6.00964E+12,1,600,600,496.79,496.79,103.21,,,,,,
4/8/2026,19:23:01,Portsman,,Sigara & RIZLA,0,3,300,900,220.88,662.65,237.35,,,,,,
4/8/2026,19:23:01,Nyota/Kali,,Sigara & RIZLA,0,22,150,"3,300.00",85.48,"1,880.51","1,419.49",,,,,,
4/8/2026,19:23:01,Pipi/Bigijii@50,,Vitamu,0,5,50,250,31.63,158.16,91.84,,,,,,
4/8/2026,19:44:19,Tambi-25kg (Kupima),,Nafaka,0,0.8,"2,800.00","2,100.00","2,140.00","1,605.00",495,,,,,,
4/8/2026,21:28:29,Mirinda-600mL,,Vinywaji,6.2011E+12,1,"1,000.00","1,000.00",830.3,830.3,169.7,,,,,,
4/8/2026,21:28:29,Azam-Cola-300ML,,Vinywaji,6.20301E+12,2,500,"1,000.00",423.55,847.1,152.9,,,,,,
4/8/2026,21:28:29,Azam-Malt-300ML,,Vinywaji,6.00964E+12,1,600,600,496.79,496.79,103.21,,,,,,
4/8/2026,21:28:29,Neel-Salt-200g,,Viungo,6.20301E+12,1,300,300,166.67,166.67,133.33,,,,,,
4/8/2026,21:28:29,Superblack-MDLSPA,,Usafi:Binafsi,0,1,"1,000.00","1,000.00",700,700,300,,,,,,
4/8/2026,21:28:29,Mayai@Kizungu,,Viungo,0,3,350,"1,050.00",266.67,800,250,,,,,,
4/8/2026,21:38:00,Mosquito :COIL,,Afya,0,5,250,"1,250.00",140,700,550,,,,,,
4/8/2026,21:38:00,Winston(R),,Sigara & RIZLA,0,4,200,800,130.53,522.11,277.89,,,,,,
4/8/2026,21:42:33,Nyota/Kali,,Sigara & RIZLA,0,1,150,150,85.48,85.48,64.52,,,,,,
4/8/2026,22:00:37,Jambo:Cocopine-300ml,,Vinywaji,6.203E+12,1,600,600,417.29,417.29,182.71,,,,,,
4/9/2026,9:13:59,Niceone-180g,,Usafi:Jumla,6.20302E+12,1,500,500,417.5,417.5,82.5,,,,,,
4/9/2026,9:13:59,Master(R),,Sigara & RIZLA,0,1,150,150,104.65,104.65,45.35,,,,,,
4/9/2026,9:13:59,Sukari(Kupima) - 50kg,,Viungo,0,0.3,"3,000.00",750,"2,360.00",590,160,,,,,,
4/9/2026,9:13:59,Neel-Salt-500g,,Viungo,6.20301E+12,2,500,"1,000.00",287.5,575,425,,,,,,
4/9/2026,9:13:59,Mafuta/Kupikia-20L,,Viungo,0,0.3,"6,000.00","1,500.00","4,060.98","1,015.24",484.76,,,,,,
4/9/2026,9:41:52,Winston(R),,Sigara & RIZLA,0,7,200,"1,400.00",130.53,913.68,486.32,,,,,,
4/9/2026,9:41:52,U-Fresh Glass (Mango)-120ML,,Vinywaji,0,4,200,800,160.71,642.86,157.14,,,,,,
4/9/2026,9:41:52,Portsman,,Sigara & RIZLA,0,1,300,300,220.88,220.88,79.12,,,,,,
4/9/2026,10:02:37,Winston(R),,Sigara & RIZLA,0,2,200,400,130.53,261.05,138.95,,,,,,
4/9/2026,14:10:22,Winston(R),,Sigara & RIZLA,0,8,200,"1,600.00",130.53,"1,044.21",555.79,,,,,,
4/9/2026,14:10:22,Azam-Cola-300ML,,Vinywaji,6.20301E+12,2,600,"1,200.00",423.55,847.1,352.9,,,,,,
4/9/2026,14:10:22,Nyota/Kali,,Sigara & RIZLA,0,2,150,300,85.48,170.96,129.04,,,,,,
4/9/2026,14:10:22,Master(R),,Sigara & RIZLA,0,1,150,150,104.65,104.65,45.35,,,,,,
4/9/2026,14:10:22,Smart Gin-200ML,,Vinywaji,6.20301E+12,1,"2,000.00","2,000.00","1,744.28","1,744.28",255.72,,,,,,
4/9/2026,14:12:20,Winston(R),,Sigara & RIZLA,0,2,200,400,130.53,261.05,138.95,,,,,,
4/9/2026,14:12:20,Winston(R),,Sigara & RIZLA,0,1,200,200,130.18,130.18,69.82,,,,,,
4/9/2026,15:50:19,Smart Gin-200ML,,Vinywaji,6.20301E+12,0.5,"2,000.00","1,000.00","1,744.28",872.14,127.86,,,,,,
4/9/2026,15:50:19,Winston(R),,Sigara & RIZLA,0,5,200,"1,000.00",130.53,652.63,347.37,,,,,,
4/9/2026,16:57:29,Fanta-Orange : 350mL,,Vinywaji,0,1,800,800,558.33,558.33,241.67,,,,,,
4/9/2026,16:57:29,Jambo:Lemon-300ml,,Vinywaji,0,3,600,"1,800.00",433.33,"1,300.00",500,,,,,,
4/9/2026,16:57:29,Winston(R),,Sigara & RIZLA,0,8,200,"1,600.00",130.53,"1,044.21",555.79,,,,,,
4/9/2026,16:57:29,Pipi/Bigijii@100,,Vitamu,0,6,100,600,59.76,358.54,241.46,,,,,,
4/9/2026,16:57:29,Pipi/Bigijii@150,,Vitamu,0,1,150,150,100,100,50,,,,,,
4/9/2026,16:57:29,Pipi/Bigijii@50,,Vitamu,0,7,50,350,31.63,221.43,128.57,,,,,,
4/9/2026,16:57:29,Mafuta/Kupikia-20L,,Viungo,0,0.3,"6,000.00","1,500.00","4,060.98","1,015.24",484.76,,,,,,
4/9/2026,16:57:29,Uhai(W)-1L,,Vinywaji,6.20301E+12,1,700,700,417.49,417.49,282.51,,,,,,
4/9/2026,16:57:59,Fanta-Orange : 350mL,,Vinywaji,0,1,800,800,558.33,558.33,241.67,,,,,,
4/9/2026,16:57:59,Jambo:Lemon-300ml,,Vinywaji,0,3,600,"1,800.00",433.33,"1,300.00",500,,,,,,
4/9/2026,16:57:59,Winston(R),,Sigara & RIZLA,0,8,200,"1,600.00",130.53,"1,044.21",555.79,,,,,,
4/9/2026,16:57:59,Pipi/Bigijii@100,,Vitamu,0,6,100,600,59.76,358.54,241.46,,,,,,
4/9/2026,16:57:59,Pipi/Bigijii@150,,Vitamu,0,1,150,150,100,100,50,,,,,,
4/9/2026,16:57:59,Pipi/Bigijii@50,,Vitamu,0,7,50,350,31.63,221.43,128.57,,,,,,
4/9/2026,16:57:59,Mafuta/Kupikia-20L,,Viungo,0,0.3,"6,000.00","1,500.00","4,060.98","1,015.24",484.76,,,,,,
4/9/2026,16:57:59,Uhai(W)-1L,,Vinywaji,6.20301E+12,1,700,700,417.49,417.49,282.51,,,,,,
4/9/2026,17:02:05,Smart Gin-200ML,,Vinywaji,6.20301E+12,1,"2,000.00","2,000.00","1,744.28","1,744.28",255.72,,,,,,
4/9/2026,17:46:09,Smart Gin-200ML,,Vinywaji,6.20301E+12,1,"2,000.00","2,000.00","1,744.28","1,744.28",255.72,,,,,,
4/9/2026,17:46:09,Winston(R),,Sigara & RIZLA,0,2,200,400,130.53,261.05,138.95,,,,,,
4/9/2026,17:46:09,Winston(R),,Sigara & RIZLA,0,1,200,200,130.18,130.18,69.82,,,,,,
4/9/2026,18:16:22,Master(R),,Sigara & RIZLA,0,2,150,300,104.65,209.31,90.69,,,,,,
4/9/2026,18:16:22,Ngano-25kg,,Nafaka,0,0.5,"1,800.00",900,"1,507.14",753.57,146.43,,,,,,
4/9/2026,18:19:13,Paracetamol - 500mg,,Afya,0,20,50,"1,000.00",30,600,400,,,,,,
4/9/2026,19:26:33,Sukari(Kupima) - 50kg,,Viungo,0,1.5,"3,000.00","4,500.00","2,360.00","3,540.00",960,,,,,,
4/9/2026,19:26:33,Azam-Cola-300ML,,Vinywaji,6.20301E+12,1,600,600,423.55,423.55,176.45,,,,,,
4/9/2026,19:26:33,Portsman,,Sigara & RIZLA,0,2,300,600,220.88,441.76,158.24,,,,,,
4/9/2026,19:26:33,Mosquito :COIL,,Afya,0,2,250,500,140,280,220,,,,,,
4/9/2026,20:04:35,Double(KK)-200ml,,Vinywaji,6.20301E+12,0.5,"2,000.00","1,000.00","1,794.67",897.33,102.67,,,,,,
4/9/2026,20:04:35,Winston(R),,Sigara & RIZLA,0,3,200,600,130.53,391.58,208.42,,,,,,
4/9/2026,20:04:35,Winston(R),,Sigara & RIZLA,0,2,200,400,130.18,260.36,139.64,,,,,,
4/9/2026,20:04:35,Uhai(W)-1L,,Vinywaji,6.20301E+12,1,700,700,417.49,417.49,282.51,,,,,,
4/9/2026,20:04:35,Mshumaa,,Jikoni,6.203E+12,1,500,500,277.78,277.78,222.22,,,,,,
4/9/2026,20:04:35,Smart Gin-200ML,,Vinywaji,6.20301E+12,1,"2,000.00","2,000.00","1,744.28","1,744.28",255.72,,,,,,
4/9/2026,20:04:35,RIZLA,,Sigara & RIZLA,0,2,800,"1,600.00",550,"1,100.00",500,,,,,,
4/9/2026,20:04:35,Azam-Malt-300ML,,Vinywaji,6.00964E+12,1,600,600,496.79,496.79,103.21,,,,,,
4/9/2026,23:15:29,Mosquito :COIL,,Afya,0,7,250,"1,750.00",140,980,770,,,,,,
4/9/2026,23:15:29,Winston(R),,Sigara & RIZLA,0,6,200,"1,200.00",130.53,783.16,416.84,,,,,,
4/9/2026,23:15:29,U-Fresh Glass (Mango)-120ML,,Vinywaji,0,4,200,800,160.71,642.86,157.14,,,,,,
4/9/2026,23:15:29,Winston(R),,Sigara & RIZLA,0,1,200,200,130.18,130.18,69.82,,,,,,
4/9/2026,23:15:29,Sembe-25kg,,Nafaka,0,1,"1,500.00","1,500.00","1,180.00","1,180.00",320,,,,,,
4/9/2026,23:15:29,Uhai(W)-1L,,Vinywaji,6.20301E+12,1,700,700,417.49,417.49,282.51,,,,,,
4/9/2026,23:15:29,Uhai(W)-1.6L,,Vinywaji,6.20301E+12,1,"1,000.00","1,000.00",498.15,498.15,501.85,,,,,,
4/9/2026,23:15:29,Tambi-25kg (Kupima),,Nafaka,0,0.3,"2,800.00",700,"2,140.00",535,165,,,,,,
4/9/2026,23:15:29,Niceone-180g,,Usafi:Jumla,6.20302E+12,2,500,"1,000.00",417.5,835,165,,,,,,
4/10/2026,9:51:57,Embassy,,Sigara & RIZLA,0,1,400,400,278.03,278.03,121.97,,,,,,
4/10/2026,9:51:57,Jambo:Bolibo-300ml,,Vinywaji,6.203E+12,1,600,600,428.57,428.57,171.43,,,,,,
4/10/2026,9:51:57,Winston(R),,Sigara & RIZLA,0,4,200,800,130.53,522.11,277.89,,,,,,
4/10/2026,9:51:57,Master(R),,Sigara & RIZLA,0,2,150,300,104.65,209.31,90.69,,,,,,
4/10/2026,9:51:57,Sukari(Kupima) - 50kg,,Viungo,0,0.3,"3,000.00",750,"2,360.00",590,160,,,,,,
4/10/2026,9:51:57,Smart Gin-200ML,,Vinywaji,6.20301E+12,0.5,"2,000.00","1,000.00","1,744.28",872.14,127.86,,,,,,
4/10/2026,11:55:28,Azam-Cola-300ML,,Vinywaji,6.20301E+12,1,600,600,423.55,423.55,176.45,,,,,,
4/10/2026,11:55:28,Winston(R),,Sigara & RIZLA,0,1,200,200,130.53,130.53,69.47,,,,,,
4/10/2026,11:55:28,Mafuta/Kupikia-20L,,Viungo,0,0.3,"6,000.00","1,500.00","4,060.98","1,015.24",484.76,,,,,,
4/10/2026,13:40:44,Winston(R),,Sigara & RIZLA,0,2,200,400,130.53,261.05,138.95,,,,,,
4/10/2026,13:40:44,Master(K),,Sigara & RIZLA,0,1,150,150,100.76,100.76,49.24,,,,,,
4/10/2026,13:40:44,Azam-Cola-300ML,,Vinywaji,6.20301E+12,1,600,600,423.55,423.55,176.45,,,,,,
4/10/2026,13:40:44,Sembe-25kg,,Nafaka,0,0.8,"1,500.00","1,125.00","1,180.00",885,240,,,,,,
4/10/2026,13:40:44,Jambo:Lemon-300ml,,Vinywaji,0,1,600,600,433.33,433.33,166.67,,,,,,
4/10/2026,13:43:36,Winston(R),,Sigara & RIZLA,0,2,200,400,130.53,261.05,138.95,,,,,,
4/10/2026,13:43:36,Master(K),,Sigara & RIZLA,0,1,150,150,100.76,100.76,49.24,,,,,,
4/10/2026,13:43:36,Azam-Cola-300ML,,Vinywaji,6.20301E+12,1,600,600,423.55,423.55,176.45,,,,,,
4/10/2026,13:43:36,Sembe-25kg,,Nafaka,0,0.8,"1,500.00","1,125.00","1,180.00",885,240,,,,,,
4/10/2026,13:43:36,Jambo:Lemon-300ml,,Vinywaji,0,1,600,600,433.33,433.33,166.67,,,,,,
4/10/2026,13:51:11,Winston(R),,Sigara & RIZLA,0,2,200,400,130.53,261.05,138.95,,,,,,
4/10/2026,13:51:11,Master(K),,Sigara & RIZLA,0,1,150,150,100.76,100.76,49.24,,,,,,
4/10/2026,13:51:11,Azam-Cola-300ML,,Vinywaji,6.20301E+12,1,600,600,423.55,423.55,176.45,,,,,,
4/10/2026,13:51:11,Sembe-25kg,,Nafaka,0,0.8,"1,500.00","1,125.00","1,180.00",885,240,,,,,,
4/10/2026,13:51:11,Jambo:Lemon-300ml,,Vinywaji,0,1,600,600,433.33,433.33,166.67,,,,,,
4/10/2026,15:56:52,Fanta-Orange : 350mL,,Vinywaji,0,1,800,800,558.33,558.33,241.67,,,,,,
4/10/2026,15:56:52,Winston(R),,Sigara & RIZLA,0,3,200,600,130.53,391.58,208.42,,,,,,
4/10/2026,15:56:52,Neel-Salt-500g,,Viungo,6.20301E+12,1,500,500,287.5,287.5,212.5,,,,,,
4/10/2026,15:56:52,Uhai(W)-1.6L,,Vinywaji,6.20301E+12,3,"1,000.00","3,000.00",498.15,"1,494.44","1,505.56",,,,,,
4/10/2026,17:07:44,Fanta-Orange-600ML,,Vinywaji,5.449E+12,2,"1,000.00","2,000.00",833.33,"1,666.67",333.33,,,,,,
4/10/2026,17:07:44,Pipi/Bigijii@100,,Vitamu,0,3,100,300,59.76,179.27,120.73,,,,,,
4/10/2026,17:07:44,Pipi/Bigijii@50,,Vitamu,0,9,50,450,31.63,284.69,165.31,,,,,,
4/10/2026,17:07:44,Sembe-25kg,,Nafaka,0,0.5,"1,500.00",750,"1,180.00",590,160,,,,,,
4/10/2026,17:08:38,Smart Gin-200ML,,Vinywaji,6.20301E+12,1,"2,000.00","2,000.00","1,744.28","1,744.28",255.72,,,,,,
4/10/2026,17:12:41,Mafuta/Kupikia-20L,,Viungo,0,0.3,"6,000.00","1,500.00","4,060.98","1,015.24",484.76,,,,,,
4/10/2026,18:00:20,Pipi/Bigijii@50,,Vitamu,0,3,50,150,31.63,94.9,55.1,,,,,,
4/10/2026,18:00:20,Jambo:Cocopine-300ml,,Vinywaji,6.203E+12,1,600,600,417.29,417.29,182.71,,,,,,
4/10/2026,18:00:20,Jambo:Bolibo-300ml,,Vinywaji,6.203E+12,1,600,600,428.57,428.57,171.43,,,,,,
4/10/2026,18:04:00,Pipi/Bigijii@50,,Vitamu,0,3,50,150,31.63,94.9,55.1,,,,,,
4/10/2026,18:04:00,Jambo:Cocopine-300ml,,Vinywaji,6.203E+12,1,600,600,417.29,417.29,182.71,,,,,,
4/10/2026,18:04:00,Jambo:Bolibo-300ml,,Vinywaji,6.203E+12,1,600,600,428.57,428.57,171.43,,,,,,
4/10/2026,18:37:00,Sembe-25kg,,Nafaka,0,0.5,"1,500.00",750,"1,180.00",590,160,,,,,,
4/10/2026,18:37:00,Mosquito :COIL,,Afya,0,1,250,250,140,140,110,,,,,,
4/10/2026,19:26:47,Ngano-25kg,,Nafaka,0,1,"1,800.00","1,800.00","1,507.14","1,507.14",292.86,,,,,,
4/10/2026,19:26:47,Mafuta/Kupikia-20L,,Viungo,0,0.5,"6,000.00","3,000.00","4,060.98","2,030.49",969.51,,,,,,
4/10/2026,19:26:47,Pipi/Bigijii@50,,Vitamu,0,10,50,500,31.63,316.33,183.67,,,,,,
4/10/2026,19:26:47,Pipi/Bigijii@100,,Vitamu,0,2,100,200,59.76,119.51,80.49,,,,,,
4/10/2026,19:26:47,Jambo:Bolibo-300ml,,Vinywaji,6.203E+12,1,600,600,428.57,428.57,171.43,,,,,,
4/10/2026,19:26:47,Winston(R),,Sigara & RIZLA,0,1,200,200,130.18,130.18,69.82,,,,,,
4/10/2026,19:26:47,Winston(R),,Sigara & RIZLA,0,1,200,200,130.53,130.53,69.47,,,,,,
4/10/2026,19:26:47,Azam-Cola-300ML,,Vinywaji,6.20301E+12,1,600,600,423.55,423.55,176.45,,,,,,
4/10/2026,19:26:47,Uhai(W)-1L,,Vinywaji,6.20301E+12,1,700,700,417.49,417.49,282.51,,,,,,
4/10/2026,19:26:47,Pipi/Bigijii@150,,Vitamu,0,2,150,300,100,200,100,,,,,,
4/10/2026,19:32:05,K-vant(S)-250ML,,Vinywaji,6.203E+12,1,"4,000.00","4,000.00","3,340.74","3,340.74",659.26,,,,,,
4/10/2026,19:32:05,Winston(R),,Sigara & RIZLA,0,1,200,200,130.53,130.53,69.47,,,,,,
4/10/2026,19:32:05,Master(K),,Sigara & RIZLA,0,1,150,150,100.76,100.76,49.24,,,,,,
4/10/2026,20:29:49,Winston(R),,Sigara & RIZLA,0,5,200,"1,000.00",130.53,652.63,347.37,,,,,,
4/10/2026,20:29:49,Pipi/Bigijii@100,,Vitamu,0,1,100,100,59.76,59.76,40.24,,,,,,
4/10/2026,20:29:49,Azam-Cola-300ML,,Vinywaji,6.20301E+12,1,600,600,423.55,423.55,176.45,,,,,,
4/10/2026,20:34:23,Paracetamol - 500mg,,Afya,0,10,50,500,30,300,200,,,,,,
4/10/2026,21:16:37,Smart Gin-200ML,,Vinywaji,6.20301E+12,1,"2,000.00","2,000.00","1,744.28","1,744.28",255.72,,,,,,
4/10/2026,21:16:37,Winston(R),,Sigara & RIZLA,0,4,200,800,130.53,522.11,277.89,,,,,,
4/10/2026,21:16:37,Nyota/Kali,,Sigara & RIZLA,0,2,150,300,85.48,170.96,129.04,,,,,,
4/10/2026,21:16:37,Master(R),,Sigara & RIZLA,0,3,150,450,104.65,313.96,136.04,,,,,,
4/10/2026,21:16:37,Niceone-180g,,Usafi:Jumla,6.20302E+12,1,500,500,417.5,417.5,82.5,,,,,,
4/10/2026,22:04:03,Azam-Malt-300ML,,Vinywaji,6.00964E+12,2,600,"1,200.00",496.79,993.59,206.41,,,,,,
4/10/2026,22:04:03,Winston(R),,Sigara & RIZLA,0,2,200,400,130.53,261.05,138.95,,,,,,
4/10/2026,22:04:03,Winston(R),,Sigara & RIZLA,0,1,200,200,130.18,130.18,69.82,,,,,,
4/10/2026,22:42:33,Azam-Malt-300ML,,Vinywaji,6.00964E+12,2,600,"1,200.00",496.79,993.59,206.41,,,,,,
4/10/2026,22:42:33,Winston(R),,Sigara & RIZLA,0,5,200,"1,000.00",130.53,652.63,347.37,,,,,,
4/10/2026,22:42:33,Winston(R),,Sigara & RIZLA,0,1,200,200,130.18,130.18,69.82,,,,,,
4/10/2026,22:42:33,Mosquito :COIL,,Afya,0,11,250,"2,750.00",140,"1,540.00","1,210.00",,,,,,
4/10/2026,22:42:33,Smart Gin-200ML,,Vinywaji,6.20301E+12,0.5,"2,000.00","1,000.00","1,744.28",872.14,127.86,,,,,,
4/10/2026,22:43:09,Azam-Malt-300ML,,Vinywaji,6.00964E+12,2,600,"1,200.00",496.79,993.59,206.41,,,,,,
4/10/2026,22:43:09,Winston(R),,Sigara & RIZLA,0,5,200,"1,000.00",130.53,652.63,347.37,,,,,,
4/10/2026,22:43:09,Winston(R),,Sigara & RIZLA,0,1,200,200,130.18,130.18,69.82,,,,,,
4/10/2026,22:43:09,Mosquito :COIL,,Afya,0,11,250,"2,750.00",140,"1,540.00","1,210.00",,,,,,
4/10/2026,22:43:09,Smart Gin-200ML,,Vinywaji,6.20301E+12,0.5,"2,000.00","1,000.00","1,744.28",872.14,127.86,,,,,,
4/10/2026,22:50:51,Konyagi(S)- 200ML,,Vinywaji,6.20301E+12,1,"3,800.00","3,800.00","3,523.81","3,523.81",276.19,,,,,,
4/10/2026,22:50:51,Embassy,,Sigara & RIZLA,0,2,400,800,278.03,556.06,243.94,,,,,,
4/10/2026,22:50:51,Winston(R),,Sigara & RIZLA,0,3,200,600,130.53,391.58,208.42,,,,,,
4/10/2026,23:00:07,Winston(R),,Sigara & RIZLA,0,2,200,400,130.53,261.05,138.95,,,,,,
4/10/2026,23:00:07,Azam-Cola-300ML,,Vinywaji,6.20301E+12,1,600,600,423.55,423.55,176.45,,,,,,
4/10/2026,23:10:01,Winston(R),,Sigara & RIZLA,0,2,200,400,130.53,261.05,138.95,,,,,,
4/10/2026,23:10:01,Azam-Cola-300ML,,Vinywaji,6.20301E+12,1,600,600,423.55,423.55,176.45,,,,,,
4/11/2026,14:51:12,Winston(R),,Sigara & RIZLA,0,28,200,"5,600.00",130.53,"3,654.74","1,945.26",,,,,,
4/11/2026,14:51:12,Embassy,,Sigara & RIZLA,0,6,400,"2,400.00",278.03,"1,668.18",731.82,,,,,,
4/11/2026,14:51:12,Ngano-25kg,,Nafaka,0,1.5,"1,800.00","2,700.00","1,507.14","2,260.71",439.29,,,,,,
4/11/2026,14:51:12,Mafuta/Kupikia-20L,,Viungo,0,2,"6,000.00","12,000.00","4,060.98","8,121.95","3,878.05",,,,,,
4/11/2026,14:51:12,Mirinda-600mL,,Vinywaji,6.2011E+12,2,"1,000.00","2,000.00",830.3,"1,660.61",339.39,,,,,,
4/11/2026,14:51:12,Uhai(W)-1L,,Vinywaji,6.20301E+12,1,700,700,417.49,417.49,282.51,,,,,,
4/11/2026,14:51:12,Diclopar-550mg,,Afya,0,4,100,400,60,240,160,,,,,,
4/11/2026,14:51:12,Kiwembe : Dorco,,Usafi:Binafsi,8.80104E+12,1,200,200,85,85,115,,,,,,
4/11/2026,14:51:12,Sembe-25kg,,Nafaka,0,1.8,"1,500.00","2,625.00","1,180.00","2,065.00",560,,,,,,
4/11/2026,14:51:12,Jambo:Cocopine-300ml,,Vinywaji,6.203E+12,2,600,"1,200.00",417.29,834.58,365.42,,,,,,
4/11/2026,14:51:12,Sukari(Kupima) - 50kg,,Viungo,0,0.8,"3,000.00","2,250.00","2,360.00","1,770.00",480,,,,,,
4/11/2026,14:51:12,Double(KK)-200ml,,Vinywaji,6.20301E+12,0.5,"2,000.00","1,000.00","1,794.67",897.33,102.67,,,,,,
4/11/2026,14:51:12,Pipi/Bigijii@50,,Vitamu,0,4,50,200,31.63,126.53,73.47,,,,,,
4/11/2026,14:51:12,Master(R),,Sigara & RIZLA,0,4,150,600,104.65,418.61,181.39,,,,,,
4/11/2026,14:51:12,Nyota/Kali,,Sigara & RIZLA,0,3,150,450,85.48,256.43,193.57,,,,,,
4/11/2026,14:51:12,Pipi/Bigijii@150,,Vitamu,0,3,150,450,100,300,150,,,,,,
4/11/2026,14:51:12,Azam-Cola-300ML,,Vinywaji,6.20301E+12,3,600,"1,800.00",423.55,"1,270.65",529.35,,,,,,
4/11/2026,14:51:12,Winston(R),,Sigara & RIZLA,0,3,200,600,130.18,390.54,209.46,,,,,,
4/11/2026,14:51:12,Azam-Punch-300ML,,Vinywaji,6.20301E+12,1,600,600,445.83,445.83,154.17,,,,,,
4/11/2026,15:09:43,Sembe-25kg,,Nafaka,0,1,"1,500.00","1,500.00","1,180.00","1,180.00",320,,,,,,
4/11/2026,15:09:43,Pipi/Bigijii@50,,Vitamu,0,2,50,100,31.63,63.27,36.73,,,,,,
4/11/2026,15:09:43,Double(KK)-200ml,,Vinywaji,6.20301E+12,0.5,"2,000.00","1,000.00","1,794.67",897.33,102.67,,,,,,
4/11/2026,15:42:15,Cocacola : 350mL,,Vinywaji,0,1,700,700,558.3,558.3,141.7,,,,,,
4/11/2026,17:40:23,Mafuta/Kupikia-20L,,Viungo,0,2.3,"6,000.00","13,500.00","4,060.98","9,137.20","4,362.80",,,,,,
4/11/2026,17:40:23,Ngano-25kg,,Nafaka,0,1.5,"1,800.00","2,700.00","1,507.14","2,260.71",439.29,,,,,,
4/11/2026,18:53:24,Sembe-25kg,,Nafaka,0,1,"1,500.00","1,500.00","1,180.00","1,180.00",320,,,,,,
4/11/2026,18:53:24,Smart Gin-200ML,,Vinywaji,6.20301E+12,5,"2,000.00","10,000.00","1,744.28","8,721.39","1,278.61",,,,,,
4/11/2026,18:53:24,RIZLA,,Sigara & RIZLA,0,2,800,"1,600.00",550,"1,100.00",500,,,,,,
4/11/2026,19:16:50,Mshumaa,,Jikoni,6.203E+12,1,500,500,277.78,277.78,222.22,,,,,,
4/11/2026,19:16:50,Winston(R),,Sigara & RIZLA,0,3,200,600,130.53,391.58,208.42,,,,,,
4/11/2026,19:56:48,Sukari(Kupima) - 50kg,,Viungo,0,0.5,"3,000.00","1,500.00","2,360.00","1,180.00",320,,,,,,
4/11/2026,19:56:48,Jambo:Cocopine-300ml,,Vinywaji,6.203E+12,1,600,600,417.29,417.29,182.71,,,,,,
4/11/2026,19:56:48,Embassy,,Sigara & RIZLA,0,1,400,400,278.03,278.03,121.97,,,,,,
4/11/2026,19:56:48,Azam-Punch-300ML,,Vinywaji,6.20301E+12,1,600,600,445.83,445.83,154.17,,,,,,
4/11/2026,19:56:48,Tambi-25kg (Kupima),,Nafaka,0,0.5,"2,800.00","1,400.00","2,140.00","1,070.00",330,,,,,,
4/11/2026,19:56:48,Pipi/Bigijii@150,,Vitamu,0,2,150,300,100,200,100,,,,,,
4/11/2026,19:56:48,Winston(R),,Sigara & RIZLA,0,5,200,"1,000.00",130.53,652.63,347.37,,,,,,
4/11/2026,19:56:48,Winston(R),,Sigara & RIZLA,0,2,200,400,130.18,260.36,139.64,,,,,,
4/11/2026,19:56:48,Sembe-25kg,,Nafaka,0,0.5,"1,500.00",750,"1,180.00",590,160,,,,,,
4/11/2026,19:56:48,Mafuta/Kupikia-20L,,Viungo,0,0.5,"6,000.00","3,000.00","4,060.98","2,030.49",969.51,,,,,,
4/11/2026,20:33:50,Sembe-25kg,,Nafaka,0,0.8,"1,500.00","1,125.00","1,180.00",885,240,,,,,,
4/11/2026,20:33:50,Nyota/Kali,,Sigara & RIZLA,0,3,150,450,85.48,256.43,193.57,,,,,,
4/11/2026,20:33:50,Azam-Cola-300ML,,Vinywaji,6.20301E+12,1,600,600,423.55,423.55,176.45,,,,,,
4/11/2026,20:33:50,Master(R),,Sigara & RIZLA,0,2,150,300,104.65,209.31,90.69,,,,,,
4/11/2026,20:33:50,Tambi-25kg (Kupima),,Nafaka,0,0.5,"2,800.00","1,400.00","2,140.00","1,070.00",330,,,,,,
4/11/2026,20:33:50,Jambo:Cocopine-300ml,,Vinywaji,6.203E+12,1,600,600,417.29,417.29,182.71,,,,,,
4/11/2026,21:09:19,Winston(R),,Sigara & RIZLA,0,5,200,"1,000.00",130.53,652.63,347.37,,,,,,
4/11/2026,21:09:19,Pipi/Bigijii@100,,Vitamu,0,1,100,100,59.76,59.76,40.24,,,,,,
4/11/2026,21:09:19,Nyota/Kali,,Sigara & RIZLA,0,1,150,150,85.48,85.48,64.52,,,,,,
4/11/2026,22:40:38,Embassy,,Sigara & RIZLA,0,4,400,"1,600.00",278.03,"1,112.12",487.88,,,,,,
4/11/2026,22:40:38,Pipi/Bigijii@100,,Vitamu,0,5,100,500,59.76,298.78,201.22,,,,,,
4/11/2026,22:40:38,Sembe-25kg,,Nafaka,0,0.5,"1,500.00",750,"1,180.00",590,160,,,,,,
4/11/2026,22:40:38,Pipi/Bigijii@50,,Vitamu,0,1,50,50,31.63,31.63,18.37,,,,,,
4/11/2026,22:40:38,Winston(R),,Sigara & RIZLA,0,10,200,"2,000.00",130.18,"1,301.79",698.21,,,,,,
4/11/2026,22:40:38,Mosquito :COIL,,Afya,0,2,250,500,140,280,220,,,,,,
4/11/2026,22:40:38,Jambo:Bolibo-300ml,,Vinywaji,6.203E+12,1,600,600,428.57,428.57,171.43,,,,,,
4/11/2026,23:02:11,Jambo:Bolibo-300ml,,Vinywaji,6.203E+12,1,600,600,428.57,428.57,171.43,,,,,,
4/11/2026,23:02:11,Winston(R),,Sigara & RIZLA,0,2,200,400,130.53,261.05,138.95,,,,,,
4/12/2026,9:54:17,K-vant(S)-250ML,,Vinywaji,6.203E+12,0.5,"4,000.00","2,000.00","3,340.74","1,670.37",329.63,,,,,,
4/12/2026,9:54:17,Sukari(Kupima) - 50kg,,Viungo,0,0.3,"3,000.00",750,"2,360.00",590,160,,,,,,
4/12/2026,9:54:17,Double(KK)-200ml,,Vinywaji,6.20301E+12,0.5,"2,000.00","1,000.00","1,794.67",897.33,102.67,,,,,,
4/12/2026,9:54:17,Winston(R),,Sigara & RIZLA,0,2,200,400,130.18,260.36,139.64,,,,,,
4/12/2026,9:54:17,Winston(R),,Sigara & RIZLA,0,4,200,800,130.53,522.11,277.89,,,,,,
4/12/2026,9:54:17,Pipi/Bigijii@50,,Vitamu,0,2,50,100,31.63,63.27,36.73,,,,,,
4/12/2026,9:54:17,Smart Gin-200ML,,Vinywaji,6.20301E+12,0.5,"2,000.00","1,000.00","1,744.28",872.14,127.86,,,,,,
4/12/2026,9:54:17,Mafuta/Kupikia-20L,,Viungo,0,0.3,"6,000.00","1,500.00","4,060.98","1,015.24",484.76,,,,,,
4/12/2026,9:54:17,Niceone-400g,,Usafi:Jumla,6.20302E+12,2,"1,000.00","2,000.00",837.5,"1,675.00",325,,,,,,
4/12/2026,10:03:22,Winston(R),,Sigara & RIZLA,0,2,200,400,130.53,261.05,138.95,,,,,,
4/12/2026,10:03:22,Pipi/Bigijii@100,,Vitamu,0,1,100,100,59.76,59.76,40.24,,,,,,
4/12/2026,10:06:55,Pakiti/Ajinomoto,,Viungo,0,3,100,300,42.86,128.57,171.43,,,,,,
4/12/2026,10:06:55,Pakiti/Ndimu-Unga,,Viungo,0,2,100,200,45.45,90.91,109.09,,,,,,
4/12/2026,11:16:58,Uhai(W)-1L,,Vinywaji,6.20301E+12,1,700,700,417.49,417.49,282.51,,,,,,
4/12/2026,11:49:54,Winston(R),,Sigara & RIZLA,0,1,200,200,130.53,130.53,69.47,,,,,,
4/12/2026,12:07:59,Tambi-25kg (Kupima),,Nafaka,0,0.5,"2,800.00","1,400.00","2,140.00","1,070.00",330,,,,,,
4/12/2026,12:45:32,Sembe-25kg,,Nafaka,0,0.5,"1,500.00",750,"1,180.00",590,160,,,,,,
4/12/2026,12:45:32,Mafuta/Kupikia-20L,,Viungo,0,0.3,"6,000.00","1,500.00","4,060.98","1,015.24",484.76,,,,,,
4/12/2026,13:04:41,Embassy,,Sigara & RIZLA,0,1,400,400,278.03,278.03,121.97,,,,,,
4/12/2026,13:06:02,Embassy,,Sigara & RIZLA,0,1,400,400,278.03,278.03,121.97,,,,,,
4/12/2026,14:49:30,Smart Gin-200ML,,Vinywaji,6.20301E+12,0.5,"2,000.00","1,000.00","1,744.28",872.14,127.86,,,,,,
4/12/2026,14:49:30,Tambi-25kg (Kupima),,Nafaka,0,0.8,"2,800.00","2,100.00","2,140.00","1,605.00",495,,,,,,
4/12/2026,14:49:30,Jambo:Bolibo-300ml,,Vinywaji,6.203E+12,2,600,"1,200.00",428.57,857.14,342.86,,,,,,
4/12/2026,14:49:30,Pepsi : 350ml,,Vinywaji,0,2,700,"1,400.00",500,"1,000.00",400,,,,,,
4/12/2026,14:49:30,Sembe-25kg,,Nafaka,0,0.3,"1,500.00",375,"1,180.00",295,80,,,,,,
4/12/2026,14:49:30,Master(K),,Sigara & RIZLA,0,4,150,600,100.76,403.05,196.95,,,,,,
4/12/2026,14:49:30,Master(R),,Sigara & RIZLA,0,2,150,300,104.65,209.31,90.69,,,,,,
4/12/2026,17:16:29,Tambi-25kg (Kupima),,Nafaka,0,0.8,"2,800.00","2,100.00","2,140.00","1,605.00",495,,,,,,
4/12/2026,17:16:29,K-vant(S)-250ML,,Vinywaji,6.203E+12,1,"4,000.00","4,000.00","3,340.74","3,340.74",659.26,,,,,,
4/12/2026,17:16:29,Double(KK)-200ml,,Vinywaji,6.20301E+12,0.5,"2,000.00","1,000.00","1,794.67",897.33,102.67,,,,,,
4/12/2026,17:16:29,Smart Gin-200ML,,Vinywaji,6.20301E+12,3.5,"2,000.00","7,000.00","1,744.28","6,104.98",895.02,,,,,,
4/12/2026,17:16:29,Master(K),,Sigara & RIZLA,0,3,150,450,100.76,302.29,147.71,,,,,,
4/12/2026,17:16:29,Master(R),,Sigara & RIZLA,0,17,150,"2,550.00",104.65,"1,779.10",770.9,,,,,,
4/12/2026,17:16:29,Mafuta/Kupikia-20L,,Viungo,0,0.5,"6,000.00","3,000.00","4,060.98","2,030.49",969.51,,,,,,
4/12/2026,17:16:29,Uhai(W)-1.6L,,Vinywaji,6.20301E+12,1,"1,000.00","1,000.00",498.15,498.15,501.85,,,,,,
4/12/2026,17:16:29,Jambo:Bolibo-300ml,,Vinywaji,6.203E+12,5,600,"3,000.00",428.57,"2,142.86",857.14,,,,,,
4/12/2026,17:16:29,Sembe-25kg,,Nafaka,0,0.5,"1,500.00",750,"1,180.00",590,160,,,,,,
4/12/2026,17:16:29,Winston(R),,Sigara & RIZLA,0,17,200,"3,400.00",130.53,"2,218.95","1,181.05",,,,,,
4/12/2026,17:21:47,Perfumes-50mL,,Usafi:Binafsi,0,1,"3,000.00","3,000.00","1,500.00","1,500.00","1,500.00",,,,,,
4/12/2026,17:21:47,Sukari(Kupima) - 50kg,,Viungo,0,1,"3,000.00","3,000.00","2,360.00","2,360.00",640,,,,,,
4/12/2026,17:31:55,Perfumes-50mL,,Usafi:Binafsi,0,1,"3,000.00","3,000.00","1,500.00","1,500.00","1,500.00",,,,,,
4/12/2026,17:31:55,Sukari(Kupima) - 50kg,,Viungo,0,1,"3,000.00","3,000.00","2,360.00","2,360.00",640,,,,,,
4/12/2026,17:48:16,Nyota/Kali,,Sigara & RIZLA,0,40,150,"6,000.00",85.48,"3,419.12","2,580.88",,,,,,
4/12/2026,18:46:41,Jambo:Cocopine-300ml,,Vinywaji,6.203E+12,1,600,600,417.29,417.29,182.71,,,,,,
4/12/2026,18:46:41,Jambo:Lemon-300ml,,Vinywaji,0,1,600,600,433.33,433.33,166.67,,,,,,
4/12/2026,18:46:41,Master(K),,Sigara & RIZLA,0,9,150,"1,350.00",100.76,906.86,443.14,,,,,,
4/12/2026,20:17:19,Tambi-25kg (Kupima),,Nafaka,0,0.3,"2,800.00",700,"2,140.00",535,165,,,,,,
4/12/2026,20:17:19,Sembe-25kg,,Nafaka,0,1.8,"1,500.00","2,625.00","1,180.00","2,065.00",560,,,,,,
4/12/2026,20:17:19,Konyagi(S)- 200ML,,Vinywaji,6.20301E+12,2,"4,500.00","9,000.00","3,523.81","7,047.62","1,952.38",,,,,,
4/12/2026,20:40:37,Winston(R),,Sigara & RIZLA,0,1,200,200,130.53,130.53,69.47,,,,,,
4/12/2026,20:40:37,Smart Gin-200ML,,Vinywaji,6.20301E+12,5.5,"2,000.00","11,000.00","1,744.28","9,593.53","1,406.47",,,,,,
4/12/2026,20:54:21,Double(KK)-200ml,,Vinywaji,6.20301E+12,0.5,"2,000.00","1,000.00","1,794.67",897.33,102.67,,,,,,
4/12/2026,20:54:21,Winston(R),,Sigara & RIZLA,0,1,200,200,130.53,130.53,69.47,,,,,,
4/12/2026,20:58:24,Winston(R),,Sigara & RIZLA,0,6,200,"1,200.00",130.53,783.16,416.84,,,,,,
4/12/2026,21:24:51,Winston(R),,Sigara & RIZLA,0,1,200,200,130.53,130.53,69.47,,,,,,
4/12/2026,21:24:51,Embassy,,Sigara & RIZLA,0,1,400,400,278.03,278.03,121.97,,,,,,
4/12/2026,22:45:33,Embassy,,Sigara & RIZLA,0,1,400,400,278.03,278.03,121.97,,,,,,
4/12/2026,22:45:33,Smart Gin-200ML,,Vinywaji,6.20301E+12,0.5,"2,000.00","1,000.00","1,744.28",872.14,127.86,,,,,,
4/12/2026,22:45:33,Pipi/Bigijii@50,,Vitamu,0,8,50,400,31.63,253.06,146.94,,,,,,
4/13/2026,9:41:15,Winston(R),,Sigara & RIZLA,0,4,200,800,130.53,522.11,277.89,,,,,,
4/13/2026,9:41:15,Master(K),,Sigara & RIZLA,0,3,150,450,100.76,302.29,147.71,,,,,,
4/13/2026,9:41:15,Sukari(Kupima) - 50kg,,Viungo,0,0.3,"3,000.00",750,"2,360.00",590,160,,,,,,
4/13/2026,9:41:15,Mafuta/Kupikia-20L,,Viungo,0,1,"6,000.00","6,000.00","4,060.98","4,060.98","1,939.02",,,,,,
4/13/2026,9:41:15,Smart Gin-200ML,,Vinywaji,6.20301E+12,1.5,"2,000.00","3,000.00","1,744.28","2,616.42",383.58,,,,,,
4/13/2026,9:41:15,Portsman,,Sigara & RIZLA,0,1,300,300,220.88,220.88,79.12,,,,,,
4/13/2026,10:20:26,Niceone-400g,,Usafi:Jumla,6.20302E+12,1,"1,000.00","1,000.00",837.5,837.5,162.5,,,,,,
4/13/2026,10:20:26,Pipi/Bigijii@100,,Vitamu,0,5,100,500,59.76,298.78,201.22,,,,,,
4/13/2026,10:20:26,Pipi/Bigijii@50,,Vitamu,0,7,50,350,31.63,221.43,128.57,,,,,,
4/13/2026,10:20:26,Jambo:Cocopine-300ml,,Vinywaji,6.203E+12,1,600,600,417.29,417.29,182.71,,,,,,
4/13/2026,16:12:53,Sembe-25kg,,Nafaka,0,1.5,"1,500.00","2,250.00","1,180.00","1,770.00",480,,,,,,
4/13/2026,16:12:53,Mafuta/Kupikia-20L,,Viungo,0,0.3,"6,000.00","1,500.00","4,060.98","1,015.24",484.76,,,,,,
4/13/2026,16:12:53,Pipi/Bigijii@100,,Vitamu,0,2,100,200,59.76,119.51,80.49,,,,,,
4/13/2026,16:12:53,Pipi/Bigijii@50,,Vitamu,0,4,50,200,31.63,126.53,73.47,,,,,,
4/13/2026,16:12:53,Mirinda-Black : 350ml,,Vinywaji,0,2,700,"1,400.00",500,"1,000.00",400,,,,,,
4/13/2026,16:12:53,Double(KK)-200ml,,Vinywaji,6.20301E+12,0.5,"2,000.00","1,000.00","1,794.67",897.33,102.67,,,,,,
4/13/2026,16:12:53,Uhai(W)-1L,,Vinywaji,6.20301E+12,2,700,"1,400.00",417.49,834.98,565.02,,,,,,
4/13/2026,16:12:53,Winston(R),,Sigara & RIZLA,0,26,200,"5,200.00",130.53,"3,393.68","1,806.32",,,,,,
4/13/2026,16:12:53,Embassy,,Sigara & RIZLA,0,6,400,"2,400.00",278.03,"1,668.18",731.82,,,,,,
4/13/2026,16:41:36,Ngano-25kg,,Nafaka,0,1.5,"1,800.00","2,700.00","1,507.14","2,260.71",439.29,,,,,,
4/13/2026,16:41:36,Mafuta/Kupikia-20L,,Viungo,0,2,"6,000.00","12,000.00","4,060.98","8,121.95","3,878.05",,,,,,
4/13/2026,16:43:09,Portsman,,Sigara & RIZLA,0,1,300,300,220.88,220.88,79.12,,,,,,
4/13/2026,16:44:36,Portsman,,Sigara & RIZLA,0,1,300,300,220.88,220.88,79.12,,,,,,
4/13/2026,16:43:53,Portsman,,Sigara & RIZLA,0,1,300,300,220.88,220.88,79.12,,,,,,
4/13/2026,18:21:45,Winston(R),,Sigara & RIZLA,0,6,200,"1,200.00",130.53,783.16,416.84,,,,,,
4/13/2026,18:51:46,Winston(R),,Sigara & RIZLA,0,5,200,"1,000.00",130.53,652.63,347.37,,,,,,
4/13/2026,18:51:46,Pipi/Bigijii@50,,Vitamu,0,4,50,200,31.63,126.53,73.47,,,,,,
4/13/2026,18:51:46,Sembe-25kg,,Nafaka,0,0.5,"1,500.00",750,"1,180.00",590,160,,,,,,
4/13/2026,19:09:43,Winston(R),,Sigara & RIZLA,0,4,200,800,130.53,522.11,277.89,,,,,,
4/13/2026,19:48:22,Sembe-25kg,,Nafaka,0,0.5,"1,500.00",750,"1,180.00",590,160,,,,,,
4/13/2026,19:48:22,Pipi/Bigijii@50,,Vitamu,0,2,50,100,31.63,63.27,36.73,,,,,,
4/13/2026,19:48:22,Embassy,,Sigara & RIZLA,0,1,400,400,278.03,278.03,121.97,,,,,,
4/13/2026,19:52:02,Winston(R),,Sigara & RIZLA,0,5,200,"1,000.00",130.53,652.63,347.37,,,,,,
4/13/2026,19:52:02,Mshumaa,,Jikoni,6.203E+12,1,500,500,277.78,277.78,222.22,,,,,,
4/13/2026,20:13:41,Sembe-25kg,,Nafaka,0,1,"1,500.00","1,500.00","1,180.00","1,180.00",320,,,,,,
4/13/2026,20:13:41,Mosquito :COIL,,Afya,0,2,250,500,140,280,220,,,,,,
4/13/2026,20:34:18,Diclopar-550mg,,Afya,0,2,100,200,60,120,80,,,,,,
4/13/2026,20:44:37,Winston(R),,Sigara & RIZLA,0,3,200,600,130.53,391.58,208.42,,,,,,
4/13/2026,20:44:37,Embassy,,Sigara & RIZLA,0,1,400,400,278.03,278.03,121.97,,,,,,
4/13/2026,21:08:05,Jambo:Cocopine-300ml,,Vinywaji,6.203E+12,1,600,600,417.29,417.29,182.71,,,,,,
4/13/2026,21:13:01,Smart Gin-200ML,,Vinywaji,6.20301E+12,5,"2,000.00","10,000.00","1,744.28","8,721.39","1,278.61",,,,,,
4/13/2026,21:13:01,Mosquito :COIL,,Afya,0,2,250,500,140,280,220,,,,,,
4/13/2026,21:37:01,Mafuta/Kupikia-20L,,Viungo,0,0.5,"6,000.00","3,000.00","4,060.98","2,030.49",969.51,,,,,,
4/13/2026,21:37:01,Sembe-25kg,,Nafaka,0,2,"1,500.00","3,000.00","1,180.00","2,360.00",640,,,,,,
4/13/2026,21:37:01,Smart Gin-200ML,,Vinywaji,6.20301E+12,1,"2,000.00","2,000.00","1,744.28","1,744.28",255.72,,,,,,
4/13/2026,21:37:01,Winston(R),,Sigara & RIZLA,0,3,200,600,130.53,391.58,208.42,,,,,,
4/13/2026,21:37:01,Pipi/Bigijii@50,,Vitamu,0,16,50,800,31.63,506.12,293.88,,,,,,
4/13/2026,21:51:59,Uhai(W)-1.6L,,Vinywaji,6.20301E+12,1,"1,000.00","1,000.00",498.15,498.15,501.85,,,,,,
4/13/2026,21:51:59,Uhai(W)-1L,,Vinywaji,6.20301E+12,1,700,700,417.49,417.49,282.51,,,,,,
4/13/2026,22:17:37,Nyota/Kali,,Sigara & RIZLA,0,2,150,300,85.48,170.96,129.04,,,,,,
4/13/2026,22:17:37,Winston(R),,Sigara & RIZLA,0,7,200,"1,400.00",130.53,913.68,486.32,,,,,,
4/13/2026,22:22:48,Sembe-25kg,,Nafaka,0,1,"1,500.00","1,500.00","1,180.00","1,180.00",320,,,,,,
4/13/2026,22:44:40,Embassy,,Sigara & RIZLA,0,2,400,800,278.03,556.06,243.94,,,,,,
4/13/2026,22:44:40,Winston(R),,Sigara & RIZLA,0,2,200,400,130.53,261.05,138.95,,,,,,
4/13/2026,23:02:45,Mirinda-600mL,,Vinywaji,6.2011E+12,2,"1,000.00","2,000.00",830.3,"1,660.61",339.39,,,,,,
4/13/2026,23:02:45,Diclopar-550mg,,Afya,0,2,100,200,60,120,80,,,,,,
4/13/2026,23:14:04,Uhai(W)-1L,,Vinywaji,6.20301E+12,1,700,700,417.49,417.49,282.51,,,,,,
4/13/2026,23:22:02,Mirinda-600mL,,Vinywaji,6.2011E+12,1,"1,000.00","1,000.00",830.3,830.3,169.7,,,,,,
4/14/2026,10:25:40,Winston(R),,Sigara & RIZLA,0,13,200,"2,600.00",130.53,"1,696.84",903.16,,,,,,
4/14/2026,10:25:40,Embassy,,Sigara & RIZLA,0,4,400,"1,600.00",278.03,"1,112.12",487.88,,,,,,
4/14/2026,10:25:40,Mirinda-600mL,,Vinywaji,6.2011E+12,1,"1,000.00","1,000.00",830.3,830.3,169.7,,,,,,
4/14/2026,10:25:40,Niceone-180g,,Usafi:Jumla,6.20302E+12,2,500,"1,000.00",417.5,835,165,,,,,,
4/14/2026,10:25:40,Niceone-400g,,Usafi:Jumla,6.20302E+12,1,"1,000.00","1,000.00",837.5,837.5,162.5,,,,,,
4/14/2026,10:25:40,Smart Gin-200ML,,Vinywaji,6.20301E+12,1,"2,000.00","2,000.00","1,744.28","1,744.28",255.72,,,,,,
4/14/2026,10:25:40,Portsman,,Sigara & RIZLA,0,1,300,300,220.88,220.88,79.12,,,,,,
4/14/2026,10:25:40,LED Bulb-5W,,Umeme/Ufundi,0,1,"1,500.00","1,500.00",721.79,721.79,778.21,,,,,,
4/14/2026,10:25:40,Mafuta/Kupikia-20L,,Viungo,0,1,"6,000.00","6,000.00","4,060.98","4,060.98","1,939.02",,,,,,
4/14/2026,10:25:40,Sukari(Kupima) - 50kg,,Viungo,0,1.5,"3,000.00","4,500.00","2,360.00","3,540.00",960,,,,,,
4/14/2026,10:25:40,Mayai@Kizungu,,Viungo,0,6,350,"2,100.00",266.67,"1,600.00",500,,,,,,
4/14/2026,10:25:40,Kiwembe : Dorco,,Usafi:Binafsi,8.80104E+12,1,200,200,85,85,115,,,,,,
4/14/2026,10:25:40,Ngano-25kg,,Nafaka,0,0.8,"1,800.00","1,350.00","1,507.14","1,130.36",219.64,,,,,,
4/14/2026,11:41:43,Niceone-180g,,Usafi:Jumla,6.20302E+12,1,500,500,417.5,417.5,82.5,,,,,,
4/14/2026,11:41:43,Winston(R),,Sigara & RIZLA,0,4,200,800,130.53,522.11,277.89,,,,,,
4/14/2026,11:41:43,Winston(R),,Sigara & RIZLA,0,2,200,400,130.18,260.36,139.64,,,,,,
4/14/2026,12:49:53,Embassy,,Sigara & RIZLA,0,1,400,400,278.03,278.03,121.97,,,,,,
4/14/2026,12:49:53,Mafuta/Kupikia-20L,,Viungo,0,0.3,"6,000.00","1,500.00","4,060.98","1,015.24",484.76,,,,,,
4/14/2026,13:23:21,Sembe-25kg,,Nafaka,0,1.8,"1,500.00","2,625.00","1,180.00","2,065.00",560,,,,,,
4/14/2026,13:23:21,Mayai@Kizungu,,Viungo,0,5,350,"1,750.00",266.67,"1,333.33",416.67,,,,,,
4/14/2026,13:34:05,Master(K),,Sigara & RIZLA,0,6,150,900,100.76,604.58,295.42,,,,,,
4/14/2026,13:34:05,Master(R),,Sigara & RIZLA,0,5,150,750,104.65,523.26,226.74,,,,,,
4/14/2026,13:55:54,Kiwembe : Dorco,,Usafi:Binafsi,8.80104E+12,10,200,"2,000.00",85,850,"1,150.00",,,,,,
4/14/2026,17:18:31,Mirinda-600mL,,Vinywaji,6.2011E+12,1,"1,000.00","1,000.00",830.3,830.3,169.7,,,,,,
4/14/2026,17:18:31,Jambo:Cocopine-300ml,,Vinywaji,6.203E+12,1,600,600,417.29,417.29,182.71,,,,,,
4/14/2026,17:18:31,Pipi/Bigijii@50,,Vitamu,0,5,50,250,31.63,158.16,91.84,,,,,,
4/14/2026,17:19:48,Mirinda-600mL,,Vinywaji,6.2011E+12,1,"1,000.00","1,000.00",830.3,830.3,169.7,,,,,,
4/14/2026,17:19:48,Jambo:Cocopine-300ml,,Vinywaji,6.203E+12,1,600,600,417.29,417.29,182.71,,,,,,
4/14/2026,17:19:48,Pipi/Bigijii@50,,Vitamu,0,5,50,250,31.63,158.16,91.84,,,,,,
4/14/2026,17:34:41,Smart Gin-200ML,,Vinywaji,6.20301E+12,1,"2,000.00","2,000.00","1,744.28","1,744.28",255.72,,,,,,
4/14/2026,17:34:41,Sembe-25kg,,Nafaka,0,1,"1,500.00","1,500.00","1,180.00","1,180.00",320,,,,,,
4/14/2026,17:34:41,Pipi/Bigijii@50,,Vitamu,0,2,50,100,31.63,63.27,36.73,,,,,,
4/14/2026,17:34:41,Stone Tangawizi : 350ml,,Vinywaji,0,1,800,800,562.5,562.5,237.5,,,,,,
4/14/2026,17:54:11,Winston(R),,Sigara & RIZLA,0,3,200,600,130.53,391.58,208.42,,,,,,
4/14/2026,17:54:11,Ngano-25kg,,Nafaka,0,1.5,"1,800.00","2,700.00","1,507.14","2,260.71",439.29,,,,,,
4/14/2026,17:54:11,Mafuta/Kupikia-20L,,Viungo,0,1.5,"6,000.00","9,000.00","4,060.98","6,091.46","2,908.54",,,,,,
4/14/2026,18:27:15,Ngano-25kg,,Nafaka,0,0.3,"1,800.00",450,"1,507.14",376.79,73.21,,,,,,
4/14/2026,18:27:15,Sukari(Kupima) - 50kg,,Viungo,0,0.3,"3,000.00",750,"2,360.00",590,160,,,,,,
4/14/2026,18:27:15,Niceone-400g,,Usafi:Jumla,6.20302E+12,1,"1,000.00","1,000.00",837.5,837.5,162.5,,,,,,
4/14/2026,18:30:47,Ngano-25kg,,Nafaka,0,0.3,"1,800.00",450,"1,507.14",376.79,73.21,,,,,,
4/14/2026,18:30:47,Sukari(Kupima) - 50kg,,Viungo,0,0.3,"3,000.00",750,"2,360.00",590,160,,,,,,
4/14/2026,18:30:47,Niceone-400g,,Usafi:Jumla,6.20302E+12,1,"1,000.00","1,000.00",837.5,837.5,162.5,,,,,,
4/14/2026,19:41:40,Pipi/Bigijii@50,,Vitamu,0,2,50,100,31.63,63.27,36.73,,,,,,
4/14/2026,19:41:40,Mafuta/Kupikia-20L,,Viungo,0,0.3,"6,000.00","1,500.00","4,060.98","1,015.24",484.76,,,,,,
4/14/2026,19:41:40,Pepsi : 350ml,,Vinywaji,0,2,700,"1,400.00",500,"1,000.00",400,,,,,,
4/14/2026,19:41:40,Pipi/Bigijii@100,,Vitamu,0,1,100,100,59.76,59.76,40.24,,,,,,
4/14/2026,19:41:40,Sembe-25kg,,Nafaka,0,0.5,"1,500.00",750,"1,180.00",590,160,,,,,,
4/14/2026,19:41:40,Winston(R),,Sigara & RIZLA,0,13,200,"2,600.00",130.53,"1,696.84",903.16,,,,,,
4/14/2026,19:41:40,Mshumaa,,Jikoni,6.203E+12,2,500,"1,000.00",277.78,555.56,444.44,,,,,,
4/14/2026,19:41:40,Smart Gin-200ML,,Vinywaji,6.20301E+12,0.5,"2,000.00","1,000.00","1,744.28",872.14,127.86,,,,,,
4/14/2026,19:48:39,Mafuta/Kupikia-20L,,Viungo,0,0.3,"6,000.00","1,500.00","4,060.98","1,015.24",484.76,,,,,,
4/14/2026,19:58:00,Sembe-25kg,,Nafaka,0,4,"1,500.00","6,000.00","1,180.00","4,720.00","1,280.00",,,,,,
4/14/2026,20:06:32,Smart Gin-200ML,,Vinywaji,6.20301E+12,0.5,"2,000.00","1,000.00","1,744.28",872.14,127.86,,,,,,
4/14/2026,20:06:32,Mirinda-600mL,,Vinywaji,6.2011E+12,1,"1,000.00","1,000.00",830.3,830.3,169.7,,,,,,
4/14/2026,20:06:32,Winston(R),,Sigara & RIZLA,0,3,200,600,130.53,391.58,208.42,,,,,,
4/14/2026,20:06:32,Embassy,,Sigara & RIZLA,0,1,400,400,278.03,278.03,121.97,,,,,,
4/14/2026,20:06:32,Fanta-Orange : 350mL,,Vinywaji,0,1,800,800,558.33,558.33,241.67,,,,,,
4/14/2026,20:06:32,Uhai(W)-1.6L,,Vinywaji,6.20301E+12,3,"1,000.00","3,000.00",498.15,"1,494.44","1,505.56",,,,,,
4/14/2026,21:14:28,Winston(R),,Sigara & RIZLA,0,11,200,"2,200.00",130.53,"1,435.79",764.21,,,,,,
4/14/2026,21:14:28,Uhai(W)-1.6L,,Vinywaji,6.20301E+12,1,"1,000.00","1,000.00",498.15,498.15,501.85,,,,,,
4/14/2026,21:14:28,Sukari(Kupima) - 50kg,,Viungo,0,0.3,"3,000.00",750,"2,360.00",590,160,,,,,,
4/14/2026,21:14:28,Embassy,,Sigara & RIZLA,0,1,400,400,278.03,278.03,121.97,,,,,,
4/14/2026,21:26:26,Jambo:Bolibo-300ml,,Vinywaji,6.203E+12,1,600,600,428.57,428.57,171.43,,,,,,
4/14/2026,21:26:26,Pipi/Bigijii@100,,Vitamu,0,1,100,100,59.76,59.76,40.24,,,,,,
4/14/2026,21:26:26,Winston(R),,Sigara & RIZLA,0,2,200,400,130.53,261.05,138.95,,,,,,
4/14/2026,21:46:57,Mosquito :COIL,,Afya,0,3,250,750,140,420,330,,,,,,
4/14/2026,21:55:37,Mafuta/Kupikia-20L,,Viungo,0,0.5,"6,000.00","3,000.00","4,060.98","2,030.49",969.51,,,,,,
4/14/2026,21:57:03,UDI : STIKI,,Usafi:Binafsi,0,2,50,100,23.81,47.62,52.38,,,,,,
4/14/2026,21:57:03,Embassy,,Sigara & RIZLA,0,1,400,400,278.03,278.03,121.97,,,,,,
4/14/2026,22:11:28,Mosquito :COIL,,Afya,0,2,250,500,140,280,220,,,,,,
4/14/2026,22:11:28,Pipi/Bigijii@50,,Vitamu,0,6,50,300,31.63,189.8,110.2,,,,,,
4/14/2026,22:25:40,Jambo:Bolibo-300ml,,Vinywaji,6.203E+12,1,600,600,428.57,428.57,171.43,,,,,,
4/14/2026,22:25:40,Jambo:Cocopine-300ml,,Vinywaji,6.203E+12,1,600,600,417.29,417.29,182.71,,,,,,
4/14/2026,22:53:26,Double(KK)-200ml,,Vinywaji,6.20301E+12,0.5,"2,000.00","1,000.00","1,794.67",897.33,102.67,,,,,,
4/14/2026,22:53:26,Uhai(W)-1L,,Vinywaji,6.20301E+12,1,700,700,417.49,417.49,282.51,,,,,,
4/14/2026,22:53:26,Winston(R),,Sigara & RIZLA,0,7,200,"1,400.00",130.53,913.68,486.32,,,,,,
4/15/2026,10:52:17,Jambo:Lemon-300ml,,Vinywaji,0,1,600,600,433.33,433.33,166.67,,,,,,
4/15/2026,10:52:17,Jambo:Cocopine-300ml,,Vinywaji,6.203E+12,1,600,600,417.29,417.29,182.71,,,,,,
4/15/2026,10:52:17,Jambo:Bolibo-300ml,,Vinywaji,6.203E+12,1,600,600,428.57,428.57,171.43,,,,,,
4/15/2026,10:52:17,Niceone-400g,,Usafi:Jumla,6.20302E+12,1,"1,000.00","1,000.00",837.5,837.5,162.5,,,,,,
4/15/2026,10:52:17,Mafuta/Kupikia-20L,,Viungo,0,0.5,"6,000.00","3,000.00","4,060.98","2,030.49",969.51,,,,,,
4/15/2026,10:52:17,Winston(R),,Sigara & RIZLA,0,17,200,"3,400.00",130.53,"2,218.95","1,181.05",,,,,,
4/15/2026,10:52:17,Sukari(Kupima) - 50kg,,Viungo,0,0.3,"3,000.00",750,"2,360.00",590,160,,,,,,
4/15/2026,10:52:17,Pipi/Bigijii@100,,Vitamu,0,6,100,600,59.76,358.54,241.46,,,,,,
4/15/2026,10:52:17,Pipi/Bigijii@150,,Vitamu,0,1,150,150,100,100,50,,,,,,
4/15/2026,10:52:17,Double(KK)-200ml,,Vinywaji,6.20301E+12,0.5,"2,000.00","1,000.00","1,794.67",897.33,102.67,,,,,,
4/15/2026,10:52:17,Neel-Salt-500g,,Viungo,6.20301E+12,1,500,500,287.5,287.5,212.5,,,,,,
4/15/2026,11:54:21,Sembe-25kg,,Nafaka,0,3,"1,500.00","4,500.00","1,180.00","3,540.00",960,,,,,,
4/15/2026,11:54:21,Mirinda-600mL,,Vinywaji,6.2011E+12,1,"1,000.00","1,000.00",830.3,830.3,169.7,,,,,,
4/15/2026,13:35:51,Sembe-25kg,,Nafaka,0,1,"1,500.00","1,500.00","1,180.00","1,180.00",320,,,,,,
4/15/2026,13:35:51,Jambo:Bolibo-300ml,,Vinywaji,6.203E+12,2,600,"1,200.00",428.57,857.14,342.86,,,,,,
4/15/2026,13:35:51,Embassy,,Sigara & RIZLA,0,1,400,400,278.03,278.03,121.97,,,,,,
4/15/2026,13:38:51,Winston(R),,Sigara & RIZLA,0,2,200,400,130.53,261.05,138.95,,,,,,
4/15/2026,13:40:58,Jambo:Bolibo-300ml,,Vinywaji,6.203E+12,1,600,600,428.57,428.57,171.43,,,,,,
4/15/2026,13:55:15,Niceone-400g,,Usafi:Jumla,6.20302E+12,1,"1,000.00","1,000.00",837.5,837.5,162.5,,,,,,
4/15/2026,13:55:15,Sembe-25kg,,Nafaka,0,0.8,"1,500.00","1,125.00","1,180.00",885,240,,,,,,
4/15/2026,16:30:33,Winston(R),,Sigara & RIZLA,0,7,200,"1,400.00",130.53,913.68,486.32,,,,,,
4/15/2026,16:30:33,Nyota/Kali,,Sigara & RIZLA,0,2,150,300,85.48,170.96,129.04,,,,,,
4/15/2026,16:30:33,Mafuta/Kupikia-20L,,Viungo,0,0.3,"6,000.00","1,500.00","4,060.98","1,015.24",484.76,,,,,,
4/15/2026,16:30:33,Jambo:Cocopine-300ml,,Vinywaji,6.203E+12,2,600,"1,200.00",417.29,834.58,365.42,,,,,,
4/15/2026,16:30:33,Mayai@Kizungu,,Viungo,0,3,350,"1,050.00",266.67,800,250,,,,,,
4/15/2026,18:39:52,Sembe-25kg,,Nafaka,0,1,"1,500.00","1,500.00","1,180.00","1,180.00",320,,,,,,
4/15/2026,18:53:03,Sembe-25kg,,Nafaka,0,7.5,"1,500.00","11,250.00","1,180.00","8,850.00","2,400.00",,,,,,
4/15/2026,18:53:03,Winston(R),,Sigara & RIZLA,0,5,200,"1,000.00",130.53,652.63,347.37,,,,,,
4/15/2026,19:01:10,Mosquito :COIL,,Afya,0,3,250,750,140,420,330,,,,,,
4/15/2026,19:01:10,Sembe-25kg,,Nafaka,0,0.5,"1,500.00",750,"1,180.00",590,160,,,,,,
4/15/2026,19:01:10,Winston(R),,Sigara & RIZLA,0,7,200,"1,400.00",130.53,913.68,486.32,,,,,,
4/15/2026,19:01:10,Uhai(W)-1L,,Vinywaji,6.20301E+12,1,700,700,417.49,417.49,282.51,,,,,,
4/15/2026,19:01:10,Double(KK)-200ml,,Vinywaji,6.20301E+12,0.5,"2,000.00","1,000.00","1,794.67",897.33,102.67,,,,,,
4/15/2026,19:25:36,Smart Gin-200ML,,Vinywaji,6.20301E+12,0.5,"2,000.00","1,000.00","1,744.28",872.14,127.86,,,,,,
4/15/2026,19:25:36,Winston(R),,Sigara & RIZLA,0,2,200,400,130.53,261.05,138.95,,,,,,
4/15/2026,19:25:36,Mafuta/Kupikia-20L,,Viungo,0,1,"6,000.00","6,000.00","4,060.98","4,060.98","1,939.02",,,,,,
4/15/2026,19:25:36,Embassy,,Sigara & RIZLA,0,1,400,400,278.03,278.03,121.97,,,,,,
4/15/2026,19:25:36,Pipi/Bigijii@50,,Vitamu,0,5,50,250,31.63,158.16,91.84,,,,,,
4/15/2026,19:25:36,Pipi/Bigijii@100,,Vitamu,0,5,100,500,59.76,298.78,201.22,,,,,,
4/15/2026,19:48:18,Uhai(W)-1L,,Vinywaji,6.20301E+12,1,700,700,417.49,417.49,282.51,,,,,,
4/15/2026,19:48:18,Mosquito :COIL,,Afya,0,7,250,"1,750.00",140,980,770,,,,,,
4/15/2026,19:48:18,Winston(R),,Sigara & RIZLA,0,3,200,600,130.53,391.58,208.42,,,,,,
4/15/2026,20:28:01,Winston(R),,Sigara & RIZLA,0,2,200,400,130.53,261.05,138.95,,,,,,
4/15/2026,20:28:01,Nyota/Kali,,Sigara & RIZLA,0,1,150,150,85.48,85.48,64.52,,,,,,
4/15/2026,20:40:03,Embassy,,Sigara & RIZLA,0,1,400,400,278.03,278.03,121.97,,,,,,
4/15/2026,20:40:03,Uhai(W)-1.6L,,Vinywaji,6.20301E+12,2,"1,000.00","2,000.00",498.15,996.3,"1,003.70",,,,,,
4/15/2026,22:13:40,Sukari(Kupima) - 50kg,,Viungo,0,0.5,"3,000.00","1,500.00","2,360.00","1,180.00",320,,,,,,
4/15/2026,22:13:40,Mosquito :COIL,,Afya,0,2,250,500,140,280,220,,,,,,
4/15/2026,22:13:40,Jambo:Cocopine-300ml,,Vinywaji,6.203E+12,1,600,600,417.29,417.29,182.71,,,,,,
4/15/2026,22:13:40,Winston(R),,Sigara & RIZLA,0,2,200,400,130.53,261.05,138.95,,,,,,
4/15/2026,22:13:40,Winston(R),,Sigara & RIZLA,0,3,200,600,130.18,390.54,209.46,,,,,,
4/15/2026,22:13:40,Double(KK)-200ml,,Vinywaji,6.20301E+12,0.5,"2,000.00","1,000.00","1,794.67",897.33,102.67,,,,,,
4/15/2026,22:13:40,Uhai(W)-1L,,Vinywaji,6.20301E+12,1,700,700,417.49,417.49,282.51,,,,,,
4/15/2026,23:07:47,Embassy,,Sigara & RIZLA,0,1,400,400,278.03,278.03,121.97,,,,,,
4/15/2026,23:12:32,Embassy,,Sigara & RIZLA,0,3,400,"1,200.00",278.03,834.09,365.91,,,,,,
4/15/2026,23:12:32,Winston(R),,Sigara & RIZLA,0,10,200,"2,000.00",130.53,"1,305.26",694.74,,,,,,
4/15/2026,23:12:32,Uhai(W)-1.6L,,Vinywaji,6.20301E+12,1,"1,000.00","1,000.00",498.15,498.15,501.85,,,,,,
4/15/2026,23:12:32,Uhai(W)-1L,,Vinywaji,6.20301E+12,1,700,700,417.49,417.49,282.51,,,,,,
4/15/2026,23:12:32,Jambo:Cocopine-300ml,,Vinywaji,6.203E+12,1,600,600,417.29,417.29,182.71,,,,,,
4/15/2026,23:12:32,Mosquito :COIL,,Afya,0,2,250,500,140,280,220,,,,,,
4/15/2026,23:12:32,Mayai@Kizungu,,Viungo,0,1,350,350,266.67,266.67,83.33,,,,,,
4/15/2026,23:29:20,K-vant(S)-250ML,,Vinywaji,6.203E+12,1,"4,000.00","4,000.00","3,340.74","3,340.74",659.26,,,,,,
4/16/2026,9:18:36,Winston(R),,Sigara & RIZLA,0,2,200,400,130.18,260.36,139.64,,,,,,
4/16/2026,9:18:36,Winston(R),,Sigara & RIZLA,0,5,200,"1,000.00",130.53,652.63,347.37,,,,,,
4/16/2026,9:18:36,Embassy,,Sigara & RIZLA,0,2,400,800,278.03,556.06,243.94,,,,,,
4/16/2026,9:18:36,Double(KK)-200ml,,Vinywaji,6.20301E+12,0.5,"2,000.00","1,000.00","1,794.67",897.33,102.67,,,,,,
4/16/2026,9:18:36,Mafuta/Kupikia-20L,,Viungo,0,0.3,"6,000.00","1,500.00","4,060.98","1,015.24",484.76,,,,,,
4/16/2026,14:33:14,Sembe-25kg,,Nafaka,0,0.5,"1,500.00",750,"1,180.00",590,160,,,,,,
4/16/2026,14:34:00,Winston(R),,Sigara & RIZLA,0,1,200,200,130.53,130.53,69.47,,,,,,
4/16/2026,14:38:30,Embassy,,Sigara & RIZLA,0,1,400,400,278.03,278.03,121.97,,,,,,
4/16/2026,14:42:36,Mafuta/Kupikia-20L,,Viungo,0,1,"6,000.00","6,000.00","4,060.98","4,060.98","1,939.02",,,,,,
4/16/2026,14:45:59,Cocacola : 350mL,,Vinywaji,0,1,800,800,558.3,558.3,241.7,,,,,,
4/16/2026,14:45:59,Winston(R),,Sigara & RIZLA,0,3,200,600,130.53,391.58,208.42,,,,,,
4/16/2026,15:08:04,Jambo:Cocopine-300ml,,Vinywaji,6.203E+12,14,600,"8,400.00",417.29,"5,842.06","2,557.94",,,,,,
4/16/2026,15:08:04,Uhai(W)-1.6L,,Vinywaji,6.20301E+12,1,"1,000.00","1,000.00",498.15,498.15,501.85,,,,,,
4/16/2026,15:08:04,Mirinda-600mL,,Vinywaji,6.2011E+12,1,"1,000.00","1,000.00",830.3,830.3,169.7,,,,,,
4/16/2026,15:08:04,Mayai@Kizungu,,Viungo,0,1,350,350,266.67,266.67,83.33,,,,,,
4/16/2026,15:08:04,Cocacola : 350mL,,Vinywaji,0,1,800,800,558.3,558.3,241.7,,,,,,
4/16/2026,15:08:04,Mafuta/Kupikia-20L,,Viungo,0,1.5,"6,000.00","9,000.00","4,060.98","6,091.46","2,908.54",,,,,,
4/16/2026,15:53:51,Tambi-25kg (Kupima),,Nafaka,0,1,"2,800.00","2,800.00","2,140.00","2,140.00",660,,,,,,
4/16/2026,15:53:51,Sembe-25kg,,Nafaka,0,2.3,"1,500.00","3,375.00","1,180.00","2,655.00",720,,,,,,
4/16/2026,16:19:29,Sembe-25kg,,Nafaka,0,1,"1,500.00","1,500.00","1,180.00","1,180.00",320,,,,,,
4/16/2026,19:49:43,Sembe-25kg,,Nafaka,0,1.5,"1,500.00","2,250.00","1,180.00","1,770.00",480,,,,,,
4/16/2026,19:49:43,Smart Gin-200ML,,Vinywaji,6.20301E+12,1,"2,000.00","2,000.00","1,744.28","1,744.28",255.72,,,,,,
4/16/2026,19:49:43,Winston(R),,Sigara & RIZLA,0,16,200,"3,200.00",130.53,"2,088.42","1,111.58",,,,,,
4/16/2026,19:49:43,Master(R),,Sigara & RIZLA,0,1,150,150,104.65,104.65,45.35,,,,,,
4/16/2026,19:49:43,Sukari(Kupima) - 50kg,,Viungo,0,0.3,"3,000.00",750,"2,360.00",590,160,,,,,,
4/16/2026,19:49:43,Mafuta/Kupikia-20L,,Viungo,0,1,"6,000.00","6,000.00","4,060.98","4,060.98","1,939.02",,,,,,
4/16/2026,19:49:43,Mayai@Kizungu,,Viungo,0,4,350,"1,400.00",266.67,"1,066.67",333.33,,,,,,
4/16/2026,19:58:36,Winston(R),,Sigara & RIZLA,0,1,200,200,130.53,130.53,69.47,,,,,,
4/16/2026,19:58:36,Mshumaa,,Jikoni,6.203E+12,1,500,500,277.78,277.78,222.22,,,,,,
4/16/2026,20:08:54,Jambo:Lemon-300ml,,Vinywaji,0,1,600,600,433.33,433.33,166.67,,,,,,
4/16/2026,20:08:54,Mosquito :COIL,,Afya,0,4,250,"1,000.00",140,560,440,,,,,,
4/16/2026,20:08:54,RIZLA,,Sigara & RIZLA,0,1,800,800,550,550,250,,,,,,
4/16/2026,20:46:35,Winston(R),,Sigara & RIZLA,0,6,200,"1,200.00",130.53,783.16,416.84,,,,,,
4/16/2026,20:46:35,Sembe-25kg,,Nafaka,0,0.5,"1,500.00",750,"1,180.00",590,160,,,,,,
4/16/2026,20:46:35,Smart Gin-200ML,,Vinywaji,6.20301E+12,0.5,"2,000.00","1,000.00","1,744.28",872.14,127.86,,,,,,
4/16/2026,21:22:14,Sembe-25kg,,Nafaka,0,1,"1,500.00","1,500.00","1,180.00","1,180.00",320,,,,,,
4/16/2026,21:22:14,Winston(R),,Sigara & RIZLA,0,3,200,600,130.53,391.58,208.42,,,,,,
4/16/2026,21:22:14,Master(R),,Sigara & RIZLA,0,3,150,450,104.65,313.96,136.04,,,,,,
4/16/2026,21:22:14,Mosquito :COIL,,Afya,0,1,250,250,140,140,110,,,,,,
4/16/2026,22:03:08,Smart Gin-200ML,,Vinywaji,6.20301E+12,1,"2,000.00","2,000.00","1,744.28","1,744.28",255.72,,,,,,
4/16/2026,22:03:08,Jambo:Bolibo-300ml,,Vinywaji,6.203E+12,2,600,"1,200.00",428.57,857.14,342.86,,,,,,
4/16/2026,22:03:08,Jambo:Cocopine-300ml,,Vinywaji,6.203E+12,1,600,600,417.29,417.29,182.71,,,,,,
4/16/2026,22:03:08,RIZLA,,Sigara & RIZLA,0,1,800,800,550,550,250,,,,,,
4/16/2026,22:03:08,Winston(R),,Sigara & RIZLA,0,27,200,"5,400.00",130.53,"3,524.21","1,875.79",,,,,,
4/16/2026,22:22:40,Pepsi : 350ml,,Vinywaji,0,1,700,700,500,500,200,,,,,,
4/16/2026,22:22:40,Embassy,,Sigara & RIZLA,0,2,400,800,278.03,556.06,243.94,,,,,,
4/16/2026,22:22:40,Mirinda-600mL,,Vinywaji,6.2011E+12,2,"1,000.00","2,000.00",830.3,"1,660.61",339.39,,,,,,
4/16/2026,22:22:40,Mosquito :COIL,,Afya,0,2,250,500,140,280,220,,,,,,
4/16/2026,22:22:40,Winston(R),,Sigara & RIZLA,0,14,200,"2,800.00",130.53,"1,827.37",972.63,,,,,,
4/16/2026,22:30:45,Pepsi : 350ml,,Vinywaji,0,1,700,700,500,500,200,,,,,,
4/16/2026,22:30:45,Winston(R),,Sigara & RIZLA,0,2,200,400,130.53,261.05,138.95,,,,,,
4/16/2026,22:30:45,Nyota/Kali,,Sigara & RIZLA,0,2,150,300,85.48,170.96,129.04,,,,,,
4/16/2026,22:51:01,Mosquito :COIL,,Afya,0,2,250,500,140,280,220,,,,,,
4/16/2026,22:51:01,UDI : STIKI,,Usafi:Binafsi,0,6,50,300,23.81,142.86,157.14,,,,,,
4/16/2026,22:51:01,Konyagi(S)- 200ML,,Vinywaji,6.20301E+12,1,"4,500.00","4,500.00","3,523.81","3,523.81",976.19,,,,,,
4/16/2026,23:15:03,Mosquito :COIL,,Afya,0,2,250,500,140,280,220,,,,,,
4/16/2026,23:15:03,Winston(R),,Sigara & RIZLA,0,3,200,600,130.53,391.58,208.42,,,,,,
4/17/2026,9:00:57,Sukari(Kupima) - 50kg,,Viungo,0,0.3,"3,000.00",750,"2,360.00",590,160,,,,,,
4/17/2026,9:00:57,Winston(R),,Sigara & RIZLA,0,2,200,400,130.53,261.05,138.95,,,,,,
4/17/2026,9:32:26,Pipi/Bigijii@100,,Vitamu,0,2,100,200,59.76,119.51,80.49,,,,,,
4/17/2026,9:32:26,Jambo:Lemon-300ml,,Vinywaji,0,1,600,600,433.33,433.33,166.67,,,,,,
4/17/2026,12:33:34,Sukari(Kupima) - 50kg,,Viungo,0,0.8,"3,000.00","2,250.00","2,360.00","1,770.00",480,,,,,,
4/17/2026,12:33:34,Mafuta/Kupikia-20L,,Viungo,0,0.3,"6,000.00","1,500.00","4,060.98","1,015.24",484.76,,,,,,
4/17/2026,12:33:34,Mayai@Kizungu,,Viungo,0,2,350,700,266.67,533.33,166.67,,,,,,
4/17/2026,12:33:34,Pepsi : 350ml,,Vinywaji,0,1,700,700,500,500,200,,,,,,
4/17/2026,12:33:34,Winston(R),,Sigara & RIZLA,0,3,200,600,130.53,391.58,208.42,,,,,,
4/17/2026,12:33:34,Konyagi(S)- 200ML,,Vinywaji,6.20301E+12,1,"4,500.00","4,500.00","3,523.81","3,523.81",976.19,,,,,,
4/17/2026,13:13:53,Azam-Cola-300ML,,Vinywaji,6.20301E+12,3,600,"1,800.00",423.55,"1,270.65",529.35,,,,,,
4/17/2026,13:13:53,Winston(R),,Sigara & RIZLA,0,2,200,400,130.53,261.05,138.95,,,,,,
4/17/2026,14:06:29,Sembe-25kg,,Nafaka,0,1,"1,500.00","1,500.00","1,180.00","1,180.00",320,,,,,,
4/17/2026,16:18:06,Winston(R),,Sigara & RIZLA,0,1,200,200,130.53,130.53,69.47,,,,,,
4/17/2026,17:13:20,Winston(R),,Sigara & RIZLA,0,1,200,200,130.53,130.53,69.47,,,,,,
4/17/2026,17:51:15,Winston(R),,Sigara & RIZLA,0,2,200,400,130.53,261.05,138.95,,,,,,
4/17/2026,17:51:15,Jambo:Lemon-300ml,,Vinywaji,0,2,600,"1,200.00",433.33,866.67,333.33,,,,,,
4/17/2026,17:51:15,Mafuta/Kupikia-20L,,Viungo,0,0.5,"6,000.00","3,000.00","4,060.98","2,030.49",969.51,,,,,,
4/17/2026,17:51:15,Sembe-25kg,,Nafaka,0,0.5,"1,500.00",780,"1,180.00",613.6,166.4,,,,,,
4/17/2026,17:51:15,Pipi/Bigijii@50,,Vitamu,0,2,50,100,31.63,63.27,36.73,,,,,,
4/17/2026,17:51:15,Double(KK)-200ml,,Vinywaji,6.20301E+12,2.5,"2,000.00","5,000.00","1,794.67","4,486.67",513.33,,,,,,
4/17/2026,17:51:15,Ngano-25kg,,Nafaka,0,1,"1,800.00","1,800.00","1,507.14","1,507.14",292.86,,,,,,
4/17/2026,19:25:14,Mafuta/Kupikia-20L,,Viungo,0,0.5,"6,000.00","3,060.00","4,060.98","2,071.10",988.9,,,,,,
4/17/2026,19:25:14,K-vant(L)- 750ML,,Vinywaji,6.204E+12,1,"12,000.00","12,000.00","9,574.67","9,574.67","2,425.33",,,,,,
4/17/2026,21:18:48,Winston(R),,Sigara & RIZLA,0,9,200,"1,800.00",130.53,"1,174.74",625.26,,,,,,
4/17/2026,21:18:48,Nyota/Kali,,Sigara & RIZLA,0,2,150,300,85.48,170.96,129.04,,,,,,
4/17/2026,21:18:48,Embassy,,Sigara & RIZLA,0,2,400,800,278.03,556.06,243.94,,,,,,
4/17/2026,21:18:48,Winston(R),,Sigara & RIZLA,0,8,200,"1,600.00",130.18,"1,041.43",558.57,,,,,,
4/17/2026,21:18:48,RIZLA,,Sigara & RIZLA,0,1,800,800,550,550,250,,,,,,
4/17/2026,21:18:48,Mosquito :COIL,,Afya,0,3,250,750,140,420,330,,,,,,
4/17/2026,21:18:48,Jambo:Bolibo-300ml,,Vinywaji,6.203E+12,1,600,600,428.57,428.57,171.43,,,,,,
4/17/2026,21:18:48,Pipi/Bigijii@100,,Vitamu,0,6,100,600,59.76,358.54,241.46,,,,,,
4/17/2026,21:18:48,Pipi/Bigijii@50,,Vitamu,0,4,50,200,31.63,126.53,73.47,,,,,,
4/17/2026,21:43:58,Mirinda-600mL,,Vinywaji,6.2011E+12,1,"1,000.00","1,000.00",830.3,830.3,169.7,,,,,,
4/17/2026,21:43:58,Winston(R),,Sigara & RIZLA,0,2,200,400,130.53,261.05,138.95,,,,,,
4/17/2026,21:43:58,Nyota/Kali,,Sigara & RIZLA,0,1,150,150,85.48,85.48,64.52,,,,,,
4/17/2026,21:43:58,Embassy,,Sigara & RIZLA,0,10,400,"4,000.00",278.03,"2,780.30","1,219.70",,,,,,
4/17/2026,22:05:29,Mirinda-600mL,,Vinywaji,6.2011E+12,1,"1,000.00","1,000.00",830.3,830.3,169.7,,,,,,
4/17/2026,22:05:29,Winston(R),,Sigara & RIZLA,0,2,200,400,130.53,261.05,138.95,,,,,,
4/17/2026,22:05:29,Nyota/Kali,,Sigara & RIZLA,0,1,150,150,85.48,85.48,64.52,,,,,,
4/17/2026,22:05:29,Embassy,,Sigara & RIZLA,0,10,400,"4,000.00",278.03,"2,780.30","1,219.70",,,,,,
4/17/2026,22:44:45,Mosquito :COIL,,Afya,0,4,250,"1,000.00",140,560,440,,,,,,
4/17/2026,22:44:45,Winston(R),,Sigara & RIZLA,0,2,200,400,130.53,261.05,138.95,,,,,,
4/17/2026,22:44:45,Ngano-25kg,,Nafaka,0,1.8,"1,800.00","3,150.00","1,507.14","2,637.50",512.5,,,,,,
4/17/2026,22:44:45,Mayai@Kizungu,,Viungo,0,3,350,"1,050.00",266.67,800,250,,,,,,
4/17/2026,22:44:45,Jambo:Bolibo-300ml,,Vinywaji,6.203E+12,1,600,600,428.57,428.57,171.43,,,,,,
4/17/2026,22:44:45,Azam-Cola-300ML,,Vinywaji,6.20301E+12,1,600,600,423.55,423.55,176.45,,,,,,
4/17/2026,22:44:45,Pipi/Bigijii@50,,Vitamu,0,8,50,400,31.63,253.06,146.94,,,,,,
4/18/2026,7:57:05,Smart Gin-200ML,,Vinywaji,6.20301E+12,0.5,"2,000.00","1,000.00","1,744.28",872.14,127.86,,,,,,
4/18/2026,7:57:05,Azam-Cola-300ML,,Vinywaji,6.20301E+12,1,600,600,423.55,423.55,176.45,,,,,,
4/18/2026,7:57:05,Winston(R),,Sigara & RIZLA,0,3,200,600,130.53,391.58,208.42,,,,,,
4/18/2026,8:10:25,K-vant(S)-250ML,,Vinywaji,6.203E+12,1,"4,000.00","4,000.00","3,340.74","3,340.74",659.26,,,,,,
4/18/2026,8:10:25,Winston(R),,Sigara & RIZLA,0,1,200,200,130.53,130.53,69.47,,,,,,
4/18/2026,8:17:37,Nyota/Kali,,Sigara & RIZLA,0,2,150,300,85.48,170.96,129.04,,,,,,
4/18/2026,8:31:18,Winston(R),,Sigara & RIZLA,0,3,200,600,130.53,391.58,208.42,,,,,,
4/18/2026,8:36:38,Double(KK)-200ml,,Vinywaji,6.20301E+12,0.5,"2,000.00","1,000.00","1,794.67",897.33,102.67,,,,,,
4/18/2026,8:36:38,Mafuta/Kupikia-20L,,Viungo,0,0.3,"6,000.00","1,500.00","4,060.98","1,015.24",484.76,,,,,,
4/18/2026,8:36:38,Winston(R),,Sigara & RIZLA,0,2,200,400,130.53,261.05,138.95,,,,,,
4/18/2026,8:54:49,Winston(R),,Sigara & RIZLA,0,2.5,200,500,130.53,326.32,173.68,,,,,,
4/18/2026,9:17:03,Winston(R),,Sigara & RIZLA,0,2,200,400,130.53,261.05,138.95,,,,,,
4/18/2026,9:17:03,Pipi/Bigijii@100,,Vitamu,0,1,100,100,59.76,59.76,40.24,,,,,,
4/18/2026,10:05:24,Winston(R),,Sigara & RIZLA,0,2.5,200,500,130.53,326.32,173.68,,,,,,
4/18/2026,10:05:24,Jambo:Lemon-300ml,,Vinywaji,0,1,600,600,433.33,433.33,166.67,,,,,,
4/18/2026,10:05:24,Pipi/Bigijii@50,,Vitamu,0,2,50,100,31.63,63.27,36.73,,,,,,
4/18/2026,10:05:24,Ngano-25kg,,Nafaka,0,0.5,"1,800.00",900,"1,507.14",753.57,146.43,,,,,,
4/18/2026,10:18:05,Double(KK)-200ml,,Vinywaji,6.20301E+12,0.5,"2,000.00","1,000.00","1,794.67",897.33,102.67,,,,,,
4/18/2026,10:51:16,Smart Gin-200ML,,Vinywaji,6.20301E+12,1,"2,000.00","2,000.00","1,744.28","1,744.28",255.72,,,,,,
4/18/2026,10:51:16,Winston(R),,Sigara & RIZLA,0,2.5,200,500,130.53,326.32,173.68,,,,,,
4/18/2026,11:02:34,Jambo:Bolibo-300ml,,Vinywaji,6.203E+12,1,600,600,428.57,428.57,171.43,,,,,,
4/18/2026,11:02:34,K-vant(L)- 750ML,,Vinywaji,6.204E+12,1,"12,000.00","12,000.00","9,574.67","9,574.67","2,425.33",,,,,,
4/18/2026,11:14:33,Azam-Cola-300ML,,Vinywaji,6.20301E+12,1,600,600,423.55,423.55,176.45,,,,,,
4/18/2026,11:31:30,K-vant(L)- 750ML,,Vinywaji,6.204E+12,1,"12,000.00","12,000.00","9,574.67","9,574.67","2,425.33",,,,,,
4/18/2026,11:32:16,Jambo:Lemon-300ml,,Vinywaji,0,1,600,600,433.33,433.33,166.67,,,,,,
4/18/2026,11:36:12,Pepsi : 350ml,,Vinywaji,0,1,700,700,500,500,200,,,,,,
4/18/2026,11:40:33,Embassy,,Sigara & RIZLA,0,1,400,400,278.03,278.03,121.97,,,,,,
4/18/2026,11:40:33,Niceone-180g,,Usafi:Jumla,6.20302E+12,1,500,500,417.5,417.5,82.5,,,,,,
4/18/2026,11:47:47,Pakiti/Magadi,,Viungo,0,1,100,100,45.45,45.45,54.55,,,,,,
4/18/2026,11:48:52,Sembe-25kg,,Nafaka,0,0.5,"1,500.00",750,"1,180.00",590,160,,,,,,
4/18/2026,11:48:52,Nyota/Kali,,Sigara & RIZLA,0,1,150,150,85.48,85.48,64.52,,,,,,
4/18/2026,11:55:02,Winston(R),,Sigara & RIZLA,0,1,200,200,130.18,130.18,69.82,,,,,,
4/18/2026,11:55:02,Winston(R),,Sigara & RIZLA,0,2,200,400,130.53,261.05,138.95,,,,,,
4/18/2026,12:05:40,Azam-Cola-300ML,,Vinywaji,6.20301E+12,1,600,600,423.55,423.55,176.45,,,,,,
4/18/2026,12:05:40,Embassy,,Sigara & RIZLA,0,1,400,400,278.03,278.03,121.97,,,,,,
4/18/2026,12:05:40,Pipi/Bigijii@100,,Vitamu,0,1,100,100,59.76,59.76,40.24,,,,,,
4/18/2026,12:06:27,Master(K),,Sigara & RIZLA,0,3,150,450,100.76,302.29,147.71,,,,,,
4/18/2026,12:08:10,Jambo:Lemon-300ml,,Vinywaji,0,1,600,600,433.33,433.33,166.67,,,,,,
4/18/2026,12:09:20,Pipi/Bigijii@150,,Vitamu,0,2,150,300,100,200,100,,,,,,
4/18/2026,12:26:16,Sukari(Kupima) - 50kg,,Viungo,0,1,"3,000.00","3,000.00","2,360.00","2,360.00",640,,,,,,
4/18/2026,12:26:16,Neel-Salt-500g,,Viungo,6.20301E+12,3,500,"1,500.00",287.5,862.5,637.5,,,,,,
4/18/2026,12:51:49,Mayai@Kizungu,,Viungo,0,4,350,"1,400.00",266.67,"1,066.67",333.33,,,,,,
4/18/2026,12:51:49,Uhai(W)-1.6L,,Vinywaji,6.20301E+12,1,"1,000.00","1,000.00",498.15,498.15,501.85,,,,,,
4/18/2026,13:15:49,Winston(R),,Sigara & RIZLA,0,1,200,200,130.53,130.53,69.47,,,,,,
4/18/2026,13:15:49,Winston(R),,Sigara & RIZLA,0,1,200,200,130.18,130.18,69.82,,,,,,
4/18/2026,13:18:08,Winston(R),,Sigara & RIZLA,0,2.5,200,500,130.18,325.45,174.55,,,,,,
4/18/2026,13:24:24,Sembe-25kg,,Nafaka,0,0.8,"1,500.00","1,125.00","1,180.00",885,240,,,,,,
4/18/2026,13:47:47,Sembe-25kg,,Nafaka,0,1,"1,500.00","1,500.00","1,180.00","1,180.00",320,,,,,,
4/18/2026,14:33:28,Mayai@Kizungu,,Viungo,0,2,350,700,266.67,533.33,166.67,,,,,,
4/18/2026,14:33:28,Jambo:Bolibo-300ml,,Vinywaji,6.203E+12,1,600,600,428.57,428.57,171.43,,,,,,
4/18/2026,14:33:28,Mafuta/Kupikia-20L,,Viungo,0,0.3,"6,000.00","1,500.00","4,060.98","1,015.24",484.76,,,,,,
4/18/2026,14:33:28,Azam-Cola-300ML,,Vinywaji,6.20301E+12,1,600,600,423.55,423.55,176.45,,,,,,
4/18/2026,14:33:28,Master(K),,Sigara & RIZLA,0,2,150,300,100.76,201.53,98.47,,,,,,
4/18/2026,14:33:28,S-Menthol(SM),,Sigara & RIZLA,0,2,300,600,213.5,427,173,,,,,,
4/18/2026,14:36:22,Jambo:Cocopine-300ml,,Vinywaji,6.203E+12,1,600,600,417.29,417.29,182.71,,,,,,
4/18/2026,14:39:35,Double(KK)-200ml,,Vinywaji,6.20301E+12,0.5,"2,000.00","1,000.00","1,794.67",897.33,102.67,,,,,,
4/18/2026,15:06:29,Embassy,,Sigara & RIZLA,0,1,400,400,278.03,278.03,121.97,,,,,,
4/18/2026,15:43:52,Master(K),,Sigara & RIZLA,0,3,150,450,100.76,302.29,147.71,,,,,,
4/18/2026,15:43:52,Jambo:Bolibo-300ml,,Vinywaji,6.203E+12,1,600,600,428.57,428.57,171.43,,,,,,
4/18/2026,16:00:46,Sukari(Kupima) - 50kg,,Viungo,0,0.5,"3,000.00","1,500.00","2,360.00","1,180.00",320,,,,,,
4/18/2026,16:00:46,Embassy,,Sigara & RIZLA,0,1,400,400,278.03,278.03,121.97,,,,,,
4/18/2026,16:03:08,Pipi/Bigijii@50,,Vitamu,0,12,50,600,31.63,379.59,220.41,,,,,,
4/18/2026,16:03:08,Smart Gin-200ML,,Vinywaji,6.20301E+12,0.5,"2,000.00","1,000.00","1,744.28",872.14,127.86,,,,,,
4/18/2026,16:15:53,Mafuta/Kupikia-20L,,Viungo,0,0.3,"6,000.00","1,500.00","4,060.98","1,015.24",484.76,,,,,,
4/18/2026,16:15:53,Winston(R),,Sigara & RIZLA,0,1,200,200,130.53,130.53,69.47,,,,,,
4/18/2026,16:15:53,Pipi/Bigijii@100,,Vitamu,0,1,100,100,59.76,59.76,40.24,,,,,,
4/18/2026,17:59:22,Embassy,,Sigara & RIZLA,0,1,400,400,278.03,278.03,121.97,,,,,,
4/18/2026,17:59:22,S-Menthol(SM),,Sigara & RIZLA,0,2,300,600,213.5,427,173,,,,,,
4/18/2026,17:59:22,Winston(R),,Sigara & RIZLA,0,2,200,400,130.53,261.05,138.95,,,,,,
4/18/2026,17:59:22,Uhai(W)-1L,,Vinywaji,6.20301E+12,1,700,700,417.49,417.49,282.51,,,,,,
4/18/2026,17:59:22,Sembe-25kg,,Nafaka,0,0.3,"1,500.00",375,"1,180.00",295,80,,,,,,
4/18/2026,17:59:22,Pipi/Bigijii@50,,Vitamu,0,2,50,100,31.63,63.27,36.73,,,,,,
4/18/2026,17:59:22,Pipi/Bigijii@100,,Vitamu,0,2,100,200,59.76,119.51,80.49,,,,,,
4/18/2026,18:38:18,S-Menthol(SM),,Sigara & RIZLA,0,1,300,300,213.5,213.5,86.5,,,,,,
4/18/2026,19:22:14,Mafuta/Kupikia-20L,,Viungo,0,0.5,"6,000.00","3,000.00","4,060.98","2,030.49",969.51,,,,,,
4/18/2026,19:22:14,Pipi/Bigijii@50,,Vitamu,0,3,50,150,31.63,94.9,55.1,,,,,,
4/18/2026,19:22:14,Mshumaa,,Jikoni,6.203E+12,1,500,500,277.78,277.78,222.22,,,,,,
4/18/2026,19:22:14,Smart Gin-200ML,,Vinywaji,6.20301E+12,1.5,"2,000.00","3,000.00","1,744.28","2,616.42",383.58,,,,,,
4/18/2026,19:22:14,Winston(R),,Sigara & RIZLA,0,4.5,200,900,130.53,587.37,312.63,,,,,,
4/18/2026,19:22:14,Uhai(W)-1L,,Vinywaji,6.20301E+12,6,700,"4,200.00",417.49,"2,504.95","1,695.05",,,,,,
4/18/2026,19:22:14,Ngano-25kg,,Nafaka,0,0.8,"1,800.00","1,350.00","1,507.14","1,130.36",219.64,,,,,,
4/18/2026,19:22:14,Mayai@Kizungu,,Viungo,0,3,350,"1,050.00",266.67,800,250,,,,,,
4/18/2026,19:22:14,Sembe-25kg,,Nafaka,0,3,"1,500.00","4,500.00","1,180.00","3,540.00",960,,,,,,
4/18/2026,19:22:14,Master(R),,Sigara & RIZLA,0,2,150,300,104.65,209.31,90.69,,,,,,
4/18/2026,19:22:14,Azam-Cola-300ML,,Vinywaji,6.20301E+12,1,600,600,423.55,423.55,176.45,,,,,,
4/18/2026,19:43:41,Winston(R),,Sigara & RIZLA,0,6,200,"1,200.00",130.53,783.16,416.84,,,,,,
4/18/2026,19:43:41,Smart Gin-200ML,,Vinywaji,6.20301E+12,1.5,"2,000.00","3,000.00","1,744.28","2,616.42",383.58,,,,,,
4/18/2026,20:53:21,Smart Gin-200ML,,Vinywaji,6.20301E+12,1,"2,000.00","2,000.00","1,744.28","1,744.28",255.72,,,,,,
4/18/2026,20:53:21,Winston(R),,Sigara & RIZLA,0,12,200,"2,400.00",130.53,"1,566.32",833.68,,,,,,
4/18/2026,20:53:21,Sembe-25kg,,Nafaka,0,0.8,"1,500.00","1,125.00","1,180.00",885,240,,,,,,
4/18/2026,20:53:21,Winston(R),,Sigara & RIZLA,0,2.5,200,500,130.18,325.45,174.55,,,,,,
4/18/2026,20:53:21,Uhai(W)-1.6L,,Vinywaji,6.20301E+12,1,"1,000.00","1,000.00",498.15,498.15,501.85,,,,,,
4/18/2026,22:10:49,Mayai@Kizungu,,Viungo,0,7,350,"2,450.00",266.67,"1,866.67",583.33,,,,,,
4/18/2026,22:10:49,Winston(R),,Sigara & RIZLA,0,5,200,"1,000.00",130.53,652.63,347.37,,,,,,
4/18/2026,22:10:49,Nyota/Kali,,Sigara & RIZLA,0,5,150,750,85.48,427.39,322.61,,,,,,
4/18/2026,22:10:49,Mirinda-600mL,,Vinywaji,6.2011E+12,1,"1,000.00","1,000.00",830.3,830.3,169.7,,,,,,
4/18/2026,22:10:49,Portsman,,Sigara & RIZLA,0,2,300,600,220.88,441.76,158.24,,,,,,
4/18/2026,22:10:49,Smart Gin-200ML,,Vinywaji,6.20301E+12,0.5,"2,000.00","1,000.00","1,744.28",872.14,127.86,,,,,,
4/18/2026,22:10:49,Ngano-25kg,,Nafaka,0,3,"1,800.00","5,400.00","1,507.14","4,521.43",878.57,,,,,,
4/18/2026,22:10:49,Mosquito :COIL,,Afya,0,1,250,250,140,140,110,,,,,,
4/18/2026,22:10:49,UDI : STIKI,,Usafi:Binafsi,0,4,50,200,23.81,95.24,104.76,,,,,,
4/18/2026,22:10:49,Embassy,,Sigara & RIZLA,0,1,400,400,278.03,278.03,121.97,,,,,,
4/18/2026,22:42:40,Winston(R),,Sigara & RIZLA,0,7,200,"1,400.00",130.53,913.68,486.32,,,,,,
4/18/2026,22:42:40,Mosquito :COIL,,Afya,0,2,250,500,140,280,220,,,,,,
4/18/2026,22:47:57,Winston(R),,Sigara & RIZLA,0,1,200,200,130.53,130.53,69.47,,,,,,
4/19/2026,8:59:35,Winston(R),,Sigara & RIZLA,0,6,200,"1,200.00",130.53,783.16,416.84,,,,,,
4/19/2026,9:27:35,Winston(R),,Sigara & RIZLA,0,3.5,200,700,130.53,456.84,243.16,,,,,,
4/19/2026,9:27:35,Superblack-MDLSPA,,Usafi:Binafsi,0,1,"1,000.00","1,000.00",700,700,300,,,,,,
4/19/2026,9:27:35,Mafuta/Kupikia-20L,,Viungo,0,0.5,"6,000.00","3,000.00","4,060.98","2,030.49",969.51,,,,,,
4/19/2026,9:27:35,Embassy,,Sigara & RIZLA,0,1,400,400,278.03,278.03,121.97,,,,,,
4/19/2026,9:27:35,Double(KK)-200ml,,Vinywaji,6.20301E+12,0.5,"2,000.00","1,000.00","1,794.67",897.33,102.67,,,,,,
4/19/2026,9:27:35,Mayai@Kizungu,,Viungo,0,4,350,"1,400.00",266.67,"1,066.67",333.33,,,,,,
4/19/2026,9:27:35,Niceone-180g,,Usafi:Jumla,6.20302E+12,1,500,500,417.5,417.5,82.5,,,,,,
4/19/2026,9:27:35,S-Menthol(SM),,Sigara & RIZLA,0,4,300,"1,200.00",213.5,854,346,,,,,,
4/19/2026,9:27:35,Niceone-400g,,Usafi:Jumla,6.20302E+12,1,"1,000.00","1,000.00",837.5,837.5,162.5,,,,,,
4/19/2026,9:27:35,K-vant(S)-250ML,,Vinywaji,6.203E+12,0.5,"4,500.00","2,250.00","3,340.74","1,670.37",579.63,,,,,,
4/19/2026,10:19:43,Winston(R),,Sigara & RIZLA,0,13,200,"2,600.00",130.53,"1,696.84",903.16,,,,,,
4/19/2026,10:19:43,Ngano-25kg,,Nafaka,0,1,"1,800.00","1,800.00","1,507.14","1,507.14",292.86,,,,,,
4/19/2026,10:19:43,Master(R),,Sigara & RIZLA,0,8,150,"1,200.00",104.65,837.22,362.78,,,,,,
4/19/2026,10:19:43,Sukari(Kupima) - 50kg,,Viungo,0,0.3,"3,000.00",750,"2,360.00",590,160,,,,,,
4/19/2026,10:51:23,Nyota/Kali,,Sigara & RIZLA,0,2,150,300,85.48,170.96,129.04,,,,,,
4/19/2026,10:51:23,Perfumes-50mL,,Usafi:Binafsi,0,1,"3,000.00","3,000.00","1,500.00","1,500.00","1,500.00",,,,,,
4/19/2026,10:51:23,Neel-Salt-500g,,Viungo,6.20301E+12,1,500,500,287.5,287.5,212.5,,,,,,
4/19/2026,10:51:23,Jambo:Cocopine-300ml,,Vinywaji,6.203E+12,1,600,600,417.29,417.29,182.71,,,,,,
4/19/2026,10:51:23,Pipi/Bigijii@100,,Vitamu,0,2,100,200,59.76,119.51,80.49,,,,,,
4/19/2026,10:51:23,Embassy,,Sigara & RIZLA,0,1,400,400,278.03,278.03,121.97,,,,,,
4/19/2026,12:51:38,Uhai(W)-1L,,Vinywaji,6.20301E+12,1,700,700,417.49,417.49,282.51,,,,,,
4/19/2026,12:51:38,Ngano-25kg,,Nafaka,0,1,"1,800.00","1,800.00","1,507.14","1,507.14",292.86,,,,,,
4/19/2026,12:51:38,Mirinda-600mL,,Vinywaji,6.2011E+12,1,"1,000.00","1,000.00",830.3,830.3,169.7,,,,,,
4/19/2026,12:51:38,Master(R),,Sigara & RIZLA,0,1,150,150,104.65,104.65,45.35,,,,,,
4/19/2026,12:51:38,Mafuta/Kupikia-20L,,Viungo,0,0.3,"6,000.00","1,500.00","4,060.98","1,015.24",484.76,,,,,,
4/19/2026,12:51:38,Tambi-25kg (Kupima),,Nafaka,0,0.3,"2,800.00",700,"2,140.00",535,165,,,,,,
4/19/2026,12:51:38,Niceone-180g,,Usafi:Jumla,6.20302E+12,1,500,500,417.5,417.5,82.5,,,,,,
4/19/2026,12:51:38,Niceone-400g,,Usafi:Jumla,6.20302E+12,1,"1,000.00","1,000.00",837.5,837.5,162.5,,,,,,
4/19/2026,12:51:38,Jambo:Cocopine-300ml,,Vinywaji,6.203E+12,1,600,600,417.29,417.29,182.71,,,,,,
4/19/2026,13:17:32,Sembe-25kg,,Nafaka,0,1,"1,500.00","1,500.00","1,180.00","1,180.00",320,,,,,,
4/19/2026,13:17:32,Winston(R),,Sigara & RIZLA,0,1,200,200,130.53,130.53,69.47,,,,,,
4/19/2026,13:17:32,Jobo-200ML,,Vinywaji,6.20304E+12,0.5,"2,000.00","1,000.00","1,723.96",861.98,138.02,,,,,,
4/19/2026,13:31:49,Sembe-25kg,,Nafaka,0,0.5,"1,500.00",750,"1,180.00",590,160,,,,,,
4/19/2026,13:31:49,Jambo:Cocopine-300ml,,Vinywaji,6.203E+12,1,600,600,417.29,417.29,182.71,,,,,,
4/19/2026,13:31:49,Mafuta/Kupikia-20L,,Viungo,0,0.3,"6,000.00","1,500.00","4,060.98","1,015.24",484.76,,,,,,
4/19/2026,14:05:28,Sembe-25kg,,Nafaka,0,0.5,"1,500.00",750,"1,180.00",590,160,,,,,,
4/19/2026,14:05:28,Jambo:Cocopine-300ml,,Vinywaji,6.203E+12,2,600,"1,200.00",417.29,834.58,365.42,,,,,,
4/19/2026,14:05:28,Mafuta/Kupikia-20L,,Viungo,0,0.5,"6,000.00","3,000.00","4,060.98","2,030.49",969.51,,,,,,
4/19/2026,14:05:28,Winston(R),,Sigara & RIZLA,0,2,200,400,130.53,261.05,138.95,,,,,,
4/19/2026,14:05:28,Embassy,,Sigara & RIZLA,0,2,400,800,278.03,556.06,243.94,,,,,,
4/19/2026,14:05:28,Pipi/Bigijii@150,,Vitamu,0,1,150,150,100,100,50,,,,,,
4/19/2026,14:22:54,Sembe-25kg,,Nafaka,0,1.5,"1,500.00","2,250.00","1,180.00","1,770.00",480,,,,,,
4/19/2026,14:22:54,Jambo:Cocopine-300ml,,Vinywaji,6.203E+12,2,600,"1,200.00",417.29,834.58,365.42,,,,,,
4/19/2026,14:22:54,Mafuta/Kupikia-20L,,Viungo,0,0.5,"6,000.00","3,000.00","4,060.98","2,030.49",969.51,,,,,,
4/19/2026,14:22:54,Winston(R),,Sigara & RIZLA,0,2,200,400,130.53,261.05,138.95,,,,,,
4/19/2026,14:22:54,Embassy,,Sigara & RIZLA,0,2,400,800,278.03,556.06,243.94,,,,,,
4/19/2026,14:22:54,Pipi/Bigijii@150,,Vitamu,0,1,150,150,100,100,50,,,,,,
4/19/2026,14:24:35,Cocacola : 350mL,,Vinywaji,0,1,800,800,558.3,558.3,241.7,,,,,,
4/19/2026,14:24:35,Fanta-Orange : 350mL,,Vinywaji,0,2,800,"1,600.00",558.33,"1,116.66",483.34,,,,,,
4/19/2026,14:24:35,Sparletta : 350mL,,Vinywaji,0,1,800,800,563,563,237,,,,,,
4/19/2026,14:29:50,S-Menthol(SM),,Sigara & RIZLA,0,2,300,600,213.5,427,173,,,,,,
4/19/2026,14:29:50,Winston(R),,Sigara & RIZLA,0,11,200,"2,200.00",130.53,"1,435.79",764.21,,,,,,
4/19/2026,15:54:16,Mirinda-600mL,,Vinywaji,6.2011E+12,1,"1,000.00","1,000.00",830.3,830.3,169.7,,,,,,
4/19/2026,15:54:16,Sembe-25kg,,Nafaka,0,0.5,"1,500.00",750,"1,180.00",590,160,,,,,,
4/19/2026,15:54:16,S-Menthol(SM),,Sigara & RIZLA,0,2,300,600,213.5,427,173,,,,,,
4/19/2026,15:54:16,Ngano-25kg,,Nafaka,0,1.3,"1,800.00","2,250.00","1,507.14","1,883.93",366.07,,,,,,
4/19/2026,15:54:16,Sukari(Kupima) - 50kg,,Viungo,0,0.3,"3,000.00",750,"2,360.00",590,160,,,,,,
4/19/2026,15:54:16,Double(KK)-200ml,,Vinywaji,6.20301E+12,0.5,"2,000.00","1,000.00","1,794.67",897.33,102.67,,,,,,
4/19/2026,15:55:28,Mirinda-600mL,,Vinywaji,6.2011E+12,1,"1,000.00","1,000.00",830.3,830.3,169.7,,,,,,
4/19/2026,15:55:28,Sembe-25kg,,Nafaka,0,0.5,"1,500.00",750,"1,180.00",590,160,,,,,,
4/19/2026,15:55:28,S-Menthol(SM),,Sigara & RIZLA,0,2,300,600,213.5,427,173,,,,,,
4/19/2026,15:55:28,Ngano-25kg,,Nafaka,0,1.3,"1,800.00","2,250.00","1,507.14","1,883.93",366.07,,,,,,
4/19/2026,15:55:28,Sukari(Kupima) - 50kg,,Viungo,0,0.3,"3,000.00",750,"2,360.00",590,160,,,,,,
4/19/2026,15:55:28,Double(KK)-200ml,,Vinywaji,6.20301E+12,0.5,"2,000.00","1,000.00","1,794.67",897.33,102.67,,,,,,
4/19/2026,16:11:40,Winston(R),,Sigara & RIZLA,0,2,200,400,130.53,261.05,138.95,,,,,,
4/19/2026,19:02:31,Embassy,,Sigara & RIZLA,0,4,400,"1,600.00",278.03,"1,112.12",487.88,,,,,,
4/19/2026,19:02:31,Nyota/Kali,,Sigara & RIZLA,0,46,150,"6,900.00",85.48,"3,931.99","2,968.01",,,,,,
4/19/2026,19:02:31,Pipi/Bigijii@100,,Vitamu,0,1,100,100,59.76,59.76,40.24,,,,,,
4/19/2026,19:02:31,Uhai(W)-1L,,Vinywaji,6.20301E+12,2,700,"1,400.00",417.49,834.98,565.02,,,,,,
4/19/2026,19:02:31,Uhai(W)-1.6L,,Vinywaji,6.20301E+12,1,"1,000.00","1,000.00",498.15,498.15,501.85,,,,,,
4/19/2026,19:02:31,Sembe-25kg,,Nafaka,0,0.5,"1,500.00",750,"1,180.00",590,160,,,,,,
4/19/2026,19:02:31,Winston(R),,Sigara & RIZLA,0,20,200,"4,000.00",130.53,"2,610.53","1,389.47",,,,,,
4/19/2026,19:02:31,Kiwembe : Dorco,,Usafi:Binafsi,8.80104E+12,1,200,200,85,85,115,,,,,,
4/19/2026,19:02:31,Jambo:Cocopine-300ml,,Vinywaji,6.203E+12,1,600,600,417.29,417.29,182.71,,,,,,
4/19/2026,20:12:35,Embassy,,Sigara & RIZLA,0,1,400,400,278.03,278.03,121.97,,,,,,
4/19/2026,20:12:35,Tambi-25kg (Kupima),,Nafaka,0,0.5,"2,800.00","1,400.00","2,140.00","1,070.00",330,,,,,,
4/19/2026,20:12:35,Mafuta/Kupikia-20L,,Viungo,0,1,"6,000.00","5,940.00","4,060.98","4,020.37","1,919.63",,,,,,
4/19/2026,20:12:35,Sembe-25kg,,Nafaka,0,1,"1,500.00","1,500.00","1,180.00","1,180.00",320,,,,,,
4/19/2026,20:12:35,Winston(R),,Sigara & RIZLA,0,2.5,200,500,130.53,326.32,173.68,,,,,,
4/19/2026,20:12:35,Azam-Cola-300ML,,Vinywaji,6.20301E+12,3,600,"1,800.00",423.55,"1,270.65",529.35,,,,,,
4/19/2026,21:54:35,Embassy,,Sigara & RIZLA,0,2,400,800,278.03,556.06,243.94,,,,,,
4/19/2026,21:54:35,Winston(R),,Sigara & RIZLA,0,8.5,200,"1,700.00",130.53,"1,109.47",590.53,,,,,,
4/19/2026,21:54:35,Smart Gin-200ML,,Vinywaji,6.20301E+12,0.5,"2,000.00","1,000.00","1,744.28",872.14,127.86,,,,,,
4/19/2026,21:54:35,Sembe-25kg,,Nafaka,0,0.5,"1,500.00",675,"1,180.00",531,144,,,,,,
4/19/2026,21:54:35,K-vant(S)-250ML,,Vinywaji,6.203E+12,1,"4,500.00","4,500.00","3,340.74","3,340.74","1,159.26",,,,,,
4/19/2026,21:54:35,RIZLA,,Sigara & RIZLA,0,2,800,"1,600.00",550,"1,100.00",500,,,,,,
4/19/2026,21:58:01,Smart Gin-200ML,,Vinywaji,6.20301E+12,0.5,"2,000.00","1,000.00","1,744.28",872.14,127.86,,,,,,
4/19/2026,22:05:56,Winston(R),,Sigara & RIZLA,0,1,200,200,130.53,130.53,69.47,,,,,,
4/19/2026,22:10:31,Fanta-Orange : 350mL,,Vinywaji,0,1,800,800,558.33,558.33,241.67,,,,,,
4/19/2026,22:19:33,Winston(R),,Sigara & RIZLA,0,3,200,600,130.53,391.58,208.42,,,,,,
4/19/2026,22:20:49,Azam-Cola-300ML,,Vinywaji,6.20301E+12,1,600,600,423.55,423.55,176.45,,,,,,
4/19/2026,22:28:37,Mosquito :COIL,,Afya,0,2,250,500,140,280,220,,,,,,
4/19/2026,22:28:37,Winston(R),,Sigara & RIZLA,0,2,200,400,130.53,261.05,138.95,,,,,,
4/19/2026,22:29:37,Sembe-25kg,,Nafaka,0,0.8,"1,500.00","1,125.00","1,180.00",885,240,,,,,,
4/19/2026,22:29:37,Embassy,,Sigara & RIZLA,0,1,400,400,278.03,278.03,121.97,,,,,,
4/19/2026,22:33:00,Pipi/Bigijii@100,,Vitamu,0,1,100,100,59.76,59.76,40.24,,,,,,
4/19/2026,22:47:17,Ngano-25kg,,Nafaka,0,2,"1,800.00","3,600.00","1,507.14","3,014.29",585.71,,,,,,
4/19/2026,22:47:17,Mafuta/Kupikia-20L,,Viungo,0,1,"6,000.00","6,000.00","4,060.98","4,060.98","1,939.02",,,,,,
4/19/2026,22:47:17,Saf-Instant-11g,,Viungo,0,1,500,500,333.33,333.33,166.67,,,,,,
4/19/2026,23:04:59,Pipi/Bigijii@50,,Vitamu,0,2,50,100,31.63,63.27,36.73,,,,,,
4/20/2026,8:41:26,Embassy,,Sigara & RIZLA,0,2,400,800,278.03,556.06,243.94,,,,,,
4/20/2026,8:41:26,Winston(R),,Sigara & RIZLA,0,1,200,200,130.53,130.53,69.47,,,,,,
4/20/2026,8:41:26,S-Menthol(SM),,Sigara & RIZLA,0,2,300,600,213.5,427,173,,,,,,
4/20/2026,8:41:26,Uhai(W)-1.6L,,Vinywaji,6.20301E+12,1,"1,000.00","1,000.00",498.15,498.15,501.85,,,,,,
4/20/2026,8:41:26,Double(KK)-200ml,,Vinywaji,6.20301E+12,0.5,"2,000.00","1,000.00","1,794.67",897.33,102.67,,,,,,
4/20/2026,8:54:28,Mafuta/Kupikia-20L,,Viungo,0,0.3,"6,000.00","1,500.00","4,060.98","1,015.24",484.76,,,,,,
4/20/2026,11:11:30,Tressa :Shampoo - 10ML,,Usafi:Binafsi,6.20305E+12,1,200,200,125,125,75,,,,,,
4/20/2026,12:30:36,S-Menthol(SM),,Sigara & RIZLA,0,2,300,600,213.5,427,173,,,,,,
4/20/2026,12:30:36,Uhai(W)-1.6L,,Vinywaji,6.20301E+12,1,"1,000.00","1,000.00",498.15,498.15,501.85,,,,,,
4/20/2026,12:30:36,Winston(R),,Sigara & RIZLA,0,3,200,600,130.53,391.58,208.42,,,,,,
4/20/2026,12:30:36,Pipi/Bigijii@100,,Vitamu,0,1,100,100,59.76,59.76,40.24,,,,,,
4/20/2026,12:36:49,Konyagi(S)- 200ML,,Vinywaji,6.20301E+12,1,"4,500.00","4,500.00","3,523.81","3,523.81",976.19,,,,,,
4/20/2026,15:07:13,Sembe-25kg,,Nafaka,0,4.8,"1,500.00","7,125.00","1,180.00","5,605.00","1,520.00",,,,,,
4/20/2026,15:07:13,Embassy,,Sigara & RIZLA,0,5,400,"2,000.00",278.03,"1,390.15",609.85,,,,,,
4/20/2026,15:07:13,Jambo:Cocopine-300ml,,Vinywaji,6.203E+12,2,600,"1,200.00",417.29,834.58,365.42,,,,,,
4/20/2026,15:07:13,Azam-Cola-300ML,,Vinywaji,6.20301E+12,6,600,"3,600.00",423.55,"2,541.29","1,058.71",,,,,,
4/20/2026,15:07:13,Master(R),,Sigara & RIZLA,0,2,150,300,104.65,209.31,90.69,,,,,,
4/20/2026,15:07:13,Pipi/Bigijii@50,,Vitamu,0,2,50,100,31.63,63.27,36.73,,,,,,
4/20/2026,15:07:13,Winston(R),,Sigara & RIZLA,0,1,200,200,130.53,130.53,69.47,,,,,,
4/20/2026,15:07:13,Mafuta/Kupikia-20L,,Viungo,0,0.3,"6,000.00","1,500.00","4,060.98","1,015.24",484.76,,,,,,
4/20/2026,15:07:13,Nyota/Kali,,Sigara & RIZLA,0,3,150,450,85.48,256.43,193.57,,,,,,
4/20/2026,15:07:13,Mayai@Kizungu,,Viungo,0,17,350,"5,950.00",266.67,"4,533.33","1,416.67",,,,,,
4/20/2026,20:11:33,Mosquito :COIL,,Afya,0,2,250,500,140,280,220,,,,,,
4/20/2026,20:11:33,Sembe-25kg,,Nafaka,0,1,"1,500.00","1,500.00","1,180.00","1,180.00",320,,,,,,
4/20/2026,20:11:33,Azam-Cola-300ML,,Vinywaji,6.20301E+12,1,600,600,423.55,423.55,176.45,,,,,,
4/20/2026,20:11:33,Embassy,,Sigara & RIZLA,0,1,400,400,278.03,278.03,121.97,,,,,,
4/20/2026,20:11:33,Master(K),,Sigara & RIZLA,0,2,150,300,100.76,201.53,98.47,,,,,,
4/20/2026,20:11:33,Pipi/Bigijii@100,,Vitamu,0,7,100,700,59.76,418.29,281.71,,,,,,
4/20/2026,20:11:33,Winston(R),,Sigara & RIZLA,0,2,200,400,130.18,260.36,139.64,,,,,,
4/20/2026,20:11:33,Jambo:Bolibo-300ml,,Vinywaji,6.203E+12,1,600,600,428.57,428.57,171.43,,,,,,
4/20/2026,20:11:33,Jambo:Cocopine-300ml,,Vinywaji,6.203E+12,2,600,"1,200.00",417.29,834.58,365.42,,,,,,
4/20/2026,20:11:33,Kiwembe : Dorco,,Usafi:Binafsi,8.80104E+12,3,200,600,85,255,345,,,,,,
4/20/2026,20:11:33,Smart Gin-200ML,,Vinywaji,6.20301E+12,1.5,"2,000.00","3,000.00","1,744.28","2,616.42",383.58,,,,,,
4/20/2026,20:11:33,Pipi/Bigijii@50,,Vitamu,0,5,50,250,31.63,158.16,91.84,,,,,,
4/20/2026,20:11:33,Winston(R),,Sigara & RIZLA,0,13,200,"2,600.00",130.53,"1,696.84",903.16,,,,,,
4/20/2026,20:23:37,Mayai@Kizungu,,Viungo,0,12,350,"4,200.00",266.67,"3,200.00","1,000.00",,,,,,
4/20/2026,20:23:37,Sembe-25kg,,Nafaka,0,0.8,"1,500.00","1,125.00","1,180.00",885,240,,,,,,
4/20/2026,20:29:41,Winston(R),,Sigara & RIZLA,0,3,200,600,130.53,391.58,208.42,,,,,,
4/20/2026,20:29:41,Embassy,,Sigara & RIZLA,0,1,400,400,278.03,278.03,121.97,,,,,,
4/20/2026,20:55:54,Sembe-25kg,,Nafaka,0,0.8,"1,500.00","1,125.00","1,180.00",885,240,,,,,,
4/20/2026,20:55:54,Smart Gin-200ML,,Vinywaji,6.20301E+12,0.5,"2,000.00","1,000.00","1,744.28",872.14,127.86,,,,,,
4/20/2026,20:55:54,Nyota/Kali,,Sigara & RIZLA,0,11,150,"1,650.00",85.48,940.26,709.74,,,,,,
4/20/2026,20:55:54,Winston(R),,Sigara & RIZLA,0,4,200,800,130.53,522.11,277.89,,,,,,
4/20/2026,21:23:50,Nyota/Kali,,Sigara & RIZLA,0,2,150,300,85.48,170.96,129.04,,,,,,
4/20/2026,21:23:50,Winston(R),,Sigara & RIZLA,0,4,200,800,130.53,522.11,277.89,,,,,,
4/20/2026,21:23:50,Smart Gin-200ML,,Vinywaji,6.20301E+12,1,"2,000.00","2,000.00","1,744.28","1,744.28",255.72,,,,,,
4/20/2026,21:44:48,Winston(R),,Sigara & RIZLA,0,2,200,400,130.53,261.05,138.95,,,,,,
4/20/2026,21:53:03,Double(KK)-200ml,,Vinywaji,6.20301E+12,0.5,"2,000.00","1,000.00","1,794.67",897.33,102.67,,,,,,
4/20/2026,22:03:02,Sukari(Kupima) - 50kg,,Viungo,0,0.3,"3,000.00",750,"2,360.00",590,160,,,,,,
4/20/2026,22:03:02,Mirinda-600mL,,Vinywaji,6.2011E+12,1,"1,000.00","1,000.00",830.3,830.3,169.7,,,,,,
4/20/2026,22:03:02,Azam-Cola-300ML,,Vinywaji,6.20301E+12,1,600,600,423.55,423.55,176.45,,,,,,
4/20/2026,22:03:02,Embassy,,Sigara & RIZLA,0,1,400,400,278.03,278.03,121.97,,,,,,
4/20/2026,22:03:02,Mosquito :COIL,,Afya,0,1,250,250,140,140,110,,,,,,
4/20/2026,22:11:54,Smart Gin-200ML,,Vinywaji,6.20301E+12,1,"2,000.00","2,000.00","1,744.28","1,744.28",255.72,,,,,,
4/21/2026,8:00:54,K-vant(S)-250ML,,Vinywaji,6.203E+12,1,"4,500.00","4,500.00","3,340.74","3,340.74","1,159.26",,,,,,
4/21/2026,8:00:54,Winston(R),,Sigara & RIZLA,0,2.5,200,500,130.53,326.32,173.68,,,,,,
4/21/2026,8:00:54,Jambo:Cocopine-300ml,,Vinywaji,6.203E+12,1,600,600,417.29,417.29,182.71,,,,,,
4/21/2026,8:00:54,Winston(R),,Sigara & RIZLA,0,1,200,200,130.18,130.18,69.82,,,,,,
4/21/2026,8:00:54,Double(KK)-200ml,,Vinywaji,6.20301E+12,0.5,"2,000.00","1,000.00","1,794.67",897.33,102.67,,,,,,
4/21/2026,8:01:48,Smart Gin-200ML,,Vinywaji,6.20301E+12,1,"2,000.00","2,000.00","1,744.28","1,744.28",255.72,,,,,,
4/21/2026,8:02:55,Winston(R),,Sigara & RIZLA,0,1,200,200,130.53,130.53,69.47,,,,,,
4/21/2026,13:35:03,Niceone-180g,,Usafi:Jumla,6.20302E+12,3,500,"1,500.00",417.5,"1,252.50",247.5,,,,,,
4/21/2026,13:35:03,Niceone-400g,,Usafi:Jumla,6.20302E+12,2,"1,000.00","2,000.00",837.5,"1,675.00",325,,,,,,
4/21/2026,13:35:03,Winston(R),,Sigara & RIZLA,0,6,200,"1,200.00",130.18,781.07,418.93,,,,,,
4/21/2026,13:35:03,Master(K),,Sigara & RIZLA,0,1,150,150,100.76,100.76,49.24,,,,,,
4/21/2026,13:35:03,Mafuta/Kupikia-20L,,Viungo,0,1,"6,000.00","6,000.00","4,060.98","4,060.98","1,939.02",,,,,,
4/21/2026,13:35:03,Pipi/Bigijii@100,,Vitamu,0,5,100,500,59.76,298.78,201.22,,,,,,
4/21/2026,13:35:03,Embassy,,Sigara & RIZLA,0,3,400,"1,200.00",278.03,834.09,365.91,,,,,,
4/21/2026,13:35:03,Winston(R),,Sigara & RIZLA,0,28,200,"5,600.00",130.53,"3,654.74","1,945.26",,,,,,
4/21/2026,13:35:03,Stone Tangawizi : 350ml,,Vinywaji,0,1,800,800,562.5,562.5,237.5,,,,,,
4/21/2026,13:35:03,Jambo:Bolibo-300ml,,Vinywaji,6.203E+12,2,600,"1,200.00",428.57,857.14,342.86,,,,,,
4/21/2026,16:07:06,Winston(R),,Sigara & RIZLA,0,5,200,"1,000.00",130.18,650.89,349.11,,,,,,
4/21/2026,16:07:06,Jambo:Cocopine-300ml,,Vinywaji,6.203E+12,1,600,600,417.29,417.29,182.71,,,,,,
4/21/2026,16:07:06,Jambo:Bolibo-300ml,,Vinywaji,6.203E+12,1,600,600,428.57,428.57,171.43,,,,,,
4/21/2026,16:14:23,Sembe-25kg,,Nafaka,0,3,"1,500.00","4,500.00","1,180.00","3,540.00",960,,,,,,
4/21/2026,16:14:23,Winston(R),,Sigara & RIZLA,0,2.5,200,500,130.53,326.32,173.68,,,,,,
4/21/2026,17:29:57,Master(R),,Sigara & RIZLA,0,3,150,450,104.65,313.96,136.04,,,,,,
4/21/2026,18:35:55,Winston(R),,Sigara & RIZLA,0,3,200,600,130.53,391.58,208.42,,,,,,
4/21/2026,18:35:55,Nyota/Kali,,Sigara & RIZLA,0,3,150,450,85.48,256.43,193.57,,,,,,
4/21/2026,18:57:24,Winston(R),,Sigara & RIZLA,0,6,200,"1,200.00",130.53,783.16,416.84,,,,,,
4/21/2026,18:57:24,Nyota/Kali,,Sigara & RIZLA,0,3,150,450,85.48,256.43,193.57,,,,,,
4/21/2026,19:13:29,Mafuta/Kupikia-20L,,Viungo,0,0.3,"6,000.00","1,500.00","4,060.98","1,015.24",484.76,,,,,,
4/21/2026,19:13:29,Winston(R),,Sigara & RIZLA,0,2.5,200,500,130.53,326.32,173.68,,,,,,
4/21/2026,19:13:29,Paracetamol - 500mg,,Afya,0,10,50,500,30,300,200,,,,,,
4/21/2026,19:28:22,Kiwembe : Dorco,,Usafi:Binafsi,8.80104E+12,3,200,600,85,255,345,,,,,,
4/21/2026,19:58:01,Pakiti/Ndimu-Unga,,Viungo,0,2,100,200,45.45,90.91,109.09,,,,,,
4/21/2026,19:58:01,Pakiti/Ajinomoto,,Viungo,0,1,100,100,42.86,42.86,57.14,,,,,,
4/21/2026,19:58:01,Pipi/Bigijii@100,,Vitamu,0,6,100,600,59.76,358.54,241.46,,,,,,
4/21/2026,19:58:01,Winston(R),,Sigara & RIZLA,0,5.5,200,"1,100.00",130.53,717.89,382.11,,,,,,
4/21/2026,19:58:01,K-vant(S)-250ML,,Vinywaji,6.203E+12,1,"4,500.00","4,500.00","3,340.74","3,340.74","1,159.26",,,,,,
4/21/2026,19:58:01,RIZLA,,Sigara & RIZLA,0,1,800,800,550,550,250,,,,,,
4/21/2026,19:58:01,Mosquito :COIL,,Afya,0,7,250,"1,750.00",140,980,770,,,,,,
4/21/2026,19:58:01,Azam-Cola-300ML,,Vinywaji,6.20301E+12,1,600,600,423.55,423.55,176.45,,,,,,
4/21/2026,19:58:01,Smart Gin-200ML,,Vinywaji,6.20301E+12,1,"2,000.00","2,000.00","1,744.28","1,744.28",255.72,,,,,,
4/21/2026,19:58:01,Double(KK)-200ml,,Vinywaji,6.20301E+12,0.5,"2,000.00","1,000.00","1,794.67",897.33,102.67,,,,,,
4/21/2026,21:18:14,Azam-Cola-300ML,,Vinywaji,6.20301E+12,3,600,"1,800.00",423.55,"1,270.65",529.35,,,,,,
4/21/2026,21:37:06,Winston(R),,Sigara & RIZLA,0,2.5,200,500,130.53,326.32,173.68,,,,,,
4/21/2026,21:37:06,Smart Gin-200ML,,Vinywaji,6.20301E+12,1.5,"2,000.00","3,000.00","1,744.28","2,616.42",383.58,,,,,,
4/21/2026,21:44:13,Winston(R),,Sigara & RIZLA,0,2,200,400,130.53,261.05,138.95,,,,,,
4/21/2026,21:59:17,Mayai@Kizungu,,Viungo,0,6,350,"2,100.00",266.67,"1,600.00",500,,,,,,
4/21/2026,21:59:17,Mosquito :COIL,,Afya,0,2,250,500,140,280,220,,,,,,
4/21/2026,21:59:17,Jambo:Bolibo-300ml,,Vinywaji,6.203E+12,1,600,600,428.57,428.57,171.43,,,,,,
4/21/2026,21:59:17,Sembe-25kg,,Nafaka,0,1,"1,500.00","1,500.00","1,180.00","1,180.00",320,,,,,,
4/21/2026,22:19:51,Mosquito :COIL,,Afya,0,2,250,500,140,280,220,,,,,,
4/21/2026,22:19:51,Nyota/Kali,,Sigara & RIZLA,0,1,150,150,85.48,85.48,64.52,,,,,,
4/21/2026,22:19:51,Winston(R),,Sigara & RIZLA,0,2,200,400,130.53,261.05,138.95,,,,,,
4/21/2026,22:19:51,UDI : STIKI,,Usafi:Binafsi,0,4,50,200,23.81,95.24,104.76,,,,,,
4/21/2026,22:19:51,Embassy,,Sigara & RIZLA,0,2,400,800,278.03,556.06,243.94,,,,,,
4/21/2026,22:19:51,Sembe-25kg,,Nafaka,0,1,"1,500.00","1,500.00","1,180.00","1,180.00",320,,,,,,
4/21/2026,22:19:51,Ngano-25kg,,Nafaka,0,2.5,"1,800.00","4,500.00","1,507.14","3,767.86",732.14,,,,,,
4/21/2026,22:46:55,Smart Gin-200ML,,Vinywaji,6.20301E+12,1,"2,000.00","2,000.00","1,744.28","1,744.28",255.72,,,,,,
4/21/2026,22:46:55,Mirinda-600mL,,Vinywaji,6.2011E+12,1,"1,000.00","1,000.00",830.3,830.3,169.7,,,,,,
4/21/2026,23:04:15,Winston(R),,Sigara & RIZLA,0,4,200,800,130.53,522.11,277.89,,,,,,
4/21/2026,23:04:15,Jambo:Bolibo-300ml,,Vinywaji,6.203E+12,1,600,600,428.57,428.57,171.43,,,,,,
4/21/2026,23:04:15,Nyota/Kali,,Sigara & RIZLA,0,3,150,450,85.48,256.43,193.57,,,,,,
4/22/2026,7:56:44,Niceone-400g,,Usafi:Jumla,6.20302E+12,1,"1,000.00","1,000.00",837.5,837.5,162.5,,,,,,
4/22/2026,7:56:44,Mafuta/Kupikia-20L,,Viungo,0,0.3,"6,000.00","1,500.00","4,060.98","1,015.24",484.76,,,,,,
4/22/2026,7:56:44,Sukari(Kupima) - 50kg,,Viungo,0,0.5,"3,000.00","1,500.00","2,360.00","1,180.00",320,,,,,,
4/22/2026,7:56:44,Winston(R),,Sigara & RIZLA,0,5,200,"1,000.00",130.53,652.63,347.37,,,,,,
4/22/2026,7:56:44,Double(KK)-200ml,,Vinywaji,6.20301E+12,1,"2,000.00","2,000.00","1,794.67","1,794.67",205.33,,,,,,
4/22/2026,8:45:05,Double(KK)-200ml,,Vinywaji,6.20301E+12,0.5,"2,000.00","1,000.00","1,794.67",897.33,102.67,,,,,,
4/22/2026,8:45:05,Tambi-25kg (Kupima),,Nafaka,0,0.3,"2,800.00",700,"2,140.00",535,165,,,,,,
4/22/2026,8:45:05,Niceone-180g,,Usafi:Jumla,6.20302E+12,1,500,500,417.5,417.5,82.5,,,,,,
4/22/2026,10:03:27,Tressa :Shampoo - 10ML,,Usafi:Binafsi,6.20305E+12,3,200,600,125,375,225,,,,,,
4/22/2026,10:03:27,Niceone-400g,,Usafi:Jumla,6.20302E+12,1,"1,000.00","1,000.00",837.5,837.5,162.5,,,,,,
4/22/2026,10:03:27,Pipi/Bigijii@100,,Vitamu,0,2,100,200,59.76,119.51,80.49,,,,,,
4/22/2026,10:03:27,Winston(R),,Sigara & RIZLA,0,2,200,400,130.53,261.05,138.95,,,,,,
4/22/2026,10:03:27,Embassy,,Sigara & RIZLA,0,2,400,800,278.03,556.06,243.94,,,,,,
4/22/2026,14:44:01,Winston(R),,Sigara & RIZLA,0,2.5,200,500,130.53,326.32,173.68,,,,,,
4/22/2026,14:46:53,Mafuta/Kupikia-20L,,Viungo,0,0.8,"6,000.00","4,500.00","4,060.98","3,045.73","1,454.27",,,,,,
4/22/2026,14:46:53,Sukari(Kupima) - 50kg,,Viungo,0,0.3,"3,000.00",750,"2,360.00",590,160,,,,,,
4/22/2026,14:46:53,Ngano-25kg,,Nafaka,0,0.3,"1,800.00",450,"1,507.14",376.79,73.21,,,,,,
4/22/2026,15:07:15,Nyota/Kali,,Sigara & RIZLA,0,2,150,300,85.48,170.96,129.04,,,,,,
4/22/2026,15:07:15,Winston(R),,Sigara & RIZLA,0,1,200,200,130.53,130.53,69.47,,,,,,
4/22/2026,17:27:16,Winston(R),,Sigara & RIZLA,0,2,200,400,130.53,261.05,138.95,,,,,,
4/22/2026,17:27:16,Niceone-400g,,Usafi:Jumla,6.20302E+12,1,"1,000.00","1,000.00",837.5,837.5,162.5,,,,,,
4/22/2026,17:27:16,RIZLA,,Sigara & RIZLA,0,2,800,"1,600.00",550,"1,100.00",500,,,,,,
4/22/2026,17:31:17,Jambo:Bolibo-300ml,,Vinywaji,6.203E+12,1,600,600,428.57,428.57,171.43,,,,,,
4/22/2026,17:31:17,Mirinda-600mL,,Vinywaji,6.2011E+12,1,"1,000.00","1,000.00",830.3,830.3,169.7,,,,,,
4/22/2026,17:31:17,Pipi/Bigijii@50,,Vitamu,0,12,50,600,31.63,379.59,220.41,,,,,,
4/22/2026,17:31:17,Pipi/Bigijii@100,,Vitamu,0,5,100,500,59.76,298.78,201.22,,,,,,
4/22/2026,17:31:58,Jambo:Bolibo-300ml,,Vinywaji,6.203E+12,1,600,600,428.57,428.57,171.43,,,,,,
4/22/2026,17:31:58,Mirinda-600mL,,Vinywaji,6.2011E+12,1,"1,000.00","1,000.00",830.3,830.3,169.7,,,,,,
4/22/2026,17:31:58,Pipi/Bigijii@50,,Vitamu,0,12,50,600,31.63,379.59,220.41,,,,,,
4/22/2026,17:31:58,Pipi/Bigijii@100,,Vitamu,0,5,100,500,59.76,298.78,201.22,,,,,,
4/22/2026,18:19:11,Nyota/Kali,,Sigara & RIZLA,0,2,150,300,85.48,170.96,129.04,,,,,,
4/22/2026,18:19:11,Winston(R),,Sigara & RIZLA,0,4,200,800,130.53,522.11,277.89,,,,,,
4/22/2026,18:19:11,Sembe-25kg,,Nafaka,0,5,"1,500.00","7,500.00","1,180.00","5,900.00","1,600.00",,,,,,
4/22/2026,18:19:11,Mafuta/Kupikia-20L,,Viungo,0,0.3,"6,000.00","1,500.00","4,060.98","1,015.24",484.76,,,,,,
4/22/2026,18:19:11,Azam-Cola-300ML,,Vinywaji,6.20301E+12,1,600,600,423.55,423.55,176.45,,,,,,
4/22/2026,18:21:36,Pipi/Bigijii@100,,Vitamu,0,2,100,200,59.76,119.51,80.49,,,,,,
4/22/2026,18:39:59,Sembe-25kg,,Nafaka,0,0.5,"1,500.00",750,"1,180.00",590,160,,,,,,
4/22/2026,18:39:59,Pipi/Bigijii@100,,Vitamu,0,1,100,100,59.76,59.76,40.24,,,,,,
4/22/2026,18:39:59,Winston(R),,Sigara & RIZLA,0,2.5,200,500,130.53,326.32,173.68,,,,,,
4/22/2026,18:39:59,Double(KK)-200ml,,Vinywaji,6.20301E+12,0.5,"2,000.00","1,000.00","1,794.67",897.33,102.67,,,,,,
4/22/2026,18:59:18,Azam-Cola-300ML,,Vinywaji,6.20301E+12,1,600,600,423.55,423.55,176.45,,,,,,
4/22/2026,18:59:18,Winston(R),,Sigara & RIZLA,0,2.5,200,500,130.53,326.32,173.68,,,,,,
4/22/2026,19:23:45,Embassy,,Sigara & RIZLA,0,1,400,400,278.03,278.03,121.97,,,,,,
4/22/2026,19:58:58,Mosquito :COIL,,Afya,0,2,250,500,140,280,220,,,,,,
4/22/2026,20:39:38,Azam-Cola-300ML,,Vinywaji,6.20301E+12,3,600,"1,800.00",423.55,"1,270.65",529.35,,,,,,
4/22/2026,20:39:38,Mayai@Kizungu,,Viungo,0,3,350,"1,050.00",266.67,800,250,,,,,,
4/22/2026,20:39:38,Mafuta/Kupikia-20L,,Viungo,0,0.3,"6,000.00","1,500.00","4,060.98","1,015.24",484.76,,,,,,
4/22/2026,20:54:42,Sembe-25kg,,Nafaka,0,1,"1,500.00","1,500.00","1,180.00","1,180.00",320,,,,,,
4/22/2026,21:34:11,Embassy,,Sigara & RIZLA,0,1,400,400,278.03,278.03,121.97,,,,,,
4/22/2026,21:34:11,Winston(R),,Sigara & RIZLA,0,2.5,200,500,130.53,326.32,173.68,,,,,,
4/22/2026,21:34:11,Mosquito :COIL,,Afya,0,1,250,250,140,140,110,,,,,,
4/22/2026,21:34:11,Azam-Cola-300ML,,Vinywaji,6.20301E+12,2,600,"1,200.00",423.55,847.1,352.9,,,,,,
4/22/2026,21:56:36,Smart Gin-200ML,,Vinywaji,6.20301E+12,2.5,"2,000.00","5,000.00","1,744.28","4,360.70",639.3,,,,,,
4/22/2026,21:58:33,Smart Gin-200ML,,Vinywaji,6.20301E+12,2.5,"2,000.00","5,000.00","1,744.28","4,360.70",639.3,,,,,,
4/22/2026,22:10:28,Smart Gin-200ML,,Vinywaji,6.20301E+12,2.5,"2,000.00","5,000.00","1,744.28","4,360.70",639.3,,,,,,
4/22/2026,22:10:28,Ngano-25kg,,Nafaka,0,1.8,"1,800.00","3,150.00","1,507.14","2,637.50",512.5,,,,,,
4/22/2026,22:16:21,Mafuta/Kupikia-20L,,Viungo,0,1,"6,000.00","6,000.00","4,060.98","4,060.98","1,939.02",,,,,,
4/22/2026,22:42:18,Mosquito :COIL,,Afya,0,2,250,500,140,280,220,,,,,,
4/23/2026,10:48:49,Mafuta/Kupikia-20L,,Viungo,0,0.3,"6,000.00","1,500.00","4,060.98","1,015.24",484.76,,,,,,
4/23/2026,10:48:49,Sukari(Kupima) - 50kg,,Viungo,0,0.5,"3,000.00","1,500.00","2,360.00","1,180.00",320,,,,,,
4/23/2026,10:48:49,Pipi/Bigijii@100,,Vitamu,0,8,100,800,59.76,478.05,321.95,,,,,,
4/23/2026,10:48:49,Pipi/Bigijii@50,,Vitamu,0,8,50,400,31.63,253.06,146.94,,,,,,
4/23/2026,10:48:49,Azam-Cola-300ML,,Vinywaji,6.20301E+12,2,600,"1,200.00",423.55,847.1,352.9,,,,,,
4/23/2026,10:48:49,Master(R),,Sigara & RIZLA,0,10,150,"1,500.00",104.65,"1,046.53",453.47,,,,,,
4/23/2026,12:14:22,K-vant(L)- 750ML,,Vinywaji,6.204E+12,1,"12,000.00","12,000.00","9,574.67","9,574.67","2,425.33",,,,,,
4/23/2026,12:42:57,Sembe-25kg,,Nafaka,0,1,"1,500.00","1,500.00","1,180.00","1,180.00",320,,,,,,
4/23/2026,12:42:57,Mafuta/Kupikia-20L,,Viungo,0,0.3,"6,000.00","1,500.00","4,060.98","1,015.24",484.76,,,,,,
4/23/2026,12:42:57,Pepsi : 350ml,,Vinywaji,0,1,700,700,500,500,200,,,,,,
4/23/2026,14:53:46,Nyota/Kali,,Sigara & RIZLA,0,3,150,450,85.48,256.43,193.57,,,,,,
4/23/2026,14:53:46,Azam-Cola-300ML,,Vinywaji,6.20301E+12,2,600,"1,200.00",423.55,847.1,352.9,,,,,,
4/23/2026,14:53:46,K-vant(L)- 750ML,,Vinywaji,6.204E+12,1,"12,000.00","12,000.00","9,574.67","9,574.67","2,425.33",,,,,,
4/23/2026,16:08:22,Jambo:Cocopine-300ml,,Vinywaji,6.203E+12,1,600,600,417.29,417.29,182.71,,,,,,
4/23/2026,16:08:22,Nyota/Kali,,Sigara & RIZLA,0,2,150,300,85.48,170.96,129.04,,,,,,
4/23/2026,16:08:22,Mayai@Kizungu,,Viungo,0,6,350,"2,100.00",266.67,"1,600.00",500,,,,,,
4/23/2026,16:08:22,Sembe-25kg,,Nafaka,0,1,"1,500.00","1,500.00","1,180.00","1,180.00",320,,,,,,
4/23/2026,16:08:22,Neel-Salt-200g,,Viungo,6.20301E+12,1,300,300,166.67,166.67,133.33,,,,,,
4/23/2026,17:31:33,Mafuta/Kupikia-20L,,Viungo,0,1,"6,000.00","6,000.00","4,060.98","4,060.98","1,939.02",,,,,,
4/23/2026,17:31:33,Jambo:Cocopine-300ml,,Vinywaji,6.203E+12,1,600,600,417.29,417.29,182.71,,,,,,
4/23/2026,18:27:22,Pipi/Bigijii@50,,Vitamu,0,14,50,700,31.63,442.86,257.14,,,,,,
4/23/2026,18:27:22,Jambo:Bolibo-300ml,,Vinywaji,6.203E+12,3,600,"1,800.00",428.57,"1,285.71",514.29,,,,,,
4/23/2026,18:27:22,Sembe-25kg,,Nafaka,0,1,"1,500.00","1,500.00","1,180.00","1,180.00",320,,,,,,
4/23/2026,18:27:22,Embassy,,Sigara & RIZLA,0,8,400,"3,200.00",278.03,"2,224.24",975.76,,,,,,
4/23/2026,18:32:56,Mayai@Kizungu,,Viungo,0,4,350,"1,400.00",266.67,"1,066.67",333.33,,,,,,
4/23/2026,18:32:56,Tambi-25kg (Kupima),,Nafaka,0,0.5,"2,800.00","1,400.00","2,140.00","1,070.00",330,,,,,,
4/23/2026,20:38:36,Smart Gin-200ML,,Vinywaji,6.20301E+12,2.5,"2,000.00","5,000.00","1,744.28","4,360.70",639.3,,,,,,
4/23/2026,20:38:36,Pipi/Bigijii@100,,Vitamu,0,2,100,200,59.76,119.51,80.49,,,,,,
4/23/2026,20:38:36,Embassy,,Sigara & RIZLA,0,1,400,400,278.03,278.03,121.97,,,,,,
4/23/2026,20:38:36,Nyota/Kali,,Sigara & RIZLA,0,1,150,150,85.48,85.48,64.52,,,,,,
4/23/2026,20:38:36,Mosquito :COIL,,Afya,0,7,250,"1,750.00",140,980,770,,,,,,
4/23/2026,20:38:36,Sukari(Kupima) - 50kg,,Viungo,0,0.3,"3,000.00",750,"2,360.00",590,160,,,,,,
4/23/2026,20:38:36,Mafuta/Kupikia-20L,,Viungo,0,0.5,"6,000.00","3,000.00","4,060.98","2,030.49",969.51,,,,,,
4/23/2026,20:38:36,Tambi-25kg (Kupima),,Nafaka,0,0.8,"2,800.00","2,100.00","2,140.00","1,605.00",495,,,,,,
4/23/2026,20:38:36,RIZLA,,Sigara & RIZLA,0,3,800,"2,400.00",550,"1,650.00",750,,,,,,
4/23/2026,20:38:36,Mirinda-600mL,,Vinywaji,6.2011E+12,1,"1,000.00","1,000.00",830.3,830.3,169.7,,,,,,
4/23/2026,20:38:36,Sembe-25kg,,Nafaka,0,1.5,"1,500.00","2,250.00","1,180.00","1,770.00",480,,,,,,
4/23/2026,20:38:36,Uhai(W)-1L,,Vinywaji,6.20301E+12,2,700,"1,400.00",417.49,834.98,565.02,,,,,,
4/23/2026,20:38:36,Portsman,,Sigara & RIZLA,0,2,300,600,220.88,441.76,158.24,,,,,,
4/23/2026,20:45:20,Master(R),,Sigara & RIZLA,0,7,150,"1,050.00",104.65,732.57,317.43,,,,,,
4/23/2026,20:45:20,Double(KK)-200ml,,Vinywaji,6.20301E+12,0.5,"2,000.00","1,000.00","1,794.67",897.33,102.67,,,,,,
4/23/2026,20:46:33,Winston(R),,Sigara & RIZLA,0,9.5,200,"1,900.00",130.53,"1,240.00",660,,,,,,
4/23/2026,20:47:09,Winston(R),,Sigara & RIZLA,0,4,200,800,130.53,522.11,277.89,,,,,,
4/23/2026,20:58:33,Uhai(W)-1L,,Vinywaji,6.20301E+12,1,700,700,417.49,417.49,282.51,,,,,,
4/23/2026,22:03:58,Azam-Cola-300ML,,Vinywaji,6.20301E+12,1,600,600,423.55,423.55,176.45,,,,,,
4/23/2026,22:03:58,Mayai@Kizungu,,Viungo,0,31,350,"10,850.00",266.67,"8,266.67","2,583.33",,,,,,
4/23/2026,22:03:58,Mafuta/Kupikia-20L,,Viungo,0,0.3,"6,000.00","1,500.00","4,060.98","1,015.24",484.76,,,,,,
4/23/2026,22:03:58,Smart Gin-200ML,,Vinywaji,6.20301E+12,1.5,"2,000.00","3,000.00","1,744.28","2,616.42",383.58,,,,,,
4/23/2026,22:03:58,Pipi/Bigijii@100,,Vitamu,0,4,100,400,59.76,239.02,160.98,,,,,,
4/23/2026,22:03:58,Winston(R),,Sigara & RIZLA,0,13,200,"2,600.00",130.53,"1,696.84",903.16,,,,,,
4/23/2026,22:03:58,Jambo:Bolibo-300ml,,Vinywaji,6.203E+12,1,600,600,428.57,428.57,171.43,,,,,,
4/23/2026,22:19:58,Uhai(W)-1L,,Vinywaji,6.20301E+12,3,700,"2,100.00",417.49,"1,252.48",847.52,,,,,,
4/23/2026,22:41:32,Mosquito :COIL,,Afya,0,3,250,750,140,420,330,,,,,,
4/23/2026,22:41:32,Smart Gin-200ML,,Vinywaji,6.20301E+12,1,"2,000.00","2,000.00","1,744.28","1,744.28",255.72,,,,,,
4/23/2026,22:50:11,Ngano-25kg,,Nafaka,0,1.5,"1,800.00","2,700.00","1,507.14","2,260.71",439.29,,,,,,
4/24/2026,9:14:41,Pipi/Bigijii@50,,Vitamu,0,4,50,200,31.63,126.53,73.47,,,,,,
4/24/2026,9:14:41,Sukari(Kupima) - 50kg,,Viungo,0,0.5,"3,000.00","1,500.00","2,360.00","1,180.00",320,,,,,,
4/24/2026,9:14:41,Mafuta/Kupikia-20L,,Viungo,0,0.3,"6,000.00","1,500.00","4,060.98","1,015.24",484.76,,,,,,
4/24/2026,9:14:41,Winston(R),,Sigara & RIZLA,0,11,200,"2,200.00",130.53,"1,435.79",764.21,,,,,,
4/24/2026,9:14:41,Embassy,,Sigara & RIZLA,0,2,400,800,278.03,556.06,243.94,,,,,,
4/24/2026,9:26:35,K-vant(S)-250ML,,Vinywaji,6.203E+12,1,"4,500.00","4,500.00","3,340.74","3,340.74","1,159.26",,,,,,
4/24/2026,10:26:11,Embassy,,Sigara & RIZLA,0,1,400,400,278.03,278.03,121.97,,,,,,
4/24/2026,10:26:11,Tambi-25kg (Kupima),,Nafaka,0,0.4,"2,800.00",980,"2,140.00",749,231,,,,,,
4/24/2026,10:36:28,Winston(R),,Sigara & RIZLA,0,2.5,200,500,130.53,326.32,173.68,,,,,,
4/24/2026,10:53:15,Winston(R),,Sigara & RIZLA,0,2.5,200,500,130.53,326.32,173.68,,,,,,
4/24/2026,13:15:41,K-vant(S)-250ML,,Vinywaji,6.203E+12,0.5,"4,500.00","2,250.00","3,340.74","1,670.37",579.63,,,,,,
4/24/2026,13:15:41,Embassy,,Sigara & RIZLA,0,1,400,400,278.03,278.03,121.97,,,,,,
4/24/2026,13:15:41,Sembe-25kg,,Nafaka,0,3,"1,500.00","4,500.00","1,180.00","3,540.00",960,,,,,,
4/24/2026,13:15:41,Azam-Cola-300ML,,Vinywaji,6.20301E+12,1,600,600,423.55,423.55,176.45,,,,,,
4/24/2026,13:15:41,Winston(R),,Sigara & RIZLA,0,6,200,"1,200.00",130.53,783.16,416.84,,,,,,
4/24/2026,13:15:41,Smart Gin-200ML,,Vinywaji,6.20301E+12,0.5,"2,000.00","1,000.00","1,744.28",872.14,127.86,,,,,,
4/24/2026,13:15:41,Pipi/Bigijii@50,,Vitamu,0,2,50,100,31.63,63.27,36.73,,,,,,
4/24/2026,13:20:18,K-vant(S)-250ML,,Vinywaji,6.203E+12,0.5,"4,500.00","2,250.00","3,340.74","1,670.37",579.63,,,,,,
4/24/2026,13:20:18,Embassy,,Sigara & RIZLA,0,1,400,400,278.03,278.03,121.97,,,,,,
4/24/2026,13:20:18,Sembe-25kg,,Nafaka,0,3,"1,500.00","4,500.00","1,180.00","3,540.00",960,,,,,,
4/24/2026,13:20:18,Azam-Cola-300ML,,Vinywaji,6.20301E+12,1,600,600,423.55,423.55,176.45,,,,,,
4/24/2026,13:20:18,Winston(R),,Sigara & RIZLA,0,6,200,"1,200.00",130.53,783.16,416.84,,,,,,
4/24/2026,13:20:18,Smart Gin-200ML,,Vinywaji,6.20301E+12,0.5,"2,000.00","1,000.00","1,744.28",872.14,127.86,,,,,,
4/24/2026,13:20:18,Pipi/Bigijii@50,,Vitamu,0,2,50,100,31.63,63.27,36.73,,,,,,
4/24/2026,17:43:54,Portsman,,Sigara & RIZLA,0,1,300,300,220.88,220.88,79.12,,,,,,
4/24/2026,17:43:54,Nyota/Kali,,Sigara & RIZLA,0,2,150,300,85.48,170.96,129.04,,,,,,
4/24/2026,17:43:54,Pepsi : 600ML,,Vinywaji,6.2011E+12,1,"1,000.00","1,000.00",800,800,200,,,,,,
4/24/2026,17:43:54,Sembe-25kg,,Nafaka,0,1.5,"1,500.00","2,250.00","1,180.00","1,770.00",480,,,,,,
4/24/2026,17:43:54,Smart Gin-200ML,,Vinywaji,6.20301E+12,3.5,"2,000.00","7,000.00","1,744.28","6,104.98",895.02,,,,,,
4/24/2026,17:44:49,Portsman,,Sigara & RIZLA,0,1,300,300,220.88,220.88,79.12,,,,,,
4/24/2026,17:44:49,Nyota/Kali,,Sigara & RIZLA,0,2,150,300,85.48,170.96,129.04,,,,,,
4/24/2026,17:44:49,Pepsi : 600ML,,Vinywaji,6.2011E+12,1,"1,000.00","1,000.00",800,800,200,,,,,,
4/24/2026,17:44:49,Sembe-25kg,,Nafaka,0,1.5,"1,500.00","2,250.00","1,180.00","1,770.00",480,,,,,,
4/24/2026,17:44:49,Smart Gin-200ML,,Vinywaji,6.20301E+12,3.5,"2,000.00","7,000.00","1,744.28","6,104.98",895.02,,,,,,
4/24/2026,17:47:55,Winston(R),,Sigara & RIZLA,0,2,200,400,130.53,261.05,138.95,,,,,,
4/24/2026,19:30:24,Winston(R),,Sigara & RIZLA,0,13,200,"2,600.00",130.53,"1,696.84",903.16,,,,,,
4/24/2026,19:30:24,Master(R),,Sigara & RIZLA,0,2,150,300,104.65,209.31,90.69,,,,,,
4/24/2026,19:30:24,Embassy,,Sigara & RIZLA,0,1,400,400,278.03,278.03,121.97,,,,,,
4/24/2026,19:30:24,Uhai(W)-1L,,Vinywaji,6.20301E+12,2,700,"1,400.00",417.49,834.98,565.02,,,,,,
4/24/2026,19:30:24,Mosquito :COIL,,Afya,0,4,250,"1,000.00",140,560,440,,,,,,
4/24/2026,19:30:24,Nyota/Kali,,Sigara & RIZLA,0,4,150,600,85.48,341.91,258.09,,,,,,
4/24/2026,20:26:47,Sukari(Kupima) - 50kg,,Viungo,0,0.3,"3,000.00",750,"2,360.00",590,160,,,,,,
4/24/2026,20:26:47,Nyota/Kali,,Sigara & RIZLA,0,3,150,450,85.48,256.43,193.57,,,,,,
4/24/2026,20:26:47,Mosquito :COIL,,Afya,0,1,250,250,140,140,110,,,,,,
4/24/2026,22:22:37,Mafuta/Kupikia-20L,,Viungo,0,0.5,"6,000.00","3,000.00","4,060.98","2,030.49",969.51,,,,,,
4/24/2026,22:22:37,Winston(R),,Sigara & RIZLA,0,5,200,"1,000.00",130.53,652.63,347.37,,,,,,
4/24/2026,22:22:37,Nyota/Kali,,Sigara & RIZLA,0,2,150,300,85.48,170.96,129.04,,,,,,
4/24/2026,22:44:00,Winston(R),,Sigara & RIZLA,0,22,200,"4,400.00",130.53,"2,871.58","1,528.42",,,,,,
4/24/2026,22:53:06,Winston(R),,Sigara & RIZLA,0,1,200,200,130.53,130.53,69.47,,,,,,
4/24/2026,22:53:06,Embassy,,Sigara & RIZLA,0,1,400,400,278.03,278.03,121.97,,,,,,
4/25/2026,12:10:25,Ngano-25kg,,Nafaka,0,1.5,"1,800.00","2,700.00","1,507.14","2,260.71",439.29,,,,,,
4/25/2026,12:10:25,Winston(R),,Sigara & RIZLA,0,23.5,200,"4,700.00",130.53,"3,067.37","1,632.63",,,,,,
4/25/2026,12:10:25,Nyota/Kali,,Sigara & RIZLA,0,11,150,"1,650.00",85.48,940.26,709.74,,,,,,
4/25/2026,12:10:25,Embassy,,Sigara & RIZLA,0,3,400,"1,200.00",278.03,834.09,365.91,,,,,,
4/25/2026,12:10:25,Sukari(Kupima) - 50kg,,Viungo,0,0.5,"3,000.00","1,500.00","2,360.00","1,180.00",320,,,,,,
4/25/2026,12:10:25,Niceone-180g,,Usafi:Jumla,6.20302E+12,2,500,"1,000.00",417.5,835,165,,,,,,
4/25/2026,12:10:25,Tambi-25kg (Kupima),,Nafaka,0,0.5,"2,800.00","1,400.00","2,140.00","1,070.00",330,,,,,,
4/25/2026,12:10:25,Pipi/Bigijii@100,,Vitamu,0,5,100,500,59.76,298.78,201.22,,,,,,
4/25/2026,12:10:25,Pipi/Bigijii@50,,Vitamu,0,6,50,300,31.63,189.8,110.2,,,,,,
4/25/2026,12:10:25,Mafuta/Kupikia-20L,,Viungo,0,0.8,"6,000.00","4,500.00","4,060.98","3,045.73","1,454.27",,,,,,
4/25/2026,12:10:25,Uhai(W)-1L,,Vinywaji,6.20301E+12,1,700,700,417.49,417.49,282.51,,,,,,
4/25/2026,12:35:34,Tressa :Shampoo - 10ML,,Usafi:Binafsi,6.20305E+12,3,200,600,125,375,225,,,,,,
4/25/2026,12:39:31,Winston(R),,Sigara & RIZLA,0,2.5,200,500,130.53,326.32,173.68,,,,,,
4/25/2026,12:57:22,Winston(R),,Sigara & RIZLA,0,2.5,200,500,130.53,326.32,173.68,,,,,,
4/25/2026,13:50:55,Sembe-25kg,,Nafaka,0,1,"1,500.00","1,500.00","1,180.00","1,180.00",320,,,,,,
4/25/2026,13:50:55,Pepsi : 600ML,,Vinywaji,6.2011E+12,1,"1,000.00","1,000.00",800,800,200,,,,,,
4/25/2026,14:27:00,Pepsi : 600ML,,Vinywaji,6.2011E+12,1,"1,000.00","1,000.00",800,800,200,,,,,,
4/25/2026,17:09:54,Winston(R),,Sigara & RIZLA,0,3,200,600,130.53,391.58,208.42,,,,,,
4/25/2026,17:09:54,Sembe-25kg,,Nafaka,0,1,"1,500.00","1,500.00","1,180.00","1,180.00",320,,,,,,
4/25/2026,17:56:31,K-vant(L)- 750ML,,Vinywaji,6.204E+12,1,"12,000.00","12,000.00","9,574.67","9,574.67","2,425.33",,,,,,
4/25/2026,17:58:11,Pipi/Bigijii@100,,Vitamu,0,3,100,300,59.76,179.27,120.73,,,,,,
4/25/2026,17:58:11,Pipi/Bigijii@50,,Vitamu,0,8,50,400,31.63,253.06,146.94,,,,,,
4/25/2026,18:19:51,Nyota/Kali,,Sigara & RIZLA,0,4,150,600,85.48,341.91,258.09,,,,,,
4/25/2026,18:19:51,Winston(R),,Sigara & RIZLA,0,1,200,200,130.53,130.53,69.47,,,,,,
4/25/2026,18:44:39,Azam-Cola-300ML,,Vinywaji,6.20301E+12,2,600,"1,200.00",423.55,847.1,352.9,,,,,,
4/25/2026,18:44:39,Winston(R),,Sigara & RIZLA,0,2.5,200,500,130.53,326.32,173.68,,,,,,
4/25/2026,19:38:37,Winston(R),,Sigara & RIZLA,0,10,200,"2,000.00",130.53,"1,305.26",694.74,,,,,,
4/25/2026,19:38:37,Nyota/Kali,,Sigara & RIZLA,0,2,150,300,85.48,170.96,129.04,,,,,,
4/25/2026,19:38:37,Paracetamol - 500mg,,Afya,0,6,50,300,30,180,120,,,,,,
4/25/2026,19:41:26,K-vant(L)- 750ML,,Vinywaji,6.204E+12,1,"12,000.00","12,000.00","9,574.67","9,574.67","2,425.33",,,,,,
4/25/2026,19:41:26,Pepsi : 350ml,,Vinywaji,0,1,700,700,500,500,200,,,,,,
4/25/2026,19:47:28,Double(KK)-200ml,,Vinywaji,6.20301E+12,0.5,"2,000.00","1,000.00","1,794.67",897.33,102.67,,,,,,
4/25/2026,19:47:28,Winston(R),,Sigara & RIZLA,0,2,200,400,130.53,261.05,138.95,,,,,,
4/25/2026,19:57:44,Jobo-200ML,,Vinywaji,6.20304E+12,0.5,"2,000.00","1,000.00","1,723.96",861.98,138.02,,,,,,
4/25/2026,19:57:44,Embassy,,Sigara & RIZLA,0,1,400,400,278.03,278.03,121.97,,,,,,
4/25/2026,19:57:44,Winston(R),,Sigara & RIZLA,0,4,200,800,130.53,522.11,277.89,,,,,,
4/25/2026,21:19:30,Tambi-25kg (Kupima),,Nafaka,0,1,"2,800.00","2,800.00","2,140.00","2,140.00",660,,,,,,
4/25/2026,21:19:30,Uhai(W)-1L,,Vinywaji,6.20301E+12,1,700,700,417.49,417.49,282.51,,,,,,
4/25/2026,21:19:30,Jambo:Bolibo-300ml,,Vinywaji,6.203E+12,1,600,600,428.57,428.57,171.43,,,,,,
4/25/2026,21:19:30,Double(KK)-200ml,,Vinywaji,6.20301E+12,0.5,"2,000.00","1,000.00","1,794.67",897.33,102.67,,,,,,
4/25/2026,21:50:02,Jambo:Bolibo-300ml,,Vinywaji,6.203E+12,2,600,"1,200.00",428.57,857.14,342.86,,,,,,
4/25/2026,22:37:00,Sembe-25kg,,Nafaka,0,1,"1,500.00","1,500.00","1,180.00","1,180.00",320,,,,,,
4/25/2026,22:37:00,Winston(R),,Sigara & RIZLA,0,11,200,"2,200.00",130.53,"1,435.79",764.21,,,,,,
4/25/2026,22:37:00,Ngano-25kg,,Nafaka,0,2,"1,800.00","3,600.00","1,507.14","3,014.29",585.71,,,,,,
4/25/2026,22:37:00,Azam-Cola-300ML,,Vinywaji,6.20301E+12,1,600,600,423.55,423.55,176.45,,,,,,
4/25/2026,22:37:00,Master(R),,Sigara & RIZLA,0,5,150,750,104.65,523.26,226.74,,,,,,
4/25/2026,22:52:10,Winston(R),,Sigara & RIZLA,0,2,200,400,130.53,261.05,138.95,,,,,,
4/25/2026,22:52:10,Mosquito :COIL,,Afya,0,7,250,"1,750.00",140,980,770,,,,,,
4/25/2026,22:52:10,Uhai(W)-1L,,Vinywaji,6.20301E+12,2,700,"1,400.00",417.49,834.98,565.02,,,,,,
4/25/2026,23:03:40,Winston(R),,Sigara & RIZLA,0,3,200,600,130.53,391.58,208.42,,,,,,
4/25/2026,23:06:56,Winston(R),,Sigara & RIZLA,0,1,200,200,130.53,130.53,69.47,,,,,,
4/26/2026,9:35:07,Jambo:Cocopine-300ml,,Vinywaji,6.203E+12,4,600,"2,400.00",417.29,"1,669.16",730.84,,,,,,
4/26/2026,9:35:07,Mirinda-600mL,,Vinywaji,6.2011E+12,1,"1,000.00","1,000.00",830.3,830.3,169.7,,,,,,
4/26/2026,9:35:07,Niceone-400g,,Usafi:Jumla,6.20302E+12,2,"1,000.00","2,000.00",837.5,"1,675.00",325,,,,,,
4/26/2026,9:35:07,Azam-Cola-300ML,,Vinywaji,6.20301E+12,2,600,"1,200.00",423.55,847.1,352.9,,,,,,
4/26/2026,9:35:07,Mayai@Kizungu,,Viungo,0,14,350,"4,900.00",266.67,"3,733.33","1,166.67",,,,,,
4/26/2026,9:35:07,Sembe-25kg,,Nafaka,0,2,"1,500.00","3,000.00","1,180.00","2,360.00",640,,,,,,
4/26/2026,9:35:07,Sukari(Kupima) - 50kg,,Viungo,0,0.3,"3,000.00",750,"2,360.00",590,160,,,,,,
4/26/2026,9:36:14,K-vant(L)- 750ML,,Vinywaji,6.204E+12,1,"12,000.00","12,000.00","9,574.67","9,574.67","2,425.33",,,,,,
4/26/2026,9:37:02,K-vant(L)- 750ML,,Vinywaji,6.204E+12,1,"12,000.00","12,000.00","9,574.67","9,574.67","2,425.33",,,,,,
4/26/2026,9:38:42,Pipi/Bigijii@50,,Vitamu,0,8,50,400,31.63,253.06,146.94,,,,,,
4/26/2026,10:02:06,Sembe-25kg,,Nafaka,0,0.5,"1,500.00",750,"1,180.00",590,160,,,,,,
4/26/2026,10:02:06,Mayai@Kizungu,,Viungo,0,6,350,"2,100.00",266.67,"1,600.00",500,,,,,,
4/26/2026,12:48:47,Mafuta/Kupikia-20L,,Viungo,0,1,"6,000.00","6,000.00","4,060.98","4,060.98","1,939.02",,,,,,
4/26/2026,12:48:47,Niceone-400g,,Usafi:Jumla,6.20302E+12,1,"1,000.00","1,000.00",837.5,837.5,162.5,,,,,,
4/26/2026,12:48:47,Pipi/Bigijii@50,,Vitamu,0,5,50,250,31.63,158.16,91.84,,,,,,
4/26/2026,12:48:47,Ngano-25kg,,Nafaka,0,1.3,"1,800.00","2,250.00","1,507.14","1,883.93",366.07,,,,,,
4/26/2026,12:48:47,Jambo:Bolibo-300ml,,Vinywaji,6.203E+12,1,600,600,428.57,428.57,171.43,,,,,,
4/26/2026,12:48:47,Double(KK)-200ml,,Vinywaji,6.20301E+12,1,"2,000.00","2,000.00","1,794.67","1,794.67",205.33,,,,,,
4/26/2026,15:26:38,K-vant(S)-250ML,,Vinywaji,6.203E+12,1,"4,500.00","4,500.00","3,340.74","3,340.74","1,159.26",,,,,,
4/26/2026,15:26:38,Winston(R),,Sigara & RIZLA,0,15,200,"3,000.00",130.53,"1,957.89","1,042.11",,,,,,
4/26/2026,16:29:01,Sembe-25kg,,Nafaka,0,0.3,"1,500.00",375,"1,180.00",295,80,,,,,,
4/26/2026,16:29:01,Pakiti/Ndimu-Unga,,Viungo,0,1,100,100,45.45,45.45,54.55,,,,,,
4/26/2026,16:29:01,Tambi-25kg (Kupima),,Nafaka,0,0.5,"2,800.00","1,400.00","2,140.00","1,070.00",330,,,,,,
4/26/2026,16:29:01,Mayai@Kizungu,,Viungo,0,5,350,"1,750.00",266.67,"1,333.33",416.67,,,,,,
4/26/2026,16:29:01,Winston(R),,Sigara & RIZLA,0,2.5,200,500,130.18,325.45,174.55,,,,,,
4/26/2026,16:29:01,Winston(R),,Sigara & RIZLA,0,2,200,400,130.53,261.05,138.95,,,,,,
4/26/2026,16:29:01,Nyota/Kali,,Sigara & RIZLA,0,2,150,300,85.48,170.96,129.04,,,,,,
4/26/2026,16:59:05,Winston(R),,Sigara & RIZLA,0,5,200,"1,000.00",130.53,652.63,347.37,,,,,,
4/26/2026,18:33:35,Winston(R),,Sigara & RIZLA,0,11.5,200,"2,300.00",130.53,"1,501.05",798.95,,,,,,
4/26/2026,18:33:35,Smart Gin-200ML,,Vinywaji,6.20301E+12,1,"2,000.00","2,000.00","1,744.28","1,744.28",255.72,,,,,,
4/26/2026,18:33:35,Pipi/Bigijii@100,,Vitamu,0,6,100,600,59.76,358.54,241.46,,,,,,
4/26/2026,18:33:35,Azam-Cola-300ML,,Vinywaji,6.20301E+12,1,600,600,423.55,423.55,176.45,,,,,,
4/26/2026,18:33:35,Sembe-25kg,,Nafaka,0,2,"1,500.00","3,000.00","1,180.00","2,360.00",640,,,,,,
4/26/2026,18:33:35,Sukari(Kupima) - 50kg,,Viungo,0,0.5,"3,000.00","1,500.00","2,360.00","1,180.00",320,,,,,,
4/26/2026,18:33:35,Niceone-180g,,Usafi:Jumla,6.20302E+12,1,500,500,417.5,417.5,82.5,,,,,,
4/26/2026,18:33:35,Nyota/Kali,,Sigara & RIZLA,0,7,150,"1,050.00",85.48,598.35,451.65,,,,,,
4/26/2026,18:33:35,Ngano-25kg,,Nafaka,0,0.3,"1,800.00",450,"1,507.14",376.79,73.21,,,,,,
4/26/2026,21:27:48,Mafuta/Kupikia-20L,,Viungo,0,0.5,"6,000.00","3,000.00","4,060.98","2,030.49",969.51,,,,,,
4/26/2026,21:27:48,Embassy,,Sigara & RIZLA,0,2,400,800,278.03,556.06,243.94,,,,,,
4/26/2026,21:27:48,Winston(R),,Sigara & RIZLA,0,12,200,"2,400.00",130.53,"1,566.32",833.68,,,,,,
4/26/2026,21:27:48,Jambo:Bolibo-300ml,,Vinywaji,6.203E+12,1,600,600,428.57,428.57,171.43,,,,,,
4/26/2026,21:27:48,Uhai(W)-1.6L,,Vinywaji,6.20301E+12,1,"1,000.00","1,000.00",498.15,498.15,501.85,,,,,,
4/26/2026,21:27:48,Sembe-25kg,,Nafaka,0,0.8,"1,500.00","1,125.00","1,180.00",885,240,,,,,,
4/26/2026,21:27:48,Pipi/Bigijii@100,,Vitamu,0,1,100,100,59.76,59.76,40.24,,,,,,
4/26/2026,21:27:48,Mosquito :COIL,,Afya,0,5,250,"1,250.00",140,700,550,,,,,,
4/26/2026,23:13:42,Mosquito :COIL,,Afya,0,4,250,"1,000.00",140,560,440,,,,,,
4/26/2026,23:13:42,Winston(R),,Sigara & RIZLA,0,5,200,"1,000.00",130.53,652.63,347.37,,,,,,
4/26/2026,23:13:42,Pipi/Bigijii@50,,Vitamu,0,2,50,100,31.63,63.27,36.73,,,,,,
4/26/2026,23:13:42,Jambo:Cocopine-300ml,,Vinywaji,6.203E+12,1,600,600,417.29,417.29,182.71,,,,,,
4/27/2026,9:40:16,Master(R),,Sigara & RIZLA,0,9,150,"1,350.00",104.65,941.88,408.13,,,,,,
4/27/2026,9:40:16,Winston(R),,Sigara & RIZLA,0,7.5,200,"1,500.00",130.53,978.95,521.05,,,,,,
4/27/2026,9:40:16,Pipi/Bigijii@50,,Vitamu,0,2,50,100,31.63,63.27,36.73,,,,,,
4/27/2026,9:40:16,Mayai@Kizungu,,Viungo,0,1,350,350,266.67,266.67,83.33,,,,,,
4/27/2026,9:40:16,Mafuta/Kupikia-20L,,Viungo,0,0.5,"6,000.00","3,000.00","4,060.98","2,030.49",969.51,,,,,,
4/27/2026,10:24:39,Winston(R),,Sigara & RIZLA,0,1,200,200,130.53,130.53,69.47,,,,,,
4/27/2026,10:24:39,Embassy,,Sigara & RIZLA,0,1,400,400,278.03,278.03,121.97,,,,,,
4/27/2026,10:24:39,Portsman,,Sigara & RIZLA,0,1,300,300,220.88,220.88,79.12,,,,,,
4/27/2026,13:02:24,Azam-Cola-300ML,,Vinywaji,6.20301E+12,3,600,"1,800.00",423.55,"1,270.65",529.35,,,,,,
4/27/2026,13:02:24,Sembe-25kg,,Nafaka,0,1.8,"1,500.00","2,625.00","1,180.00","2,065.00",560,,,,,,
4/27/2026,13:02:24,Kiwembe : Dorco,,Usafi:Binafsi,8.80104E+12,2,200,400,85,170,230,,,,,,
4/27/2026,13:02:24,Mafuta/Kupikia-20L,,Viungo,0,0.3,"6,000.00","1,500.00","4,060.98","1,015.24",484.76,,,,,,
4/27/2026,13:02:24,Smart Gin-200ML,,Vinywaji,6.20301E+12,1,"2,000.00","2,000.00","1,744.28","1,744.28",255.72,,,,,,
4/27/2026,13:02:24,Ngano-25kg,,Nafaka,0,0.3,"1,800.00",450,"1,507.14",376.79,73.21,,,,,,
4/27/2026,13:02:24,Mayai@Kizungu,,Viungo,0,6,350,"2,100.00",266.67,"1,600.00",500,,,,,,
4/27/2026,13:02:24,Jambo:Bolibo-300ml,,Vinywaji,6.203E+12,1,600,600,428.57,428.57,171.43,,,,,,
4/27/2026,13:02:24,Winston(R),,Sigara & RIZLA,0,1,200,200,130.53,130.53,69.47,,,,,,
4/27/2026,13:02:24,Pakiti/Ndimu-Unga,,Viungo,0,1,100,100,45.45,45.45,54.55,,,,,,
4/27/2026,13:02:24,Pakiti/Ajinomoto,,Viungo,0,1,100,100,42.86,42.86,57.14,,,,,,
4/27/2026,13:02:24,Double(KK)-200ml,,Vinywaji,6.20301E+12,0.5,"2,000.00","1,000.00","1,794.67",897.33,102.67,,,,,,
4/27/2026,13:32:59,Azam-Malt-300ML,,Vinywaji,6.00964E+12,1,600,600,496.79,496.79,103.21,,,,,,
4/27/2026,13:32:59,Azam-Punch-300ML,,Vinywaji,6.20301E+12,1,600,600,445.83,445.83,154.17,,,,,,
4/27/2026,13:32:59,Winston(R),,Sigara & RIZLA,0,4,200,800,130.53,522.11,277.89,,,,,,
4/27/2026,13:46:35,Master(R),,Sigara & RIZLA,0,1,150,150,104.65,104.65,45.35,,,,,,
4/27/2026,13:46:35,Smart Gin-200ML,,Vinywaji,6.20301E+12,1,"2,000.00","2,000.00","1,744.28","1,744.28",255.72,,,,,,
4/27/2026,16:42:47,Winston(R),,Sigara & RIZLA,0,9,200,"1,800.00",130.53,"1,174.74",625.26,,,,,,
4/27/2026,16:42:47,Smart Gin-200ML,,Vinywaji,6.20301E+12,3,"2,000.00","6,000.00","1,744.28","5,232.84",767.16,,,,,,
4/27/2026,16:42:47,Nyota/Kali,,Sigara & RIZLA,0,2,150,300,85.48,170.96,129.04,,,,,,
4/27/2026,16:42:47,Portsman,,Sigara & RIZLA,0,1,300,300,220.88,220.88,79.12,,,,,,
4/27/2026,16:42:47,Mafuta/Kupikia-20L,,Viungo,0,0.3,"6,000.00","1,500.00","4,060.98","1,015.24",484.76,,,,,,
4/27/2026,16:55:35,Nyota/Kali,,Sigara & RIZLA,0,2,150,300,85.48,170.96,129.04,,,,,,
4/27/2026,16:55:35,Winston(R),,Sigara & RIZLA,0,1,200,200,130.53,130.53,69.47,,,,,,
4/27/2026,19:20:45,Smart Gin-200ML,,Vinywaji,6.20301E+12,4,"2,000.00","8,000.00","1,744.28","6,977.11","1,022.89",,,,,,
4/27/2026,19:26:47,Saf-Instant-11g,,Viungo,0,1,500,500,333.33,333.33,166.67,,,,,,
4/27/2026,19:26:47,Mafuta/Kupikia-20L,,Viungo,0,1.8,"6,000.00","10,500.00","4,060.98","7,106.71","3,393.29",,,,,,
4/27/2026,19:26:47,Ngano-25kg,,Nafaka,0,1,"1,800.00","1,800.00","1,507.14","1,507.14",292.86,,,,,,
4/27/2026,19:26:47,Portsman,,Sigara & RIZLA,0,2,300,600,220.88,441.76,158.24,,,,,,
4/27/2026,19:26:47,Pipi/Bigijii@100,,Vitamu,0,5,100,500,59.76,298.78,201.22,,,,,,
4/27/2026,19:26:47,Uhai(W)-1L,,Vinywaji,6.20301E+12,1,700,700,417.49,417.49,282.51,,,,,,
4/27/2026,19:26:47,Smart Gin-200ML,,Vinywaji,6.20301E+12,3,"2,000.00","6,000.00","1,744.28","5,232.84",767.16,,,,,,
4/27/2026,19:26:47,Nyota/Kali,,Sigara & RIZLA,0,2,150,300,85.48,170.96,129.04,,,,,,
4/27/2026,19:26:47,Winston(R),,Sigara & RIZLA,0,15,200,"3,000.00",130.53,"1,957.89","1,042.11",,,,,,
4/27/2026,19:28:51,Sembe-25kg,,Nafaka,0,1,"1,500.00","1,500.00","1,180.00","1,180.00",320,,,,,,
4/27/2026,19:28:51,Embassy,,Sigara & RIZLA,0,1,400,400,278.03,278.03,121.97,,,,,,
4/27/2026,19:28:51,Double(KK)-200ml,,Vinywaji,6.20301E+12,0.5,"2,000.00","1,000.00","1,794.67",897.33,102.67,,,,,,
4/27/2026,19:43:31,Winston(R),,Sigara & RIZLA,0,2.5,200,500,130.53,326.32,173.68,,,,,,
4/27/2026,19:43:31,Mayai@Kizungu,,Viungo,0,6,350,"2,100.00",266.67,"1,600.00",500,,,,,,
4/27/2026,19:48:58,Double(KK)-200ml,,Vinywaji,6.20301E+12,0.5,"2,000.00","1,000.00","1,794.67",897.33,102.67,,,,,,
4/27/2026,19:48:58,Winston(R),,Sigara & RIZLA,0,2,200,400,130.53,261.05,138.95,,,,,,
4/27/2026,19:48:58,Winston(R),,Sigara & RIZLA,0,1,200,200,130.18,130.18,69.82,,,,,,
4/27/2026,19:57:18,Smart Gin-200ML,,Vinywaji,6.20301E+12,0.5,"2,000.00","1,000.00","1,744.28",872.14,127.86,,,,,,
4/27/2026,19:57:18,Winston(R),,Sigara & RIZLA,0,2.5,200,500,130.53,326.32,173.68,,,,,,
4/27/2026,19:57:18,Pipi/Bigijii@100,,Vitamu,0,4,100,400,59.76,239.02,160.98,,,,,,
4/27/2026,19:59:08,Smart Gin-200ML,,Vinywaji,6.20301E+12,2,"2,000.00","4,000.00","1,744.28","3,488.56",511.44,,,,,,
4/27/2026,20:34:32,Winston(R),,Sigara & RIZLA,0,7,200,"1,400.00",130.53,913.68,486.32,,,,,,
4/27/2026,20:34:32,Azam-Cola-300ML,,Vinywaji,6.20301E+12,1,600,600,423.55,423.55,176.45,,,,,,
4/27/2026,20:34:32,Pipi/Bigijii@100,,Vitamu,0,1,100,100,59.76,59.76,40.24,,,,,,
4/27/2026,20:34:32,Sukari(Kupima) - 50kg,,Viungo,0,1,"3,000.00","3,000.00","2,360.00","2,360.00",640,,,,,,
4/27/2026,20:34:32,Mirinda-600mL,,Vinywaji,6.2011E+12,1,"1,000.00","1,000.00",830.3,830.3,169.7,,,,,,
4/27/2026,22:01:08,Winston(R),,Sigara & RIZLA,0,12.5,200,"2,500.00",130.53,"1,631.58",868.42,,,,,,
4/27/2026,22:01:08,Azam-Cola-300ML,,Vinywaji,6.20301E+12,2,600,"1,200.00",423.55,847.1,352.9,,,,,,
4/27/2026,22:01:08,Pipi/Bigijii@100,,Vitamu,0,4,100,400,59.76,239.02,160.98,,,,,,
4/27/2026,22:01:08,Sukari(Kupima) - 50kg,,Viungo,0,1,"3,000.00","3,000.00","2,360.00","2,360.00",640,,,,,,
4/27/2026,22:01:08,Mirinda-600mL,,Vinywaji,6.2011E+12,1,"1,000.00","1,000.00",830.3,830.3,169.7,,,,,,
4/27/2026,22:01:08,Mafuta/Kupikia-20L,,Viungo,0,0.5,"6,000.00","3,000.00","4,060.98","2,030.49",969.51,,,,,,
4/27/2026,22:01:08,Mayai@Kizungu,,Viungo,0,1,350,350,266.67,266.67,83.33,,,,,,
4/27/2026,22:01:08,Embassy,,Sigara & RIZLA,0,1,400,400,278.03,278.03,121.97,,,,,,
4/27/2026,22:01:08,Nyota/Kali,,Sigara & RIZLA,0,2,150,300,85.48,170.96,129.04,,,,,,
4/27/2026,22:01:08,Mosquito :COIL,,Afya,0,3,250,750,140,420,330,,,,,,
4/27/2026,22:01:08,Portsman,,Sigara & RIZLA,0,1,300,300,220.88,220.88,79.12,,,,,,
4/27/2026,22:01:08,Smart Gin-200ML,,Vinywaji,6.20301E+12,0.5,"2,000.00","1,000.00","1,744.28",872.14,127.86,,,,,,
4/27/2026,22:46:30,Pipi/Bigijii@50,,Vitamu,0,4,50,200,31.63,126.53,73.47,,,,,,
4/27/2026,22:46:30,Azam-Malt-300ML,,Vinywaji,6.00964E+12,1,600,600,496.79,496.79,103.21,,,,,,
4/27/2026,22:46:30,Winston(R),,Sigara & RIZLA,0,3,200,600,130.53,391.58,208.42,,,,,,
4/27/2026,22:46:30,Mosquito :COIL,,Afya,0,1,250,250,140,140,110,,,,,,
4/27/2026,22:46:30,Mayai@Kizungu,,Viungo,0,4,350,"1,400.00",266.67,"1,066.67",333.33,,,,,,
4/27/2026,22:46:30,Ngano-25kg,,Nafaka,0,1.3,"1,800.00","2,250.00","1,507.14","1,883.93",366.07,,,,,,
4/27/2026,22:46:30,Embassy,,Sigara & RIZLA,0,1,400,400,278.03,278.03,121.97,,,,,,
4/27/2026,22:46:30,Jambo:Cocopine-300ml,,Vinywaji,6.203E+12,1,600,600,417.29,417.29,182.71,,,,,,
4/28/2026,11:46:35,Smart Gin-200ML,,Vinywaji,6.20301E+12,2,"2,000.00","4,000.00","1,744.28","3,488.56",511.44,,,,,,
4/28/2026,11:48:47,Smart Gin-200ML,,Vinywaji,6.20301E+12,2,"2,000.00","4,000.00","1,744.28","3,488.56",511.44,,,,,,
4/28/2026,11:48:47,Ngano-25kg,,Nafaka,0,1,"1,800.00","1,800.00","1,507.14","1,507.14",292.86,,,,,,
4/28/2026,11:48:47,Mafuta/Kupikia-20L,,Viungo,0,0.5,"6,000.00","3,000.00","4,060.98","2,030.49",969.51,,,,,,
4/28/2026,11:48:47,Winston(R),,Sigara & RIZLA,0,4.5,200,900,130.53,587.37,312.63,,,,,,
4/28/2026,12:45:37,Smart Gin-200ML,,Vinywaji,6.20301E+12,2,"2,000.00","4,000.00","1,744.28","3,488.56",511.44,,,,,,
4/28/2026,12:45:37,Ngano-25kg,,Nafaka,0,1,"1,800.00","1,800.00","1,507.14","1,507.14",292.86,,,,,,
4/28/2026,12:45:37,Mafuta/Kupikia-20L,,Viungo,0,0.8,"6,000.00","4,500.00","4,060.98","3,045.73","1,454.27",,,,,,
4/28/2026,12:45:37,Winston(R),,Sigara & RIZLA,0,6.5,200,"1,300.00",130.53,848.42,451.58,,,,,,
4/28/2026,12:45:37,Sukari(Kupima) - 50kg,,Viungo,0,0.3,"3,000.00",750,"2,360.00",590,160,,,,,,
4/28/2026,12:45:37,Embassy,,Sigara & RIZLA,0,2,400,800,278.03,556.06,243.94,,,,,,
4/28/2026,12:45:37,Azam-Malt-300ML,,Vinywaji,6.00964E+12,1,600,600,496.79,496.79,103.21,,,,,,
4/28/2026,13:11:18,Superblack-MDLSPA,,Usafi:Binafsi,0,2,"1,000.00","2,000.00",700,"1,400.00",600,,,,,,
4/28/2026,13:11:18,Pipi/Bigijii@100,,Vitamu,0,1,100,100,59.76,59.76,40.24,,,,,,
4/28/2026,13:11:18,Pipi/Bigijii@50,,Vitamu,0,7,50,350,31.63,221.43,128.57,,,,,,
4/28/2026,15:49:32,Sembe-25kg,,Nafaka,0,1,"1,500.00","1,500.00","1,180.00","1,180.00",320,,,,,,
4/28/2026,15:49:32,Pipi/Bigijii@50,,Vitamu,0,4,50,200,31.63,126.53,73.47,,,,,,
4/28/2026,15:49:32,Embassy,,Sigara & RIZLA,0,10,400,"4,000.00",278.03,"2,780.30","1,219.70",,,,,,
4/28/2026,15:49:32,Ngano-25kg,,Nafaka,0,1,"1,800.00","1,800.00","1,507.14","1,507.14",292.86,,,,,,
4/28/2026,15:49:32,Portsman,,Sigara & RIZLA,0,2,300,600,220.88,441.76,158.24,,,,,,
4/28/2026,17:19:13,Jambo:Lemon-300ml,,Vinywaji,0,1,600,600,433.33,433.33,166.67,,,,,,
4/28/2026,17:19:13,Pepsi : 350ml,,Vinywaji,0,1,700,700,500,500,200,,,,,,
4/28/2026,17:19:13,Mayai@Kizungu,,Viungo,0,9,350,"3,150.00",266.67,"2,400.00",750,,,,,,
4/28/2026,20:30:16,Nyota/Kali,,Sigara & RIZLA,0,3,150,450,85.48,256.43,193.57,,,,,,
4/28/2026,20:30:16,Double(KK)-200ml,,Vinywaji,6.20301E+12,0.5,"2,000.00","1,000.00","1,794.67",897.33,102.67,,,,,,
4/28/2026,20:30:16,Winston(R),,Sigara & RIZLA,0,28.5,200,"5,700.00",130.53,"3,720.00","1,980.00",,,,,,
4/28/2026,20:30:16,Master(K),,Sigara & RIZLA,0,1,150,150,100.76,100.76,49.24,,,,,,
4/28/2026,20:30:16,Master(R),,Sigara & RIZLA,0,8,150,"1,200.00",104.65,837.22,362.78,,,,,,
4/28/2026,20:30:16,Mafuta/Kupikia-20L,,Viungo,0,1.3,"6,000.00","7,500.00","4,060.98","5,076.22","2,423.78",,,,,,
4/28/2026,20:30:16,Jambo:Cocopine-300ml,,Vinywaji,6.203E+12,1,600,600,417.29,417.29,182.71,,,,,,
4/28/2026,20:30:16,Sembe-25kg,,Nafaka,0,2,"1,500.00","3,000.00","1,180.00","2,360.00",640,,,,,,
4/28/2026,20:30:16,Uhai(W)-1.6L,,Vinywaji,6.20301E+12,1,"1,000.00","1,000.00",498.15,498.15,501.85,,,,,,
4/28/2026,20:30:16,Pepsi : 600ML,,Vinywaji,6.2011E+12,3,"1,000.00","3,000.00",800,"2,400.00",600,,,,,,
4/28/2026,20:30:16,Sukari(Kupima) - 50kg,,Viungo,0,0.5,"3,000.00","1,500.00","2,360.00","1,180.00",320,,,,,,
4/28/2026,20:30:16,Smart Gin-200ML,,Vinywaji,6.20301E+12,1,"2,000.00","2,000.00","1,744.28","1,744.28",255.72,,,,,,
4/28/2026,20:31:07,Nyota/Kali,,Sigara & RIZLA,0,3,150,450,85.48,256.43,193.57,,,,,,
4/28/2026,20:31:07,Double(KK)-200ml,,Vinywaji,6.20301E+12,0.5,"2,000.00","1,000.00","1,794.67",897.33,102.67,,,,,,
4/28/2026,20:31:07,Winston(R),,Sigara & RIZLA,0,28.5,200,"5,700.00",130.53,"3,720.00","1,980.00",,,,,,
4/28/2026,20:31:07,Master(K),,Sigara & RIZLA,0,1,150,150,100.76,100.76,49.24,,,,,,
4/28/2026,20:31:07,Master(R),,Sigara & RIZLA,0,8,150,"1,200.00",104.65,837.22,362.78,,,,,,
4/28/2026,20:31:07,Mafuta/Kupikia-20L,,Viungo,0,1.3,"6,000.00","7,500.00","4,060.98","5,076.22","2,423.78",,,,,,
4/28/2026,20:31:07,Jambo:Cocopine-300ml,,Vinywaji,6.203E+12,1,600,600,417.29,417.29,182.71,,,,,,
4/28/2026,20:31:07,Sembe-25kg,,Nafaka,0,2,"1,500.00","3,000.00","1,180.00","2,360.00",640,,,,,,
4/28/2026,20:31:07,Uhai(W)-1.6L,,Vinywaji,6.20301E+12,1,"1,000.00","1,000.00",498.15,498.15,501.85,,,,,,
4/28/2026,20:31:07,Pepsi : 600ML,,Vinywaji,6.2011E+12,3,"1,000.00","3,000.00",800,"2,400.00",600,,,,,,
4/28/2026,20:31:07,Sukari(Kupima) - 50kg,,Viungo,0,0.5,"3,000.00","1,500.00","2,360.00","1,180.00",320,,,,,,
4/28/2026,20:31:07,Smart Gin-200ML,,Vinywaji,6.20301E+12,1,"2,000.00","2,000.00","1,744.28","1,744.28",255.72,,,,,,
4/28/2026,21:09:57,Mosquito :COIL,,Afya,0,4,250,"1,000.00",140,560,440,,,,,,
4/28/2026,21:09:57,Winston(R),,Sigara & RIZLA,0,1,200,200,130.53,130.53,69.47,,,,,,
4/28/2026,22:01:55,Mosquito :COIL,,Afya,0,4,250,"1,000.00",140,560,440,,,,,,
4/28/2026,22:01:55,Winston(R),,Sigara & RIZLA,0,1,200,200,130.53,130.53,69.47,,,,,,
4/28/2026,22:01:55,Portsman,,Sigara & RIZLA,0,1,300,300,220.88,220.88,79.12,,,,,,
4/28/2026,22:46:38,Mosquito :COIL,,Afya,0,6,250,"1,500.00",140,840,660,,,,,,
4/28/2026,22:46:38,Winston(R),,Sigara & RIZLA,0,1,200,200,130.53,130.53,69.47,,,,,,
4/28/2026,22:46:38,Portsman,,Sigara & RIZLA,0,1,300,300,220.88,220.88,79.12,,,,,,
4/28/2026,22:46:38,Tambi-25kg (Kupima),,Nafaka,0,0.5,"2,800.00","1,400.00","2,140.00","1,070.00",330,,,,,,
4/28/2026,22:46:38,Neel-Salt-200g,,Viungo,6.20301E+12,1,300,300,166.67,166.67,133.33,,,,,,
4/28/2026,22:46:38,Fanta-Passion : 350mL,,Vinywaji,0,1,800,800,558.33,558.33,241.67,,,,,,
4/28/2026,22:46:38,Ngano-25kg,,Nafaka,0,1.3,"1,800.00","2,250.00","1,507.14","1,883.93",366.07,,,,,,
4/28/2026,22:46:38,Mafuta/Kupikia-20L,,Viungo,0,0.3,"6,000.00","1,500.00","4,060.98","1,015.24",484.76,,,,,,
4/28/2026,22:46:38,Nyota/Kali,,Sigara & RIZLA,0,2,150,300,85.48,170.96,129.04,,,,,,
4/28/2026,23:12:50,UDI : STIKI,,Usafi:Binafsi,0,2,50,100,23.81,47.62,52.38,,,,,,
4/28/2026,23:12:50,Niceone-400g,,Usafi:Jumla,6.20302E+12,1,"1,000.00","1,000.00",837.5,837.5,162.5,,,,,,
4/29/2026,15:06:25,Sembe-25kg,,Nafaka,0,2,"1,500.00","3,000.00","1,180.00","2,360.00",640,,,,,,
4/29/2026,15:06:25,Winston(R),,Sigara & RIZLA,0,9,200,"1,800.00",130.53,"1,174.74",625.26,,,,,,
4/29/2026,15:06:25,Smart Gin-200ML,,Vinywaji,6.20301E+12,1,"2,000.00","2,000.00","1,744.28","1,744.28",255.72,,,,,,
4/29/2026,15:06:25,Jambo:Lemon-300ml,,Vinywaji,0,1,600,600,433.33,433.33,166.67,,,,,,
4/29/2026,15:06:25,Azam-Malt-300ML,,Vinywaji,6.00964E+12,1,600,600,496.79,496.79,103.21,,,,,,
4/29/2026,15:27:36,Master(K),,Sigara & RIZLA,0,6,150,900,100.76,604.58,295.42,,,,,,
4/29/2026,15:27:36,Pipi/Bigijii@100,,Vitamu,0,2,100,200,59.76,119.51,80.49,,,,,,
4/29/2026,15:27:36,Winston(R),,Sigara & RIZLA,0,7,200,"1,400.00",130.53,913.68,486.32,,,,,,
4/29/2026,15:27:36,Pipi/Bigijii@50,,Vitamu,0,6,50,300,31.63,189.8,110.2,,,,,,
4/29/2026,15:27:36,Niceone-180g,,Usafi:Jumla,6.20302E+12,1,500,500,417.5,417.5,82.5,,,,,,
4/29/2026,15:27:36,Mafuta/Kupikia-20L,,Viungo,0,0.3,"6,000.00","1,500.00","4,060.98","1,015.24",484.76,,,,,,
4/29/2026,15:27:36,Niceone-400g,,Usafi:Jumla,6.20302E+12,1,"1,000.00","1,000.00",837.5,837.5,162.5,,,,,,
4/29/2026,16:01:08,Master(R),,Sigara & RIZLA,0,10,150,"1,500.00",104.65,"1,046.53",453.47,,,,,,
4/29/2026,16:01:08,Double(KK)-200ml,,Vinywaji,6.20301E+12,1,"2,000.00","2,000.00","1,794.67","1,794.67",205.33,,,,,,
4/29/2026,16:01:08,Smart Gin-200ML,,Vinywaji,6.20301E+12,3,"2,000.00","6,000.00","1,744.28","5,232.84",767.16,,,,,,
4/29/2026,19:44:27,Mshumaa,,Jikoni,6.203E+12,1,500,500,277.78,277.78,222.22,,,,,,
4/29/2026,19:44:27,Nyota/Kali,,Sigara & RIZLA,0,2,150,300,85.48,170.96,129.04,,,,,,
4/29/2026,19:44:27,Winston(R),,Sigara & RIZLA,0,12.5,200,"2,500.00",130.53,"1,631.58",868.42,,,,,,
4/29/2026,19:44:27,Mafuta/Kupikia-20L,,Viungo,0,0.3,"6,000.00","1,500.00","4,060.98","1,015.24",484.76,,,,,,
4/29/2026,19:44:27,Sembe-25kg,,Nafaka,0,0.3,"1,500.00",375,"1,180.00",295,80,,,,,,
4/29/2026,19:44:27,Pakiti/Ajinomoto,,Viungo,0,1,100,100,42.86,42.86,57.14,,,,,,
4/29/2026,19:44:27,Jambo:Cocopine-300ml,,Vinywaji,6.203E+12,1,600,600,417.29,417.29,182.71,,,,,,
4/29/2026,19:44:27,Smart Gin-200ML,,Vinywaji,6.20301E+12,2,"2,000.00","4,000.00","1,744.28","3,488.56",511.44,,,,,,
4/29/2026,19:44:27,Pipi/Bigijii@100,,Vitamu,0,4,100,400,59.76,239.02,160.98,,,,,,
4/29/2026,19:44:27,K-vant(S)-250ML,,Vinywaji,6.203E+12,0.5,"4,500.00","2,250.00","3,340.74","1,670.37",579.63,,,,,,
4/29/2026,19:44:27,Azam-Malt-300ML,,Vinywaji,6.00964E+12,1,600,600,496.79,496.79,103.21,,,,,,
4/29/2026,19:44:27,Embassy,,Sigara & RIZLA,0,2,400,800,278.03,556.06,243.94,,,,,,
4/29/2026,19:46:42,Mshumaa,,Jikoni,6.203E+12,1,500,500,277.78,277.78,222.22,,,,,,
4/29/2026,19:46:42,Nyota/Kali,,Sigara & RIZLA,0,2,150,300,85.48,170.96,129.04,,,,,,
4/29/2026,19:46:42,Winston(R),,Sigara & RIZLA,0,12.5,200,"2,500.00",130.53,"1,631.58",868.42,,,,,,
4/29/2026,19:46:42,Mafuta/Kupikia-20L,,Viungo,0,0.3,"6,000.00","1,500.00","4,060.98","1,015.24",484.76,,,,,,
4/29/2026,19:46:42,Sembe-25kg,,Nafaka,0,0.3,"1,500.00",375,"1,180.00",295,80,,,,,,
4/29/2026,19:46:42,Pakiti/Ajinomoto,,Viungo,0,1,100,100,42.86,42.86,57.14,,,,,,
4/29/2026,19:46:42,Jambo:Cocopine-300ml,,Vinywaji,6.203E+12,1,600,600,417.29,417.29,182.71,,,,,,
4/29/2026,19:46:42,Smart Gin-200ML,,Vinywaji,6.20301E+12,2,"2,000.00","4,000.00","1,744.28","3,488.56",511.44,,,,,,
4/29/2026,19:46:42,Pipi/Bigijii@100,,Vitamu,0,4,100,400,59.76,239.02,160.98,,,,,,
4/29/2026,19:46:42,K-vant(S)-250ML,,Vinywaji,6.203E+12,0.5,"4,500.00","2,250.00","3,340.74","1,670.37",579.63,,,,,,
4/29/2026,19:46:42,Azam-Malt-300ML,,Vinywaji,6.00964E+12,1,600,600,496.79,496.79,103.21,,,,,,
4/29/2026,19:46:42,Embassy,,Sigara & RIZLA,0,2,400,800,278.03,556.06,243.94,,,,,,
4/29/2026,22:18:13,Pipi/Bigijii@50,,Vitamu,0,4,50,200,31.63,126.53,73.47,,,,,,
4/29/2026,22:18:13,Pipi/Bigijii@100,,Vitamu,0,3,100,300,59.76,179.27,120.73,,,,,,
4/29/2026,22:18:13,Double(KK)-200ml,,Vinywaji,6.20301E+12,1,"2,000.00","2,000.00","1,794.67","1,794.67",205.33,,,,,,
4/29/2026,22:18:13,Konyagi(S)- 200ML,,Vinywaji,6.20301E+12,1,"4,500.00","4,500.00","3,523.81","3,523.81",976.19,,,,,,
4/29/2026,22:18:13,Mosquito :COIL,,Afya,0,3,250,750,140,420,330,,,,,,
4/29/2026,22:18:13,Tressa :Shampoo - 10ML,,Usafi:Binafsi,6.20305E+12,1,200,200,125,125,75,,,,,,
4/29/2026,22:18:13,Jambo:Bolibo-300ml,,Vinywaji,6.203E+12,1,600,600,428.57,428.57,171.43,,,,,,
4/29/2026,22:18:13,Pepsi : 350ml,,Vinywaji,0,1,700,700,500,500,200,,,,,,
4/29/2026,23:25:43,K-vant(S)-250ML,,Vinywaji,6.203E+12,0.5,"4,500.00","2,250.00","3,340.74","1,670.37",579.63,,,,,,
4/29/2026,23:25:43,Azam-Malt-300ML,,Vinywaji,6.00964E+12,1,600,600,496.79,496.79,103.21,,,,,,
4/29/2026,23:25:43,Jambo:Cocopine-300ml,,Vinywaji,6.203E+12,2,600,"1,200.00",417.29,834.58,365.42,,,,,,
4/30/2026,15:48:55,Sembe-25kg,,Nafaka,0,1.5,"1,500.00","2,250.00","1,180.00","1,770.00",480,,,,,,
4/30/2026,15:48:55,Mafuta/Kupikia-20L,,Viungo,0,1,"6,000.00","6,000.00","4,060.98","4,060.98","1,939.02",,,,,,
4/30/2026,15:48:55,Azam-Cola-300ML,,Vinywaji,6.20301E+12,4,600,"2,400.00",423.55,"1,694.20",705.8,,,,,,
4/30/2026,15:48:55,Azam-Punch-300ML,,Vinywaji,6.20301E+12,1,600,600,445.83,445.83,154.17,,,,,,
4/30/2026,15:48:55,Jambo:Lemon-300ml,,Vinywaji,0,1,600,600,433.33,433.33,166.67,,,,,,
4/30/2026,15:48:55,Sukari(Kupima) - 50kg,,Viungo,0,0.3,"3,000.00",750,"2,360.00",590,160,,,,,,
4/30/2026,15:48:55,Winston(R),,Sigara & RIZLA,0,15,200,"3,000.00",130.53,"1,957.89","1,042.11",,,,,,
4/30/2026,15:48:55,Nyota/Kali,,Sigara & RIZLA,0,22,150,"3,300.00",85.48,"1,880.51","1,419.49",,,,,,
4/30/2026,15:48:55,Niceone-400g,,Usafi:Jumla,6.20302E+12,1,"1,000.00","1,000.00",837.5,837.5,162.5,,,,,,
4/30/2026,15:48:55,Winston(R),,Sigara & RIZLA,0,2,200,400,130.18,260.36,139.64,,,,,,
4/30/2026,15:48:55,Double(KK)-200ml,,Vinywaji,6.20301E+12,0.5,"2,000.00","1,000.00","1,794.67",897.33,102.67,,,,,,
4/30/2026,15:48:55,Jambo:Bolibo-300ml,,Vinywaji,6.203E+12,1,600,600,428.57,428.57,171.43,,,,,,
4/30/2026,17:39:18,Azam-Cola-300ML,,Vinywaji,6.20301E+12,1,600,600,423.55,423.55,176.45,,,,,,
4/30/2026,17:39:18,Uhai(W)-1.6L,,Vinywaji,6.20301E+12,1,"1,000.00","1,000.00",498.15,498.15,501.85,,,,,,
4/30/2026,17:39:18,Jambo:Lemon-300ml,,Vinywaji,0,1,600,600,433.33,433.33,166.67,,,,,,
4/30/2026,17:51:34,Mayai@Kizungu,,Viungo,0,9,350,"3,150.00",266.67,"2,400.00",750,,,,,,
4/30/2026,18:44:30,Neel-Salt-500g,,Viungo,6.20301E+12,1,500,500,287.5,287.5,212.5,,,,,,
4/30/2026,18:44:30,Mafuta/Kupikia-20L,,Viungo,0,1,"6,000.00","6,000.00","4,060.98","4,060.98","1,939.02",,,,,,
4/30/2026,18:44:30,Winston(R),,Sigara & RIZLA,0,36,200,"7,200.00",130.53,"4,698.95","2,501.05",,,,,,
4/30/2026,18:44:30,Portsman,,Sigara & RIZLA,0,1,300,300,220.88,220.88,79.12,,,,,,
4/30/2026,18:44:30,Sembe-25kg,,Nafaka,0,0.5,"1,500.00",750,"1,180.00",590,160,,,,,,
4/30/2026,18:44:30,Sukari(Kupima) - 50kg,,Viungo,0,0.3,"3,000.00",750,"2,360.00",590,160,,,,,,
4/30/2026,19:10:02,Winston(R),,Sigara & RIZLA,0,1,200,200,130.53,130.53,69.47,,,,,,
4/30/2026,19:10:02,Mayai@Kizungu,,Viungo,0,7,350,"2,450.00",266.67,"1,866.67",583.33,,,,,,
4/30/2026,19:10:02,Nyota/Kali,,Sigara & RIZLA,0,2,150,300,85.48,170.96,129.04,,,,,,
4/30/2026,23:03:44,Nyota/Kali,,Sigara & RIZLA,0,4,150,600,85.48,341.91,258.09,,,,,,
4/30/2026,23:03:44,Ngano-25kg,,Nafaka,0,1.5,"1,800.00","2,700.00","1,507.14","2,260.71",439.29,,,,,,
4/30/2026,23:03:44,Pipi/Bigijii@100,,Vitamu,0,8,100,800,59.76,478.05,321.95,,,,,,
4/30/2026,23:03:44,Jambo:Lemon-300ml,,Vinywaji,0,1,600,600,433.33,433.33,166.67,,,,,,
4/30/2026,23:03:44,Jambo:Cocopine-300ml,,Vinywaji,6.203E+12,1,600,600,417.29,417.29,182.71,,,,,,
4/30/2026,23:03:44,Mosquito :COIL,,Afya,0,3,250,750,140,420,330,,,,,,
4/30/2026,23:05:10,Superblack-MDLSPA,,Usafi:Binafsi,0,1,"1,000.00","1,000.00",700,700,300,,,,,,
5/1/2026,11:09:57,Jobo-200ML,,Vinywaji,6.20304E+12,0.5,"2,000.00","1,000.00","1,723.96",861.98,138.02,,,,,,
5/1/2026,11:09:57,Winston(R),,Sigara & RIZLA,0,2,200,400,130.53,261.05,138.95,,,,,,
5/1/2026,11:27:32,Uhai(W)-1L,,Vinywaji,6.20301E+12,1,600,600,417.49,417.49,182.51,,,,,,
5/1/2026,11:27:32,Winston(R),,Sigara & RIZLA,0,11,200,"2,200.00",130.53,"1,435.79",764.21,,,,,,
5/1/2026,11:36:35,Azam-Cola-300ML,,Vinywaji,6.20301E+12,1,600,600,423.55,423.55,176.45,,,,,,
5/1/2026,11:36:35,Sukari(Kupima) - 50kg,,Viungo,0,0.5,"3,000.00","1,500.00","2,360.00","1,180.00",320,,,,,,
5/1/2026,11:56:53,Smart Gin-200ML,,Vinywaji,6.20301E+12,1,"2,000.00","2,000.00","1,744.28","1,744.28",255.72,,,,,,
5/1/2026,12:03:57,Winston(R),,Sigara & RIZLA,0,1,200,200,130.53,130.53,69.47,,,,,,
5/1/2026,12:12:51,Azam-Cola-300ML,,Vinywaji,6.20301E+12,1,600,600,423.55,423.55,176.45,,,,,,
5/1/2026,12:12:51,Winston(R),,Sigara & RIZLA,0,6,200,"1,200.00",130.53,783.16,416.84,,,,,,
5/1/2026,12:12:51,Embassy,,Sigara & RIZLA,0,2,400,800,278.03,556.06,243.94,,,,,,
5/1/2026,15:59:13,Uhai(W)-1L,,Vinywaji,6.20301E+12,2,600,"1,200.00",417.49,834.98,365.02,,,,,,
5/1/2026,15:59:13,Sembe-25kg,,Nafaka,0,2.8,"1,500.00","4,125.00","1,180.00","3,245.00",880,,,,,,
5/1/2026,15:59:13,Jambo:Lemon-300ml,,Vinywaji,0,1,600,600,433.33,433.33,166.67,,,,,,
5/1/2026,15:59:13,Azam-Cola-300ML,,Vinywaji,6.20301E+12,1,600,600,423.55,423.55,176.45,,,,,,
5/1/2026,15:59:13,Tambi-25kg (Kupima),,Nafaka,0,1,"2,800.00","2,800.00","2,140.00","2,140.00",660,,,,,,
5/1/2026,15:59:13,Pipi/Bigijii@50,,Vitamu,0,13,50,650,31.63,411.22,238.78,,,,,,
5/1/2026,15:59:13,Mayai@Kizungu,,Viungo,0,4,350,"1,400.00",266.67,"1,066.67",333.33,,,,,,
5/1/2026,15:59:13,Mafuta/Kupikia-20L,,Viungo,0,1,"6,000.00","6,000.00","4,060.98","4,060.98","1,939.02",,,,,,
5/1/2026,15:59:13,Winston(R),,Sigara & RIZLA,0,10.5,200,"2,100.00",130.53,"1,370.53",729.47,,,,,,
5/1/2026,15:59:13,Winston(R),,Sigara & RIZLA,0,1,200,200,130.18,130.18,69.82,,,,,,
5/1/2026,18:53:33,Winston(R),,Sigara & RIZLA,0,10,200,"2,000.00",130.53,"1,305.26",694.74,,,,,,
5/1/2026,18:53:33,Azam-Punch-300ML,,Vinywaji,6.20301E+12,1,600,600,445.83,445.83,154.17,,,,,,
5/1/2026,18:53:33,Azam-Cola-300ML,,Vinywaji,6.20301E+12,1,600,600,423.55,423.55,176.45,,,,,,
5/1/2026,18:53:33,Fanta-Orange : 350mL,,Vinywaji,0,1,800,800,558.33,558.33,241.67,,,,,,
5/1/2026,18:53:33,Jambo:Lemon-300ml,,Vinywaji,0,1,600,600,433.33,433.33,166.67,,,,,,
5/1/2026,18:53:33,Mayai@Kizungu,,Viungo,0,1,350,350,266.67,266.67,83.33,,,,,,
5/1/2026,18:53:33,Double(KK)-200ml,,Vinywaji,6.20301E+12,0.5,"2,000.00","1,000.00","1,794.67",897.33,102.67,,,,,,
5/1/2026,18:57:21,Winston(R),,Sigara & RIZLA,0,10,200,"2,000.00",130.53,"1,305.26",694.74,,,,,,
5/1/2026,18:57:21,Azam-Punch-300ML,,Vinywaji,6.20301E+12,1,600,600,445.83,445.83,154.17,,,,,,
5/1/2026,18:57:21,Azam-Cola-300ML,,Vinywaji,6.20301E+12,1,600,600,423.55,423.55,176.45,,,,,,
5/1/2026,18:57:21,Fanta-Orange : 350mL,,Vinywaji,0,1,800,800,558.33,558.33,241.67,,,,,,
5/1/2026,18:57:21,Jambo:Lemon-300ml,,Vinywaji,0,1,600,600,433.33,433.33,166.67,,,,,,
5/1/2026,18:57:21,Mayai@Kizungu,,Viungo,0,1,350,350,266.67,266.67,83.33,,,,,,
5/1/2026,18:57:21,Double(KK)-200ml,,Vinywaji,6.20301E+12,0.5,"2,000.00","1,000.00","1,794.67",897.33,102.67,,,,,,
5/1/2026,19:06:43,Tambi-25kg (Kupima),,Nafaka,0,0.5,"2,800.00","1,400.00","2,140.00","1,070.00",330,,,,,,
5/1/2026,20:24:34,Winston(R),,Sigara & RIZLA,0,2.5,200,500,130.53,326.32,173.68,,,,,,
5/1/2026,20:24:34,Mafuta/Kupikia-20L,,Viungo,0,0.3,"6,000.00","1,500.00","4,060.98","1,015.24",484.76,,,,,,
5/1/2026,20:24:34,Pipi/Bigijii@50,,Vitamu,0,5,50,250,31.63,158.16,91.84,,,,,,
5/1/2026,20:24:34,Tambi-25kg (Kupima),,Nafaka,0,0.5,"2,800.00","1,400.00","2,140.00","1,070.00",330,,,,,,
5/1/2026,20:24:34,Smart Gin-200ML,,Vinywaji,6.20301E+12,1.5,"2,000.00","3,000.00","1,744.28","2,616.42",383.58,,,,,,
5/1/2026,20:24:34,Konyagi(S)- 200ML,,Vinywaji,6.20301E+12,1,"4,500.00","4,500.00","3,523.81","3,523.81",976.19,,,,,,
5/1/2026,20:24:34,Portsman,,Sigara & RIZLA,0,2,300,600,220.88,441.76,158.24,,,,,,
5/1/2026,20:29:32,Winston(R),,Sigara & RIZLA,0,1,200,200,130.53,130.53,69.47,,,,,,
5/1/2026,20:29:32,Pipi/Bigijii@100,,Vitamu,0,4,100,400,59.76,239.02,160.98,,,,,,
5/1/2026,23:13:16,Mosquito :COIL,,Afya,0,9,250,"2,250.00",140,"1,260.00",990,,,,,,
5/1/2026,23:13:16,K-vant(S)-250ML,,Vinywaji,6.203E+12,1,"4,500.00","4,500.00","3,340.74","3,340.74","1,159.26",,,,,,
5/1/2026,23:13:16,LED Bulb-5W,,Umeme/Ufundi,0,1,"1,500.00","1,500.00",721.79,721.79,778.21,,,,,,
5/1/2026,23:13:16,Smart Gin-200ML,,Vinywaji,6.20301E+12,0.5,"2,000.00","1,000.00","1,744.28",872.14,127.86,,,,,,
5/1/2026,23:13:16,K-vant(L)- 750ML,,Vinywaji,6.204E+12,1,"12,000.00","12,000.00","9,574.67","9,574.67","2,425.33",,,,,,
5/1/2026,23:13:16,Mayai@Kizungu,,Viungo,0,6,350,"2,100.00",266.67,"1,600.00",500,,,,,,
5/1/2026,23:13:16,Uhai(W)-1L,,Vinywaji,6.20301E+12,1,600,600,417.49,417.49,182.51,,,,,,
5/1/2026,23:13:16,Azam-Cola-300ML,,Vinywaji,6.20301E+12,1,600,600,423.55,423.55,176.45,,,,,,
5/1/2026,23:13:16,Jambo:Cocopine-300ml,,Vinywaji,6.203E+12,1,600,600,417.29,417.29,182.71,,,,,,
5/1/2026,23:17:33,Ngano-25kg,,Nafaka,0,1.5,"1,800.00","2,700.00","1,507.14","2,260.71",439.29,,,,,,
5/2/2026,20:03:02,Mafuta/Kupikia-20L,,Viungo,0,1.3,"6,000.00","7,500.00","4,060.98","5,076.22","2,423.78",,,,,,
5/2/2026,20:03:02,Pipi/Bigijii@50,,Vitamu,0,6,50,300,31.63,189.8,110.2,,,,,,
5/2/2026,20:03:02,Azam-Malt-300ML,,Vinywaji,6.00964E+12,1,600,600,496.79,496.79,103.21,,,,,,
5/2/2026,20:03:02,Uhai(W)-1L,,Vinywaji,6.20301E+12,1,600,600,417.49,417.49,182.51,,,,,,
5/2/2026,20:03:02,Ngano-25kg,,Nafaka,0,1,"1,800.00","1,800.00","1,507.14","1,507.14",292.86,,,,,,
5/2/2026,20:03:02,Sukari(Kupima) - 50kg,,Viungo,0,0.3,"3,000.00",750,"2,360.00",590,160,,,,,,
5/2/2026,20:03:02,Double(KK)-200ml,,Vinywaji,6.20301E+12,1,"2,000.00","2,000.00","1,794.67","1,794.67",205.33,,,,,,
5/2/2026,20:03:02,Mosquito :COIL,,Afya,0,2,250,500,140,280,220,,,,,,
5/2/2026,20:03:02,Winston(R),,Sigara & RIZLA,0,3,200,600,130.53,391.58,208.42,,,,,,
5/2/2026,20:03:02,Embassy,,Sigara & RIZLA,0,1,400,400,278.03,278.03,121.97,,,,,,
5/2/2026,20:52:51,Winston(R),,Sigara & RIZLA,0,4.5,200,900,130.53,587.37,312.63,,,,,,
5/2/2026,20:52:51,Jambo:Bolibo-300ml,,Vinywaji,6.203E+12,1,600,600,428.57,428.57,171.43,,,,,,
5/2/2026,21:22:03,Winston(R),,Sigara & RIZLA,0,1,200,200,130.53,130.53,69.47,,,,,,
5/2/2026,21:35:29,Embassy,,Sigara & RIZLA,0,1,400,400,278.03,278.03,121.97,,,,,,
5/2/2026,21:35:29,Winston(R),,Sigara & RIZLA,0,17,200,"3,400.00",130.53,"2,218.95","1,181.05",,,,,,
5/2/2026,21:35:29,Double(KK)-200ml,,Vinywaji,6.20301E+12,1,"2,000.00","2,000.00","1,794.67","1,794.67",205.33,,,,,,
5/2/2026,22:06:53,Nyota/Kali,,Sigara & RIZLA,0,24,150,"3,600.00",85.48,"2,051.47","1,548.53",,,,,,
5/2/2026,22:06:53,Mayai@Kizungu,,Viungo,0,3,350,"1,050.00",266.67,800,250,,,,,,
5/2/2026,22:06:53,Double(KK)-200ml,,Vinywaji,6.20301E+12,1,"2,000.00","2,000.00","1,794.67","1,794.67",205.33,,,,,,
5/2/2026,22:06:53,Winston(R),,Sigara & RIZLA,0,2.5,200,500,130.53,326.32,173.68,,,,,,
5/2/2026,22:12:19,Uhai(W)-1L,,Vinywaji,6.20301E+12,1,600,600,417.49,417.49,182.51,,,,,,
5/2/2026,22:12:19,Winston(R),,Sigara & RIZLA,0,2,200,400,130.53,261.05,138.95,,,,,,
5/2/2026,22:27:39,Paracetamol - 500mg,,Afya,0,30,50,"1,500.00",30,900,600,,,,,,
5/2/2026,22:27:39,Azam-Punch-300ML,,Vinywaji,6.20301E+12,1,600,600,445.83,445.83,154.17,,,,,,
5/2/2026,22:27:39,Sembe-25kg,,Nafaka,0,1,"1,500.00","1,500.00","1,180.00","1,180.00",320,,,,,,
5/2/2026,22:27:39,Embassy,,Sigara & RIZLA,0,1,400,400,278.03,278.03,121.97,,,,,,
5/2/2026,22:28:19,Mayai@Kizungu,,Viungo,0,2,350,700,266.67,533.33,166.67,,,,,,
5/2/2026,22:30:19,Nyota/Kali,,Sigara & RIZLA,0,2,150,300,85.48,170.96,129.04,,,,,,
5/2/2026,22:30:19,Winston(R),,Sigara & RIZLA,0,2,200,400,130.53,261.05,138.95,,,,,,
5/2/2026,22:55:26,Ngano-25kg,,Nafaka,0,1.8,"1,800.00","3,150.00","1,507.14","2,637.50",512.5,,,,,,
5/3/2026,13:57:59,Mafuta/Kupikia-20L,,Viungo,0,0.3,"6,000.00","1,500.00","4,060.98","1,015.24",484.76,,,,,,
5/3/2026,13:57:59,Azam-Malt-300ML,,Vinywaji,6.00964E+12,2,600,"1,200.00",496.79,993.59,206.41,,,,,,
5/3/2026,13:57:59,Tambi-25kg (Kupima),,Nafaka,0,1,"2,800.00","2,800.00","2,140.00","2,140.00",660,,,,,,
5/3/2026,13:57:59,Double(KK)-200ml,,Vinywaji,6.20301E+12,0.5,"2,000.00","1,000.00","1,794.67",897.33,102.67,,,,,,
5/3/2026,13:57:59,Winston(R),,Sigara & RIZLA,0,21,200,"4,200.00",130.53,"2,741.05","1,458.95",,,,,,
5/3/2026,13:57:59,K-vant(L)- 750ML,,Vinywaji,6.204E+12,1,"12,000.00","12,000.00","9,574.67","9,574.67","2,425.33",,,,,,
5/3/2026,15:07:50,Double(KK)-200ml,,Vinywaji,6.20301E+12,0.5,"2,000.00","1,000.00","1,794.67",897.33,102.67,,,,,,
5/3/2026,15:07:50,Winston(R),,Sigara & RIZLA,0,1,200,200,130.53,130.53,69.47,,,,,,
5/3/2026,15:07:50,Azam-Malt-300ML,,Vinywaji,6.00964E+12,1,600,600,496.79,496.79,103.21,,,,,,
5/3/2026,15:52:46,Double(KK)-200ml,,Vinywaji,6.20301E+12,1,"2,000.00","2,000.00","1,794.67","1,794.67",205.33,,,,,,
5/3/2026,15:52:46,Azam-Cola-300ML,,Vinywaji,6.20301E+12,1,600,600,423.55,423.55,176.45,,,,,,
5/3/2026,15:52:46,Sembe-25kg,,Nafaka,0,1,"1,500.00","1,500.00","1,180.00","1,180.00",320,,,,,,
5/3/2026,18:26:24,Sembe-25kg,,Nafaka,0,0.5,"1,500.00",750,"1,180.00",590,160,,,,,,
5/3/2026,18:26:24,Pipi/Bigijii@150,,Vitamu,0,3,150,450,100,300,150,,,,,,
5/3/2026,18:26:24,Pipi/Bigijii@100,,Vitamu,0,2,100,200,59.76,119.51,80.49,,,,,,
5/3/2026,18:26:24,Winston(R),,Sigara & RIZLA,0,2,200,400,130.53,261.05,138.95,,,,,,
5/3/2026,20:00:16,Sembe-25kg,,Nafaka,0,3,"1,500.00","4,500.00","1,180.00","3,540.00",960,,,,,,
5/3/2026,20:00:16,Pipi/Bigijii@150,,Vitamu,0,3,150,450,100,300,150,,,,,,
5/3/2026,20:00:16,Pipi/Bigijii@100,,Vitamu,0,2,100,200,59.76,119.51,80.49,,,,,,
5/3/2026,20:00:16,Winston(R),,Sigara & RIZLA,0,2,200,400,130.53,261.05,138.95,,,,,,
5/3/2026,20:00:16,Uhai(W)-1L,,Vinywaji,6.20301E+12,1,600,600,417.49,417.49,182.51,,,,,,
5/3/2026,20:33:24,Embassy,,Sigara & RIZLA,0,1,400,400,278.03,278.03,121.97,,,,,,
5/3/2026,20:33:24,Nyota/Kali,,Sigara & RIZLA,0,6,150,900,85.48,512.87,387.13,,,,,,
5/3/2026,20:33:24,Winston(R),,Sigara & RIZLA,0,10.5,200,"2,100.00",130.53,"1,370.53",729.47,,,,,,
5/3/2026,21:21:55,Pipi/Bigijii@100,,Vitamu,0,1,100,100,59.76,59.76,40.24,,,,,,
5/3/2026,21:21:55,Fanta-Orange : 350mL,,Vinywaji,0,1,800,800,558.33,558.33,241.67,,,,,,
5/3/2026,21:21:55,Winston(R),,Sigara & RIZLA,0,2.5,200,500,130.53,326.32,173.68,,,,,,
5/3/2026,21:21:55,Portsman,,Sigara & RIZLA,0,1,300,300,220.88,220.88,79.12,,,,,,
5/3/2026,21:21:55,Nyota/Kali,,Sigara & RIZLA,0,1,150,150,85.48,85.48,64.52,,,,,,
5/3/2026,21:21:55,Jambo:Bolibo-300ml,,Vinywaji,6.203E+12,1,600,600,428.57,428.57,171.43,,,,,,
5/3/2026,22:09:24,Mirinda-600mL,,Vinywaji,6.2011E+12,1,"1,000.00","1,000.00",830.3,830.3,169.7,,,,,,
5/3/2026,22:09:24,Nyota/Kali,,Sigara & RIZLA,0,2,150,300,85.48,170.96,129.04,,,,,,
5/3/2026,22:09:24,Winston(R),,Sigara & RIZLA,0,6,200,"1,200.00",130.53,783.16,416.84,,,,,,
5/3/2026,22:09:24,Double(KK)-200ml,,Vinywaji,6.20301E+12,1,"2,000.00","2,000.00","1,794.67","1,794.67",205.33,,,,,,
5/3/2026,22:35:58,Winston(R),,Sigara & RIZLA,0,1,200,200,130.53,130.53,69.47,,,,,,
5/3/2026,22:35:58,Mosquito :COIL,,Afya,0,1,250,250,140,140,110,,,,,,
5/3/2026,22:46:23,Azam-Cola-300ML,,Vinywaji,6.20301E+12,1,600,600,423.55,423.55,176.45,,,,,,
5/3/2026,22:46:23,Jambo:Bolibo-300ml,,Vinywaji,6.203E+12,1,600,600,428.57,428.57,171.43,,,,,,
5/3/2026,22:46:23,Ngano-25kg,,Nafaka,0,1.5,"1,800.00","2,700.00","1,507.14","2,260.71",439.29,,,,,,
5/3/2026,22:49:33,Jambo:Bolibo-300ml,,Vinywaji,6.203E+12,1,600,600,428.57,428.57,171.43,,,,,,
5/4/2026,9:50:57,Smart Gin-200ML,,Vinywaji,6.20301E+12,3,"2,000.00","6,000.00","1,744.28","5,232.84",767.16,,,,,,
5/4/2026,9:50:57,Mayai@Kizungu,,Viungo,0,3,350,"1,050.00",266.67,800,250,,,,,,
5/4/2026,9:50:57,Azam-Punch-300ML,,Vinywaji,6.20301E+12,1,600,600,445.83,445.83,154.17,,,,,,
5/4/2026,9:50:57,Jambo:Lemon-300ml,,Vinywaji,0,1,600,600,433.33,433.33,166.67,,,,,,
5/4/2026,9:50:57,Embassy,,Sigara & RIZLA,0,9,400,"3,600.00",278.03,"2,502.27","1,097.73",,,,,,
5/4/2026,13:33:45,Uhai(W)-1L,,Vinywaji,6.20301E+12,4,600,"2,400.00",417.49,"1,669.97",730.03,,,,,,
5/4/2026,13:33:45,Sembe-25kg,,Nafaka,0,0.5,"1,500.00",750,"1,180.00",590,160,,,,,,
5/4/2026,13:33:45,Nyota/Kali,,Sigara & RIZLA,0,1,150,150,85.48,85.48,64.52,,,,,,
5/4/2026,13:33:45,Mirinda-600mL,,Vinywaji,6.2011E+12,1,"1,000.00","1,000.00",830.3,830.3,169.7,,,,,,
5/4/2026,14:52:23,Azam-Malt-300ML,,Vinywaji,6.00964E+12,1,600,600,496.79,496.79,103.21,,,,,,
5/4/2026,14:52:23,Azam-Cola-300ML,,Vinywaji,6.20301E+12,2,600,"1,200.00",423.55,847.1,352.9,,,,,,
5/4/2026,14:52:23,Mayai@Kizungu,,Viungo,0,4,350,"1,400.00",266.67,"1,066.67",333.33,,,,,,
5/4/2026,15:34:39,Uhai(W)-1L,,Vinywaji,6.20301E+12,1,600,600,417.49,417.49,182.51,,,,,,
5/4/2026,15:34:39,Sembe-25kg,,Nafaka,0,0.5,"1,500.00",750,"1,180.00",590,160,,,,,,
5/4/2026,18:05:01,Winston(R),,Sigara & RIZLA,0,2,200,400,130.53,261.05,138.95,,,,,,
5/4/2026,18:05:01,Sembe-25kg,,Nafaka,0,0.8,"1,500.00","1,125.00","1,180.00",885,240,,,,,,
5/4/2026,18:05:01,Pipi/Bigijii@50,,Vitamu,0,3,50,150,31.63,94.9,55.1,,,,,,
5/4/2026,18:05:01,Azam-Malt-300ML,,Vinywaji,6.00964E+12,1,600,600,496.79,496.79,103.21,,,,,,
5/4/2026,18:05:01,Ngano-25kg,,Nafaka,0,1,"1,800.00","1,800.00","1,507.14","1,507.14",292.86,,,,,,
5/4/2026,18:05:01,Sukari(Kupima) - 50kg,,Viungo,0,0.3,"3,000.00",750,"2,360.00",590,160,,,,,,
5/4/2026,18:05:01,Mafuta/Kupikia-20L,,Viungo,0,1,"6,000.00","6,000.00","4,060.98","4,060.98","1,939.02",,,,,,
5/4/2026,18:48:37,Sembe-25kg,,Nafaka,0,1,"1,500.00","1,500.00","1,180.00","1,180.00",320,,,,,,
5/4/2026,18:48:37,Mayai@Kizungu,,Viungo,0,4,350,"1,400.00",266.67,"1,066.67",333.33,,,,,,
5/4/2026,18:48:37,Jobo-200ML,,Vinywaji,6.20304E+12,0.5,"2,000.00","1,000.00","1,723.96",861.98,138.02,,,,,,
5/4/2026,20:35:19,Master(R),,Sigara & RIZLA,0,3,150,450,104.65,313.96,136.04,,,,,,
5/4/2026,20:35:19,Smart Gin-200ML,,Vinywaji,6.20301E+12,0.5,"2,000.00","1,000.00","1,744.28",872.14,127.86,,,,,,
5/4/2026,20:35:19,Pipi/Bigijii@100,,Vitamu,0,2,100,200,59.76,119.51,80.49,,,,,,
5/4/2026,20:35:19,Embassy,,Sigara & RIZLA,0,1,400,400,278.03,278.03,121.97,,,,,,
5/4/2026,20:35:19,Mafuta/Kupikia-20L,,Viungo,0,0.3,"6,000.00","1,500.00","4,060.98","1,015.24",484.76,,,,,,
5/4/2026,20:43:01,K-vant(S)-250ML,,Vinywaji,6.203E+12,1,"4,500.00","4,500.00","3,340.74","3,340.74","1,159.26",,,,,,
5/4/2026,21:16:25,Uhai(W)-1.6L,,Vinywaji,6.20301E+12,1,800,800,498.15,498.15,301.85,,,,,,
5/4/2026,21:16:25,Smart Gin-200ML,,Vinywaji,6.20301E+12,0.5,"2,000.00","1,000.00","1,744.28",872.14,127.86,,,,,,
5/4/2026,21:16:25,Sembe-25kg,,Nafaka,0,1.5,"1,500.00","2,250.00","1,180.00","1,770.00",480,,,,,,
5/4/2026,21:16:25,Winston(R),,Sigara & RIZLA,0,10,200,"2,000.00",130.53,"1,305.26",694.74,,,,,,
5/4/2026,22:25:18,Smart Gin-200ML,,Vinywaji,6.20301E+12,3,"2,000.00","6,000.00","1,744.28","5,232.84",767.16,,,,,,
5/4/2026,22:25:18,Embassy,,Sigara & RIZLA,0,1,400,400,278.03,278.03,121.97,,,,,,
5/4/2026,22:25:18,K-vant(L)- 750ML,,Vinywaji,6.204E+12,1,"12,000.00","12,000.00","9,574.67","9,574.67","2,425.33",,,,,,
5/4/2026,22:45:03,Winston(R),,Sigara & RIZLA,0,16,200,"3,200.00",130.53,"2,088.42","1,111.58",,,,,,
5/4/2026,22:45:03,Smart Gin-200ML,,Vinywaji,6.20301E+12,5,"2,000.00","10,000.00","1,744.28","8,721.39","1,278.61",,,,,,
5/4/2026,22:45:49,Winston(R),,Sigara & RIZLA,0,16,200,"3,200.00",130.53,"2,088.42","1,111.58",,,,,,
5/4/2026,22:45:49,Smart Gin-200ML,,Vinywaji,6.20301E+12,5,"2,000.00","10,000.00","1,744.28","8,721.39","1,278.61",,,,,,
5/4/2026,23:05:53,UDI : STIKI,,Usafi:Binafsi,0,2,50,100,23.81,47.62,52.38,,,,,,
5/4/2026,23:05:53,Ngano-25kg,,Nafaka,0,1.5,"1,800.00","2,700.00","1,507.14","2,260.71",439.29,,,,,,
5/5/2026,9:04:20,Jambo:Bolibo-300ml,,Vinywaji,6.203E+12,1,600,600,428.57,428.57,171.43,,,,,,
5/5/2026,9:04:20,K-vant(L)- 750ML,,Vinywaji,6.204E+12,1,"12,000.00","12,000.00","9,574.67","9,574.67","2,425.33",,,,,,
5/5/2026,9:04:20,Uhai(W)-1.6L,,Vinywaji,6.20301E+12,1,800,800,498.15,498.15,301.85,,,,,,
5/5/2026,9:04:20,Uhai(W)-1L,,Vinywaji,6.20301E+12,1,600,600,417.49,417.49,182.51,,,,,,
5/5/2026,9:04:20,Winston(R),,Sigara & RIZLA,0,8.5,200,"1,700.00",130.53,"1,109.47",590.53,,,,,,
5/5/2026,12:26:41,Smart Gin-200ML,,Vinywaji,6.20301E+12,2,"2,000.00","4,000.00","1,744.28","3,488.56",511.44,,,,,,
5/5/2026,12:57:13,Niceone-180g,,Usafi:Jumla,6.20302E+12,2,500,"1,000.00",417.5,835,165,,,,,,
5/5/2026,12:57:13,Azam-Cola-300ML,,Vinywaji,6.20301E+12,1,600,600,423.55,423.55,176.45,,,,,,
5/5/2026,12:57:13,Sembe-25kg,,Nafaka,0,4,"1,500.00","6,000.00","1,180.00","4,720.00","1,280.00",,,,,,
5/5/2026,12:57:13,Azam-Punch-300ML,,Vinywaji,6.20301E+12,2,600,"1,200.00",445.83,891.67,308.33,,,,,,
5/5/2026,12:57:13,Mirinda-Black : 350ml,,Vinywaji,0,1,700,700,500,500,200,,,,,,
5/5/2026,15:49:15,Sembe-25kg,,Nafaka,0,0.3,"1,500.00",375,"1,180.00",295,80,,,,,,
5/5/2026,15:49:15,Uhai(W)-1L,,Vinywaji,6.20301E+12,1,600,600,417.49,417.49,182.51,,,,,,
5/5/2026,15:49:15,Mayai@Kizungu,,Viungo,0,10,350,"3,500.00",266.67,"2,666.67",833.33,,,,,,
5/5/2026,15:49:15,Portsman,,Sigara & RIZLA,0,1,300,300,220.88,220.88,79.12,,,,,,
5/5/2026,15:49:15,Winston(R),,Sigara & RIZLA,0,1,200,200,130.53,130.53,69.47,,,,,,
5/5/2026,15:49:15,Azam-Cola-300ML,,Vinywaji,6.20301E+12,1,600,600,423.55,423.55,176.45,,,,,,
5/5/2026,16:58:31,Smart Gin-200ML,,Vinywaji,6.20301E+12,1,"2,000.00","2,000.00","1,744.28","1,744.28",255.72,,,,,,
5/5/2026,18:03:04,Azam-Malt-300ML,,Vinywaji,6.00964E+12,1,600,600,496.79,496.79,103.21,,,,,,
5/5/2026,18:10:08,Winston(R),,Sigara & RIZLA,0,10,200,"2,000.00",130.53,"1,305.26",694.74,,,,,,
5/5/2026,18:10:08,Embassy,,Sigara & RIZLA,0,5,400,"2,000.00",278.03,"1,390.15",609.85,,,,,,
5/5/2026,18:10:08,Nyota/Kali,,Sigara & RIZLA,0,9,150,"1,350.00",85.48,769.3,580.7,,,,,,
5/5/2026,18:10:08,Winston(R),,Sigara & RIZLA,0,7.5,200,"1,500.00",130.18,976.34,523.66,,,,,,
5/5/2026,18:10:08,Master(R),,Sigara & RIZLA,0,3,150,450,104.65,313.96,136.04,,,,,,
5/5/2026,18:10:08,Master(K),,Sigara & RIZLA,0,7,150,"1,050.00",100.76,705.34,344.66,,,,,,
5/5/2026,18:10:08,Tressa :Shampoo - 10ML,,Usafi:Binafsi,6.20305E+12,2,200,400,125,250,150,,,,,,
5/5/2026,18:15:55,Pipi/Bigijii@50,,Vitamu,0,12,50,600,31.63,379.59,220.41,,,,,,
5/5/2026,18:23:50,UDI : STIKI,,Usafi:Binafsi,0,4,50,200,23.81,95.24,104.76,,,,,,
5/5/2026,18:42:52,Mafuta/Kupikia-20L,,Viungo,0,0.5,"6,000.00","3,000.00","4,060.98","2,030.49",969.51,,,,,,
5/5/2026,19:17:11,Sembe-25kg,,Nafaka,0,1,"1,500.00","1,500.00","1,180.00","1,180.00",320,,,,,,
5/5/2026,19:17:11,Mshumaa,,Jikoni,6.203E+12,1,500,500,277.78,277.78,222.22,,,,,,
5/5/2026,19:26:29,Nyota/Kali,,Sigara & RIZLA,0,3,150,450,85.48,256.43,193.57,,,,,,
5/5/2026,19:26:29,Winston(R),,Sigara & RIZLA,0,1,200,200,130.53,130.53,69.47,,,,,,
5/5/2026,19:52:55,Azam-Malt-300ML,,Vinywaji,6.00964E+12,2,600,"1,200.00",496.79,993.59,206.41,,,,,,
5/5/2026,19:52:55,Jambo:Bolibo-300ml,,Vinywaji,6.203E+12,1,600,600,428.57,428.57,171.43,,,,,,
5/5/2026,19:52:55,Smart Gin-200ML,,Vinywaji,6.20301E+12,0.5,"2,000.00","1,000.00","1,744.28",872.14,127.86,,,,,,
5/5/2026,19:52:55,Azam-Cola-300ML,,Vinywaji,6.20301E+12,1,600,600,423.55,423.55,176.45,,,,,,
5/5/2026,19:52:55,Master(R),,Sigara & RIZLA,0,1,150,150,104.65,104.65,45.35,,,,,,
5/5/2026,19:52:55,Winston(R),,Sigara & RIZLA,0,2.5,200,500,130.53,326.32,173.68,,,,,,
5/5/2026,19:52:55,Jambo:Lemon-300ml,,Vinywaji,0,1,600,600,433.33,433.33,166.67,,,,,,
5/5/2026,20:10:47,Pakiti/Ajinomoto,,Viungo,0,1,100,100,42.86,42.86,57.14,,,,,,
5/5/2026,20:10:47,Niceone-400g,,Usafi:Jumla,6.20302E+12,5,"1,000.00","5,000.00",837.5,"4,187.50",812.5,,,,,,
5/5/2026,20:10:47,Niceone-180g,,Usafi:Jumla,6.20302E+12,8,500,"4,000.00",417.5,"3,340.00",660,,,,,,
5/5/2026,20:10:47,Kiwembe : Dorco,,Usafi:Binafsi,8.80104E+12,1,200,200,85,85,115,,,,,,
5/5/2026,20:10:47,UDI : STIKI,,Usafi:Binafsi,0,2,50,100,23.81,47.62,52.38,,,,,,
5/5/2026,21:02:58,Smart Gin-200ML,,Vinywaji,6.20301E+12,0.5,"2,000.00","1,000.00","1,744.28",872.14,127.86,,,,,,
5/5/2026,21:02:58,Winston(R),,Sigara & RIZLA,0,5.5,200,"1,100.00",130.53,717.89,382.11,,,,,,
5/5/2026,21:02:58,Mirinda-600mL,,Vinywaji,6.2011E+12,1,"1,000.00","1,000.00",830.3,830.3,169.7,,,,,,
5/5/2026,21:02:58,Winston(R),,Sigara & RIZLA,0,2.5,200,500,130.18,325.45,174.55,,,,,,
5/5/2026,21:02:58,Pipi/Bigijii@100,,Vitamu,0,2,100,200,59.76,119.51,80.49,,,,,,
5/5/2026,21:02:58,Azam-Malt-300ML,,Vinywaji,6.00964E+12,1,600,600,496.79,496.79,103.21,,,,,,
5/5/2026,21:20:41,Winston(R),,Sigara & RIZLA,0,2,200,400,130.53,261.05,138.95,,,,,,
5/5/2026,21:20:41,Pipi/Bigijii@100,,Vitamu,0,1,100,100,59.76,59.76,40.24,,,,,,
5/5/2026,21:20:41,Nyota/Kali,,Sigara & RIZLA,0,3,150,450,85.48,256.43,193.57,,,,,,
5/5/2026,21:53:35,Mayai@Kizungu,,Viungo,0,3,350,"1,050.00",266.67,800,250,,,,,,
5/5/2026,21:53:35,Smart Gin-200ML,,Vinywaji,6.20301E+12,1,"2,000.00","2,000.00","1,744.28","1,744.28",255.72,,,,,,
5/5/2026,22:30:21,Ngano-25kg,,Nafaka,0,1.5,"1,800.00","2,700.00","1,507.14","2,260.71",439.29,,,,,,
5/5/2026,22:30:21,Pipi/Bigijii@100,,Vitamu,0,4,100,400,59.76,239.02,160.98,,,,,,
5/5/2026,22:51:17,Ngano-25kg,,Nafaka,0,1.5,"1,800.00","2,700.00","1,507.14","2,260.71",439.29,,,,,,
5/5/2026,22:51:17,Pipi/Bigijii@100,,Vitamu,0,4,100,400,59.76,239.02,160.98,,,,,,
5/6/2026,12:22:05,Mafuta/Kupikia-20L,,Viungo,0,0.3,"6,000.00","1,500.00","4,060.98","1,015.24",484.76,,,,,,
5/6/2026,12:22:05,Jambo:Lemon-300ml,,Vinywaji,0,1,600,600,433.33,433.33,166.67,,,,,,
5/6/2026,12:22:05,Pepsi : 350ml,,Vinywaji,0,1,700,700,500,500,200,,,,,,
5/6/2026,12:22:05,Cocacola : 350mL,,Vinywaji,0,1,800,800,558.3,558.3,241.7,,,,,,
5/6/2026,12:22:05,Winston(R),,Sigara & RIZLA,0,5,200,"1,000.00",130.53,652.63,347.37,,,,,,
5/6/2026,12:22:05,Embassy,,Sigara & RIZLA,0,1,400,400,278.03,278.03,121.97,,,,,,
5/6/2026,13:20:19,Smart Gin-200ML,,Vinywaji,6.20301E+12,1,"2,000.00","2,000.00","1,744.28","1,744.28",255.72,,,,,,
5/6/2026,15:43:34,Azam-Cola-300ML,,Vinywaji,6.20301E+12,2,600,"1,200.00",423.55,847.1,352.9,,,,,,
5/6/2026,15:43:34,Winston(R),,Sigara & RIZLA,0,1,200,200,130.53,130.53,69.47,,,,,,
5/6/2026,15:43:34,Azam-Punch-300ML,,Vinywaji,6.20301E+12,1,600,600,445.83,445.83,154.17,,,,,,
5/6/2026,15:43:34,Embassy,,Sigara & RIZLA,0,2,400,800,278.03,556.06,243.94,,,,,,
5/6/2026,15:58:17,Jambo:Lemon-300ml,,Vinywaji,0,1,600,600,433.33,433.33,166.67,,,,,,
5/6/2026,15:58:17,Pepsi : 600ML,,Vinywaji,6.2011E+12,1,"1,000.00","1,000.00",800,800,200,,,,,,
5/6/2026,15:58:17,Pepsi : 350ml,,Vinywaji,0,1,700,700,500,500,200,,,,,,
5/6/2026,15:58:17,Cocacola : 350mL,,Vinywaji,0,1,800,800,558.3,558.3,241.7,,,,,,
5/6/2026,15:58:17,Azam-Cola-300ML,,Vinywaji,6.20301E+12,2,600,"1,200.00",423.55,847.1,352.9,,,,,,
5/6/2026,15:58:17,Sembe-25kg,,Nafaka,0,0.5,"1,500.00",750,"1,180.00",590,160,,,,,,
5/6/2026,15:58:17,Mayai@Kizungu,,Viungo,0,3,350,"1,050.00",266.67,800,250,,,,,,
5/6/2026,19:58:05,Mafuta/Kupikia-20L,,Viungo,0,1,"6,000.00","6,000.00","4,060.98","4,060.98","1,939.02",,,,,,
5/6/2026,19:58:05,Sukari(Kupima) - 50kg,,Viungo,0,1,"3,000.00","3,000.00","2,360.00","2,360.00",640,,,,,,
5/6/2026,19:58:05,Sembe-25kg,,Nafaka,0,1,"1,500.00","1,500.00","1,180.00","1,180.00",320,,,,,,
5/6/2026,19:58:05,Azam-Cola-300ML,,Vinywaji,6.20301E+12,1,600,600,423.55,423.55,176.45,,,,,,
5/6/2026,19:58:05,Fanta-Orange : 350mL,,Vinywaji,0,1,800,800,558.33,558.33,241.67,,,,,,
5/6/2026,19:58:05,K-vant(L)- 750ML,,Vinywaji,6.204E+12,1,"12,000.00","12,000.00","9,574.67","9,574.67","2,425.33",,,,,,
5/6/2026,19:59:23,Smart Gin-200ML,,Vinywaji,6.20301E+12,4,"2,000.00","8,000.00","1,744.28","6,977.11","1,022.89",,,,,,
5/6/2026,20:04:09,Smart Gin-200ML,,Vinywaji,6.20301E+12,1,"2,000.00","2,000.00","1,744.28","1,744.28",255.72,,,,,,
5/6/2026,20:41:17,Pipi/Bigijii@50,,Vitamu,0,6,50,300,31.63,189.8,110.2,,,,,,
5/6/2026,20:41:17,Pipi/Bigijii@100,,Vitamu,0,2,100,200,59.76,119.51,80.49,,,,,,
5/6/2026,20:41:17,Winston(R),,Sigara & RIZLA,0,13.5,200,"2,700.00",130.53,"1,762.11",937.89,,,,,,
5/6/2026,20:41:17,Embassy,,Sigara & RIZLA,0,2,400,800,278.03,556.06,243.94,,,,,,
5/6/2026,20:41:17,Jambo:Bolibo-300ml,,Vinywaji,6.203E+12,1,600,600,428.57,428.57,171.43,,,,,,
5/6/2026,20:41:17,Smart Gin-200ML,,Vinywaji,6.20301E+12,0.5,"2,000.00","1,000.00","1,744.28",872.14,127.86,,,,,,
5/6/2026,20:41:17,Mirinda-600mL,,Vinywaji,6.2011E+12,1,"1,000.00","1,000.00",830.3,830.3,169.7,,,,,,
5/6/2026,20:41:17,Uhai(W)-1.6L,,Vinywaji,6.20301E+12,2,800,"1,600.00",498.15,996.3,603.7,,,,,,
5/6/2026,20:41:17,Nyota/Kali,,Sigara & RIZLA,0,24,150,"3,600.00",85.48,"2,051.47","1,548.53",,,,,,
5/6/2026,20:41:17,Niceone-180g,,Usafi:Jumla,6.20302E+12,1,500,500,417.5,417.5,82.5,,,,,,
5/6/2026,20:52:28,Nyota/Kali,,Sigara & RIZLA,0,1,150,150,85.48,85.48,64.52,,,,,,
5/6/2026,20:52:28,Winston(R),,Sigara & RIZLA,0,26,200,"5,200.00",130.53,"3,393.68","1,806.32",,,,,,
5/6/2026,21:06:56,Winston(R),,Sigara & RIZLA,0,2.5,200,500,130.53,326.32,173.68,,,,,,
5/6/2026,21:06:56,Smart Gin-200ML,,Vinywaji,6.20301E+12,3,"2,000.00","6,000.00","1,744.28","5,232.84",767.16,,,,,,
5/6/2026,21:28:42,Smart Gin-200ML,,Vinywaji,6.20301E+12,4,"2,000.00","8,000.00","1,744.28","6,977.11","1,022.89",,,,,,
5/6/2026,21:28:42,Winston(R),,Sigara & RIZLA,0,4,200,800,130.53,522.11,277.89,,,,,,
5/6/2026,21:28:42,Nyota/Kali,,Sigara & RIZLA,0,1,150,150,85.48,85.48,64.52,,,,,,
5/6/2026,22:19:23,Master(R),,Sigara & RIZLA,0,3,150,450,104.65,313.96,136.04,,,,,,
5/6/2026,22:19:23,Uhai(W)-1L,,Vinywaji,6.20301E+12,2,600,"1,200.00",417.49,834.98,365.02,,,,,,
5/6/2026,22:19:23,Niceone-400g,,Usafi:Jumla,6.20302E+12,1,"1,000.00","1,000.00",837.5,837.5,162.5,,,,,,
5/6/2026,22:19:23,Sembe-25kg,,Nafaka,0,1,"1,500.00","1,500.00","1,180.00","1,180.00",320,,,,,,
5/6/2026,22:19:23,Paracetamol - 500mg,,Afya,0,6,50,300,30,180,120,,,,,,
5/6/2026,22:34:29,Ngano-25kg,,Nafaka,0,1.5,"1,800.00","2,700.00","1,507.14","2,260.71",439.29,,,,,,
5/6/2026,22:45:57,Smart Gin-200ML,,Vinywaji,6.20301E+12,1,"2,000.00","2,000.00","1,744.28","1,744.28",255.72,,,,,,
5/7/2026,9:13:21,Sukari(Kupima) - 50kg,,Viungo,0,0.5,"3,000.00","1,500.00","2,360.00","1,180.00",320,,,,,,
5/7/2026,9:13:21,Mafuta/Kupikia-20L,,Viungo,0,0.5,"6,000.00","3,000.00","4,060.98","2,030.49",969.51,,,,,,
5/7/2026,9:13:21,Tambi-25kg (Kupima),,Nafaka,0,1,"2,800.00","2,800.00","2,140.00","2,140.00",660,,,,,,
5/7/2026,9:13:21,Ngano-25kg,,Nafaka,0,0.5,"1,800.00",900,"1,507.14",753.57,146.43,,,,,,
5/7/2026,9:13:21,Neel-Salt-500g,,Viungo,6.20301E+12,1,500,500,287.5,287.5,212.5,,,,,,
5/7/2026,9:13:21,Niceone-180g,,Usafi:Jumla,6.20302E+12,2,500,"1,000.00",417.5,835,165,,,,,,
5/7/2026,9:13:21,Smart Gin-200ML,,Vinywaji,6.20301E+12,0.5,"2,000.00","1,000.00","1,744.28",872.14,127.86,,,,,,
5/7/2026,9:13:21,Winston(R),,Sigara & RIZLA,0,33,200,"6,600.00",130.53,"4,307.37","2,292.63",,,,,,
5/7/2026,9:13:21,Niceone-400g,,Usafi:Jumla,6.20302E+12,1,"1,000.00","1,000.00",837.5,837.5,162.5,,,,,,
5/7/2026,9:13:21,Portsman,,Sigara & RIZLA,0,2,300,600,220.88,441.76,158.24,,,,,,
5/7/2026,10:04:22,Tressa :Shampoo - 10ML,,Usafi:Binafsi,6.20305E+12,3,200,600,125,375,225,,,,,,
5/7/2026,10:04:22,Azam-Punch-300ML,,Vinywaji,6.20301E+12,1,600,600,445.83,445.83,154.17,,,,,,
5/7/2026,11:57:22,Tambi-25kg (Kupima),,Nafaka,0,0.5,"2,800.00","1,400.00","2,140.00","1,070.00",330,,,,,,
5/7/2026,11:57:22,Stone Tangawizi : 350ml,,Vinywaji,0,1,800,800,562.5,562.5,237.5,,,,,,
5/7/2026,11:57:22,Jambo:Bolibo-300ml,,Vinywaji,6.203E+12,1,600,600,428.57,428.57,171.43,,,,,,
5/7/2026,11:57:22,Master(R),,Sigara & RIZLA,0,2,150,300,104.65,209.31,90.69,,,,,,
5/7/2026,16:56:35,Sembe-25kg,,Nafaka,0,2,"1,500.00","3,000.00","1,180.00","2,360.00",640,,,,,,
5/7/2026,16:56:35,Uhai(W)-1L,,Vinywaji,6.20301E+12,3,600,"1,800.00",417.49,"1,252.48",547.52,,,,,,
5/7/2026,16:56:35,Azam-Cola-300ML,,Vinywaji,6.20301E+12,2,600,"1,200.00",423.55,847.1,352.9,,,,,,
5/7/2026,16:56:35,Pepsi : 600ML,,Vinywaji,6.2011E+12,1,"1,000.00","1,000.00",800,800,200,,,,,,
5/7/2026,16:56:35,Pipi/Bigijii@50,,Vitamu,0,5,50,250,31.63,158.16,91.84,,,,,,
5/7/2026,16:56:35,Pipi/Bigijii@100,,Vitamu,0,1,100,100,59.76,59.76,40.24,,,,,,
5/7/2026,16:56:35,Master(R),,Sigara & RIZLA,0,6,150,900,104.65,627.92,272.08,,,,,,
5/7/2026,16:56:35,Pakiti/Ajinomoto,,Viungo,0,2,100,200,42.86,85.71,114.29,,,,,,
5/7/2026,16:56:35,Pakiti/Ndimu-Unga,,Viungo,0,3,100,300,45.45,136.36,163.64,,,,,,
5/7/2026,17:43:30,Smart Gin-200ML,,Vinywaji,6.20301E+12,1.5,"2,000.00","3,000.00","1,744.28","2,616.42",383.58,,,,,,
5/7/2026,18:03:18,Master(R),,Sigara & RIZLA,0,3,150,450,104.65,313.96,136.04,,,,,,
5/7/2026,18:03:18,Pipi/Bigijii@50,,Vitamu,0,2,50,100,31.63,63.27,36.73,,,,,,
5/7/2026,18:39:30,Master(R),,Sigara & RIZLA,0,3,150,450,104.65,313.96,136.04,,,,,,
5/7/2026,18:39:30,Pipi/Bigijii@50,,Vitamu,0,2,50,100,31.63,63.27,36.73,,,,,,
5/7/2026,18:39:30,Smart Gin-200ML,,Vinywaji,6.20301E+12,1,"2,000.00","2,000.00","1,744.28","1,744.28",255.72,,,,,,
5/7/2026,18:41:46,Mafuta/Kupikia-20L,,Viungo,0,1,"6,000.00","6,000.00","4,060.98","4,060.98","1,939.02",,,,,,
5/7/2026,18:41:46,Ngano-25kg,,Nafaka,0,0.8,"1,800.00","1,350.00","1,507.14","1,130.36",219.64,,,,,,
5/7/2026,18:49:51,Winston(R),,Sigara & RIZLA,0,1,200,200,130.53,130.53,69.47,,,,,,
5/7/2026,19:33:19,Double(KK)-200ml,,Vinywaji,6.20301E+12,2,"2,000.00","4,000.00","1,794.67","3,589.33",410.67,,,,,,
5/7/2026,19:33:19,Pipi/Bigijii@100,,Vitamu,0,2,100,200,59.76,119.51,80.49,,,,,,
5/7/2026,19:33:19,Smart Gin-200ML,,Vinywaji,6.20301E+12,0.5,"2,000.00","1,000.00","1,744.28",872.14,127.86,,,,,,
5/7/2026,19:33:19,Konyagi(S)- 200ML,,Vinywaji,6.20301E+12,1,"4,500.00","4,500.00","3,523.81","3,523.81",976.19,,,,,,
5/7/2026,19:36:22,Smart Gin-200ML,,Vinywaji,6.20301E+12,1,"2,000.00","2,000.00","1,744.28","1,744.28",255.72,,,,,,
5/7/2026,19:52:02,Smart Gin-200ML,,Vinywaji,6.20301E+12,1,"2,000.00","2,000.00","1,744.28","1,744.28",255.72,,,,,,
5/7/2026,19:52:02,Winston(R),,Sigara & RIZLA,0,28,200,"5,600.00",130.53,"3,654.74","1,945.26",,,,,,
5/7/2026,19:52:02,Master(K),,Sigara & RIZLA,0,2,150,300,100.76,201.53,98.47,,,,,,
5/7/2026,19:52:02,Mosquito :COIL,,Afya,0,5,250,"1,250.00",140,700,550,,,,,,
5/7/2026,19:52:02,Double(KK)-200ml,,Vinywaji,6.20301E+12,0.5,"2,000.00","1,000.00","1,794.67",897.33,102.67,,,,,,
5/7/2026,19:52:02,Mafuta/Kupikia-20L,,Viungo,0,0.3,"6,000.00","1,500.00","4,060.98","1,015.24",484.76,,,,,,
5/7/2026,19:52:02,Niceone-400g,,Usafi:Jumla,6.20302E+12,1,"1,000.00","1,000.00",837.5,837.5,162.5,,,,,,
5/7/2026,20:01:10,Smart Gin-200ML,,Vinywaji,6.20301E+12,1,"2,000.00","2,000.00","1,744.28","1,744.28",255.72,,,,,,
5/7/2026,20:01:10,Winston(R),,Sigara & RIZLA,0,33,200,"6,600.00",130.53,"4,307.37","2,292.63",,,,,,
5/7/2026,20:01:10,Master(K),,Sigara & RIZLA,0,2,150,300,100.76,201.53,98.47,,,,,,
5/7/2026,20:01:10,Mosquito :COIL,,Afya,0,5,250,"1,250.00",140,700,550,,,,,,
5/7/2026,20:01:10,Double(KK)-200ml,,Vinywaji,6.20301E+12,0.5,"2,000.00","1,000.00","1,794.67",897.33,102.67,,,,,,
5/7/2026,20:01:10,Mafuta/Kupikia-20L,,Viungo,0,0.3,"6,000.00","1,500.00","4,060.98","1,015.24",484.76,,,,,,
5/7/2026,20:01:10,Niceone-400g,,Usafi:Jumla,6.20302E+12,1,"1,000.00","1,000.00",837.5,837.5,162.5,,,,,,
5/7/2026,20:01:10,Nyota/Kali,,Sigara & RIZLA,0,6,150,900,85.48,512.87,387.13,,,,,,
5/7/2026,20:01:10,Pipi/Bigijii@100,,Vitamu,0,1,100,100,59.76,59.76,40.24,,,,,,
5/7/2026,20:01:10,Pipi/Bigijii@50,,Vitamu,0,2,50,100,31.63,63.27,36.73,,,,,,
5/7/2026,20:15:53,Pipi/Bigijii@100,,Vitamu,0,3,100,300,59.76,179.27,120.73,,,,,,
5/7/2026,20:15:53,Uhai(W)-1L,,Vinywaji,6.20301E+12,1,600,600,417.49,417.49,182.51,,,,,,
5/7/2026,20:28:03,Winston(R),,Sigara & RIZLA,0,1,200,200,130.53,130.53,69.47,,,,,,
5/7/2026,20:28:03,Smart Gin-200ML,,Vinywaji,6.20301E+12,1,"2,000.00","2,000.00","1,744.28","1,744.28",255.72,,,,,,
5/7/2026,20:48:41,Jambo:Lemon-300ml,,Vinywaji,0,1,600,600,433.33,433.33,166.67,,,,,,
5/7/2026,20:56:35,Master(R),,Sigara & RIZLA,0,2,150,300,104.65,209.31,90.69,,,,,,
5/7/2026,21:35:54,LED Bulb-5W,,Umeme/Ufundi,0,2,"1,500.00","3,000.00",721.79,"1,443.58","1,556.42",,,,,,
5/7/2026,21:35:54,Winston(R),,Sigara & RIZLA,0,5,200,"1,000.00",130.53,652.63,347.37,,,,,,
5/7/2026,21:35:54,Nyota/Kali,,Sigara & RIZLA,0,1,150,150,85.48,85.48,64.52,,,,,,
5/7/2026,21:35:54,Embassy,,Sigara & RIZLA,0,1,400,400,278.03,278.03,121.97,,,,,,
5/7/2026,21:35:54,Smart Gin-200ML,,Vinywaji,6.20301E+12,1.5,"2,000.00","3,000.00","1,744.28","2,616.42",383.58,,,,,,
5/7/2026,21:35:54,Mirinda-600mL,,Vinywaji,6.2011E+12,1,"1,000.00","1,000.00",830.3,830.3,169.7,,,,,,
5/7/2026,21:55:02,LED Bulb-5W,,Umeme/Ufundi,0,2,"1,500.00","3,000.00",721.79,"1,443.58","1,556.42",,,,,,
5/7/2026,21:55:02,Winston(R),,Sigara & RIZLA,0,9,200,"1,800.00",130.53,"1,174.74",625.26,,,,,,
5/7/2026,21:55:02,Nyota/Kali,,Sigara & RIZLA,0,1,150,150,85.48,85.48,64.52,,,,,,
5/7/2026,21:55:02,Embassy,,Sigara & RIZLA,0,1,400,400,278.03,278.03,121.97,,,,,,
5/7/2026,21:55:02,Smart Gin-200ML,,Vinywaji,6.20301E+12,2,"2,000.00","4,000.00","1,744.28","3,488.56",511.44,,,,,,
5/7/2026,21:55:02,Mirinda-600mL,,Vinywaji,6.2011E+12,1,"1,000.00","1,000.00",830.3,830.3,169.7,,,,,,
5/7/2026,21:55:02,Jambo:Bolibo-300ml,,Vinywaji,6.203E+12,1,600,600,428.57,428.57,171.43,,,,,,
5/7/2026,22:05:32,LED Bulb-5W,,Umeme/Ufundi,0,2,"1,500.00","3,000.00",721.79,"1,443.58","1,556.42",,,,,,
5/7/2026,22:05:32,Winston(R),,Sigara & RIZLA,0,13,200,"2,600.00",130.53,"1,696.84",903.16,,,,,,
5/7/2026,22:05:32,Nyota/Kali,,Sigara & RIZLA,0,3,150,450,85.48,256.43,193.57,,,,,,
5/7/2026,22:05:32,Embassy,,Sigara & RIZLA,0,1,400,400,278.03,278.03,121.97,,,,,,
5/7/2026,22:05:32,Smart Gin-200ML,,Vinywaji,6.20301E+12,2,"2,000.00","4,000.00","1,744.28","3,488.56",511.44,,,,,,
5/7/2026,22:05:32,Mirinda-600mL,,Vinywaji,6.2011E+12,1,"1,000.00","1,000.00",830.3,830.3,169.7,,,,,,
5/7/2026,22:05:32,Jambo:Bolibo-300ml,,Vinywaji,6.203E+12,1,600,600,428.57,428.57,171.43,,,,,,
5/7/2026,22:07:16,Ngano-25kg,,Nafaka,0,1.5,"1,800.00","2,700.00","1,507.14","2,260.71",439.29,,,,,,
5/7/2026,22:28:18,Jambo:Bolibo-300ml,,Vinywaji,6.203E+12,1,600,600,428.57,428.57,171.43,,,,,,
5/7/2026,22:28:18,Smart Gin-200ML,,Vinywaji,6.20301E+12,0.5,"2,000.00","1,000.00","1,744.28",872.14,127.86,,,,,,
5/7/2026,22:29:32,Jambo:Bolibo-300ml,,Vinywaji,6.203E+12,1,600,600,428.57,428.57,171.43,,,,,,
5/7/2026,22:29:32,Smart Gin-200ML,,Vinywaji,6.20301E+12,0.5,"2,000.00","1,000.00","1,744.28",872.14,127.86,,,,,,
5/7/2026,22:50:38,Paracetamol - 500mg,,Afya,0,6,50,300,30,180,120,,,,,,
5/7/2026,22:50:38,Mosquito :COIL,,Afya,0,2,250,500,140,280,220,,,,,,
5/7/2026,22:50:38,Tambi-25kg (Kupima),,Nafaka,0,1,"2,800.00","2,800.00","2,140.00","2,140.00",660,,,,,,
5/8/2026,8:57:49,Pipi/Bigijii@50,,Vitamu,0,2,50,100,31.63,63.27,36.73,,,,,,
5/8/2026,8:57:49,Niceone-400g,,Usafi:Jumla,6.20302E+12,1,"1,000.00","1,000.00",837.5,837.5,162.5,,,,,,
5/8/2026,9:15:18,Pipi/Bigijii@50,,Vitamu,0,2,50,100,31.63,63.27,36.73,,,,,,
5/8/2026,9:15:18,Niceone-400g,,Usafi:Jumla,6.20302E+12,1,"1,000.00","1,000.00",837.5,837.5,162.5,,,,,,
5/8/2026,9:15:18,Embassy,,Sigara & RIZLA,0,1,400,400,278.03,278.03,121.97,,,,,,
5/8/2026,9:15:18,Jambo:Bolibo-300ml,,Vinywaji,6.203E+12,1,600,600,428.57,428.57,171.43,,,,,,
5/8/2026,9:27:41,Embassy,,Sigara & RIZLA,0,1,400,400,278.03,278.03,121.97,,,,,,
5/8/2026,10:32:02,Azam-Punch-300ML,,Vinywaji,6.20301E+12,1,600,600,445.83,445.83,154.17,,,,,,
5/8/2026,10:32:02,Smart Gin-200ML,,Vinywaji,6.20301E+12,1.5,"2,000.00","3,000.00","1,744.28","2,616.42",383.58,,,,,,
5/8/2026,10:32:02,Jambo:Cocopine-300ml,,Vinywaji,6.203E+12,1,600,600,417.29,417.29,182.71,,,,,,
5/8/2026,10:32:02,Pipi/Bigijii@150,,Vitamu,0,5,150,750,100,500,250,,,,,,
5/8/2026,10:32:02,Niceone-400g,,Usafi:Jumla,6.20302E+12,1,"1,000.00","1,000.00",837.5,837.5,162.5,,,,,,
5/8/2026,10:32:02,Azam-Cola-300ML,,Vinywaji,6.20301E+12,2,600,"1,200.00",423.55,847.1,352.9,,,,,,
5/8/2026,10:32:02,Uhai(W)-1.6L,,Vinywaji,6.20301E+12,1,800,800,498.15,498.15,301.85,,,,,,
5/8/2026,10:34:32,Azam-Punch-300ML,,Vinywaji,6.20301E+12,1,600,600,445.83,445.83,154.17,,,,,,
5/8/2026,10:34:32,Smart Gin-200ML,,Vinywaji,6.20301E+12,1.5,"2,000.00","3,000.00","1,744.28","2,616.42",383.58,,,,,,
5/8/2026,10:34:32,Jambo:Cocopine-300ml,,Vinywaji,6.203E+12,1,600,600,417.29,417.29,182.71,,,,,,
5/8/2026,10:34:32,Pipi/Bigijii@150,,Vitamu,0,5,150,750,100,500,250,,,,,,
5/8/2026,10:34:32,Niceone-400g,,Usafi:Jumla,6.20302E+12,1,"1,000.00","1,000.00",837.5,837.5,162.5,,,,,,
5/8/2026,10:34:32,Azam-Cola-300ML,,Vinywaji,6.20301E+12,2,600,"1,200.00",423.55,847.1,352.9,,,,,,
5/8/2026,10:34:32,Uhai(W)-1.6L,,Vinywaji,6.20301E+12,1,800,800,498.15,498.15,301.85,,,,,,
5/8/2026,10:34:56,Azam-Punch-300ML,,Vinywaji,6.20301E+12,1,600,600,445.83,445.83,154.17,,,,,,
5/8/2026,10:34:56,Smart Gin-200ML,,Vinywaji,6.20301E+12,1.5,"2,000.00","3,000.00","1,744.28","2,616.42",383.58,,,,,,
5/8/2026,10:34:56,Jambo:Cocopine-300ml,,Vinywaji,6.203E+12,1,600,600,417.29,417.29,182.71,,,,,,
5/8/2026,10:34:56,Pipi/Bigijii@150,,Vitamu,0,5,150,750,100,500,250,,,,,,
5/8/2026,10:34:56,Niceone-400g,,Usafi:Jumla,6.20302E+12,1,"1,000.00","1,000.00",837.5,837.5,162.5,,,,,,
5/8/2026,10:34:56,Azam-Cola-300ML,,Vinywaji,6.20301E+12,2,600,"1,200.00",423.55,847.1,352.9,,,,,,
5/8/2026,10:34:56,Uhai(W)-1.6L,,Vinywaji,6.20301E+12,1,800,800,498.15,498.15,301.85,,,,,,
5/8/2026,11:01:52,Ngano-25kg,,Nafaka,0,0.3,"1,800.00",450,"1,507.14",376.79,73.21,,,,,,
5/8/2026,11:01:52,Mafuta/Kupikia-20L,,Viungo,0,0.3,"6,000.00","1,500.00","4,060.98","1,015.24",484.76,,,,,,
5/8/2026,11:01:52,Jambo:Cocopine-300ml,,Vinywaji,6.203E+12,1,600,600,417.29,417.29,182.71,,,,,,
5/8/2026,11:01:52,Azam-Cola-300ML,,Vinywaji,6.20301E+12,1,600,600,423.55,423.55,176.45,,,,,,
5/8/2026,11:01:52,Sukari(Kupima) - 50kg,,Viungo,0,0.3,"3,000.00",750,"2,360.00",590,160,,,,,,
5/8/2026,11:17:57,Mafuta/Kupikia-20L,,Viungo,0,0.3,"6,000.00","1,500.00","4,060.98","1,015.24",484.76,,,,,,
5/8/2026,11:17:57,Pepsi : 350ml,,Vinywaji,0,1,700,700,500,500,200,,,,,,
5/8/2026,13:36:35,Pepsi : 600ML,,Vinywaji,6.2011E+12,1,"1,000.00","1,000.00",800,800,200,,,,,,
5/8/2026,13:36:35,Azam-Cola-300ML,,Vinywaji,6.20301E+12,1,600,600,423.55,423.55,176.45,,,,,,
5/8/2026,15:10:27,Azam-Cola-300ML,,Vinywaji,6.20301E+12,1,600,600,423.55,423.55,176.45,,,,,,
5/8/2026,15:10:27,Pipi/Bigijii@100,,Vitamu,0,1,100,100,59.76,59.76,40.24,,,,,,
5/8/2026,15:10:27,Pipi/Bigijii@50,,Vitamu,0,6,50,300,31.63,189.8,110.2,,,,,,
5/8/2026,15:10:27,Jambo:Cocopine-300ml,,Vinywaji,6.203E+12,1,600,600,417.29,417.29,182.71,,,,,,
5/8/2026,15:26:15,Mafuta/Kupikia-20L,,Viungo,0,1.3,"6,000.00","7,500.00","4,060.98","5,076.22","2,423.78",,,,,,
5/8/2026,17:07:43,Jambo:Cocopine-300ml,,Vinywaji,6.203E+12,1,600,600,417.29,417.29,182.71,,,,,,
5/8/2026,22:01:57,Pipi/Bigijii@100,,Vitamu,0,2,100,200,59.76,119.51,80.49,,,,,,
5/8/2026,22:01:57,Pipi/Bigijii@50,,Vitamu,0,4,50,200,31.63,126.53,73.47,,,,,,
5/8/2026,22:01:57,Mosquito :COIL,,Afya,0,1,250,250,140,140,110,,,,,,
5/8/2026,22:01:57,UDI : STIKI,,Usafi:Binafsi,0,8,50,400,23.81,190.48,209.52,,,,,,
5/8/2026,22:01:57,Nyota/Kali,,Sigara & RIZLA,0,6,150,900,85.48,512.87,387.13,,,,,,
5/8/2026,22:01:57,Sembe-25kg,,Nafaka,0,0.5,"1,500.00",750,"1,180.00",590,160,,,,,,
5/8/2026,22:01:57,Mafuta/Kupikia-20L,,Viungo,0,0.3,"6,000.00","1,500.00","4,060.98","1,015.24",484.76,,,,,,
5/8/2026,22:01:57,Paracetamol - 500mg,,Afya,0,4,50,200,30,120,80,,,,,,
5/8/2026,22:01:57,Uhai(W)-1L,,Vinywaji,6.20301E+12,1,600,600,417.49,417.49,182.51,,,,,,
5/8/2026,22:15:30,Uhai(W)-1L,,Vinywaji,6.20301E+12,1,600,600,417.49,417.49,182.51,,,,,,
5/8/2026,22:15:30,Mosquito :COIL,,Afya,0,1,250,250,140,140,110,,,,,,
5/8/2026,23:00:17,Pepsi : 600ML,,Vinywaji,6.2011E+12,2,"1,000.00","2,000.00",800,"1,600.00",400,,,,,,
5/8/2026,23:00:17,Jambo:Bolibo-300ml,,Vinywaji,6.203E+12,2,600,"1,200.00",428.57,857.14,342.86,,,,,,
5/8/2026,23:00:17,Uhai(W)-1L,,Vinywaji,6.20301E+12,1,600,600,417.49,417.49,182.51,,,,,,
5/8/2026,23:00:17,Mirinda-600mL,,Vinywaji,6.2011E+12,1,"1,000.00","1,000.00",830.3,830.3,169.7,,,,,,
5/8/2026,23:00:17,Uhai(W)-1.6L,,Vinywaji,6.20301E+12,1,800,800,498.15,498.15,301.85,,,,,,
5/9/2026,11:30:14,Azam-Cola-300ML,,Vinywaji,6.20301E+12,1,600,600,423.55,423.55,176.45,,,,,,
5/9/2026,11:30:14,Ngano-25kg,,Nafaka,0,1,"1,800.00","1,800.00","1,507.14","1,507.14",292.86,,,,,,
5/9/2026,11:30:14,Pipi/Bigijii@50,,Vitamu,0,2,50,100,31.63,63.27,36.73,,,,,,
5/9/2026,11:30:14,Smart Gin-200ML,,Vinywaji,6.20301E+12,0.5,"2,000.00","1,000.00","1,744.28",872.14,127.86,,,,,,
5/9/2026,11:30:14,Sukari(Kupima) - 50kg,,Viungo,0,0.3,"3,000.00",750,"2,360.00",590,160,,,,,,
5/9/2026,11:30:14,Embassy,,Sigara & RIZLA,0,8,400,"3,200.00",278.03,"2,224.24",975.76,,,,,,
5/9/2026,11:32:59,K-vant(S)-250ML,,Vinywaji,6.203E+12,0.5,"4,500.00","2,250.00","3,340.74","1,670.37",579.63,,,,,,
5/9/2026,12:10:43,Konyagi(S)- 200ML,,Vinywaji,6.20301E+12,1,"4,500.00","4,500.00","3,523.81","3,523.81",976.19,,,,,,
5/9/2026,13:04:34,Winston(R),,Sigara & RIZLA,0,3.5,200,700,130.53,456.84,243.16,,,,,,
5/9/2026,13:04:34,Pipi/Bigijii@50,,Vitamu,0,2,50,100,31.63,63.27,36.73,,,,,,
5/9/2026,14:19:23,Smart Gin-200ML,,Vinywaji,6.20301E+12,1,"2,000.00","2,000.00","1,744.28","1,744.28",255.72,,,,,,
5/9/2026,16:29:54,Winston(R),,Sigara & RIZLA,0,6.5,200,"1,300.00",130.53,848.42,451.58,,,,,,
5/9/2026,16:29:54,Master(R),,Sigara & RIZLA,0,1,150,150,104.65,104.65,45.35,,,,,,
5/9/2026,16:29:54,Mafuta/Kupikia-20L,,Viungo,0,0.3,"6,000.00","1,500.00","4,060.98","1,015.24",484.76,,,,,,
5/9/2026,16:47:50,Winston(R),,Sigara & RIZLA,0,5,200,"1,000.00",130.53,652.63,347.37,,,,,,
5/9/2026,22:25:40,Smart Gin-200ML,,Vinywaji,6.20301E+12,3,"2,000.00","6,000.00","1,744.28","5,232.84",767.16,,,,,,
5/9/2026,22:25:40,Nyota/Kali,,Sigara & RIZLA,0,8,150,"1,200.00",85.48,683.82,516.18,,,,,,
5/9/2026,22:25:40,Mafuta/Kupikia-20L,,Viungo,0,2.8,"6,000.00","16,500.00","4,060.98","11,167.68","5,332.32",,,,,,
5/9/2026,22:25:40,Pipi/Bigijii@50,,Vitamu,0,36,50,"1,800.00",31.63,"1,138.78",661.22,,,,,,
5/9/2026,22:25:40,Winston(R),,Sigara & RIZLA,0,12,200,"2,400.00",130.53,"1,566.32",833.68,,,,,,
5/9/2026,22:25:40,Sembe-25kg,,Nafaka,0,2.5,"1,500.00","3,750.00","1,180.00","2,950.00",800,,,,,,
5/9/2026,22:25:40,Mosquito :COIL,,Afya,0,6,250,"1,500.00",140,840,660,,,,,,
5/9/2026,22:25:40,Embassy,,Sigara & RIZLA,0,3,400,"1,200.00",278.03,834.09,365.91,,,,,,
5/9/2026,22:25:40,Pipi/Bigijii@100,,Vitamu,0,10,100,"1,000.00",59.76,597.56,402.44,,,,,,
5/9/2026,22:25:40,Ngano-25kg,,Nafaka,0,1.5,"1,800.00","2,700.00","1,507.14","2,260.71",439.29,,,,,,
5/9/2026,22:25:40,Mayai@Kizungu,,Viungo,0,11,350,"3,850.00",266.67,"2,933.33",916.67,,,,,,
5/9/2026,22:25:40,Azam-Cola-300ML,,Vinywaji,6.20301E+12,8,600,"4,800.00",423.55,"3,388.39","1,411.61",,,,,,
5/9/2026,23:00:53,Smart Gin-200ML,,Vinywaji,6.20301E+12,3.5,"2,000.00","7,000.00","1,744.28","6,104.98",895.02,,,,,,
5/9/2026,23:00:53,Nyota/Kali,,Sigara & RIZLA,0,8,150,"1,200.00",85.48,683.82,516.18,,,,,,
5/9/2026,23:00:53,Mafuta/Kupikia-20L,,Viungo,0,3.3,"6,000.00","19,500.00","4,060.98","13,198.17","6,301.83",,,,,,
5/9/2026,23:00:53,Pipi/Bigijii@50,,Vitamu,0,37,50,"1,850.00",31.63,"1,170.41",679.59,,,,,,
5/9/2026,23:00:53,Winston(R),,Sigara & RIZLA,0,23.5,200,"4,700.00",130.53,"3,067.37","1,632.63",,,,,,
5/9/2026,23:00:53,Sembe-25kg,,Nafaka,0,2.5,"1,500.00","3,750.00","1,180.00","2,950.00",800,,,,,,
5/9/2026,23:00:53,Mosquito :COIL,,Afya,0,16,250,"4,000.00",140,"2,240.00","1,760.00",,,,,,
5/9/2026,23:00:53,Embassy,,Sigara & RIZLA,0,3,400,"1,200.00",278.03,834.09,365.91,,,,,,
5/9/2026,23:00:53,Pipi/Bigijii@100,,Vitamu,0,10,100,"1,000.00",59.76,597.56,402.44,,,,,,
5/9/2026,23:00:53,Ngano-25kg,,Nafaka,0,1.5,"1,800.00","2,700.00","1,507.14","2,260.71",439.29,,,,,,
5/9/2026,23:00:53,Mayai@Kizungu,,Viungo,0,11,350,"3,850.00",266.67,"2,933.33",916.67,,,,,,
5/9/2026,23:00:53,Azam-Cola-300ML,,Vinywaji,6.20301E+12,8,600,"4,800.00",423.55,"3,388.39","1,411.61",,,,,,
5/9/2026,23:00:53,K-vant(S)-250ML,,Vinywaji,6.203E+12,0.5,"4,500.00","2,250.00","3,340.74","1,670.37",579.63,,,,,,
5/9/2026,23:00:53,Jambo:Cocopine-300ml,,Vinywaji,6.203E+12,2,600,"1,200.00",417.29,834.58,365.42,,,,,,
5/9/2026,23:00:53,Tambi-25kg (Kupima),,Nafaka,0,0.5,"2,800.00","1,400.00","2,140.00","1,070.00",330,,,,,,
5/9/2026,23:00:53,Jambo:Bolibo-300ml,,Vinywaji,6.203E+12,1,600,600,428.57,428.57,171.43,,,,,,
5/9/2026,23:00:53,Mshumaa,,Jikoni,6.203E+12,1,500,500,277.78,277.78,222.22,,,,,,
5/9/2026,23:00:53,Sparletta : 350mL,,Vinywaji,0,1,800,800,563,563,237,,,,,,
5/9/2026,23:00:53,Fanta-Passion : 350mL,,Vinywaji,0,1,800,800,558.33,558.33,241.67,,,,,,
5/9/2026,23:00:53,Paracetamol - 500mg,,Afya,0,32,50,"1,600.00",30,960,640,,,,,,
5/9/2026,23:00:53,Diclopar-550mg,,Afya,0,2,100,200,60,120,80,,,,,,
5/9/2026,23:00:53,Neel-Salt-500g,,Viungo,6.20301E+12,3,500,"1,500.00",287.5,862.5,637.5,,,,,,
5/9/2026,23:00:53,Sukari(Kupima) - 50kg,,Viungo,0,0.3,"3,000.00",750,"2,360.00",590,160,,,,,,
5/10/2026,8:30:56,Winston(R),,Sigara & RIZLA,0,9.5,200,"1,900.00",130.53,"1,240.00",660,,,,,,
5/10/2026,8:30:56,Sukari(Kupima) - 50kg,,Viungo,0,1.3,"3,000.00","3,750.00","2,360.00","2,950.00",800,,,,,,
5/10/2026,8:30:56,Uhai(W)-1.6L,,Vinywaji,6.20301E+12,1,800,800,498.15,498.15,301.85,,,,,,
5/10/2026,8:30:56,Niceone-180g,,Usafi:Jumla,6.20302E+12,1,500,500,417.5,417.5,82.5,,,,,,
5/10/2026,8:30:56,Embassy,,Sigara & RIZLA,0,1,400,400,278.03,278.03,121.97,,,,,,
5/10/2026,8:30:56,Niceone-400g,,Usafi:Jumla,6.20302E+12,1,"1,000.00","1,000.00",837.5,837.5,162.5,,,,,,
5/10/2026,12:57:56,Winston(R),,Sigara & RIZLA,0,10.5,200,"2,100.00",130.53,"1,370.53",729.47,,,,,,
5/10/2026,12:57:56,Double(KK)-200ml,,Vinywaji,6.20301E+12,1,"2,000.00","2,000.00","1,794.67","1,794.67",205.33,,,,,,
5/10/2026,12:57:56,Mafuta/Kupikia-20L,,Viungo,0,0.5,"6,000.00","3,000.00","4,060.98","2,030.49",969.51,,,,,,
5/10/2026,12:57:56,Jambo:Cocopine-300ml,,Vinywaji,6.203E+12,4,600,"2,400.00",417.29,"1,669.16",730.84,,,,,,
5/10/2026,12:57:56,Winston(R),,Sigara & RIZLA,0,4,200,800,130.18,520.71,279.29,,,,,,
5/10/2026,12:57:56,Sembe-25kg,,Nafaka,0,0.5,"1,500.00",750,"1,180.00",590,160,,,,,,
5/10/2026,12:57:56,Pepsi : 600ML,,Vinywaji,6.2011E+12,7,"1,000.00","7,000.00",800,"5,600.00","1,400.00",,,,,,
5/10/2026,12:57:56,K-vant(L)- 750ML,,Vinywaji,6.204E+12,1,"12,000.00","12,000.00","9,574.67","9,574.67","2,425.33",,,,,,
5/10/2026,12:57:56,Pipi/Bigijii@50,,Vitamu,0,22,50,"1,100.00",31.63,695.92,404.08,,,,,,
5/10/2026,12:57:56,Sukari(Kupima) - 50kg,,Viungo,0,0.3,"3,000.00",750,"2,360.00",590,160,,,,,,
5/10/2026,12:57:56,Ngano-25kg,,Nafaka,0,0.8,"1,800.00","1,350.00","1,507.14","1,130.36",219.64,,,,,,
5/10/2026,12:57:56,Niceone-400g,,Usafi:Jumla,6.20302E+12,2,"1,000.00","2,000.00",837.5,"1,675.00",325,,,,,,
5/10/2026,12:57:56,Konyagi(S)- 200ML,,Vinywaji,6.20301E+12,1,"4,500.00","4,500.00","3,523.81","3,523.81",976.19,,,,,,
5/10/2026,13:13:58,Konyagi(S)- 200ML,,Vinywaji,6.20301E+12,1,"4,500.00","4,500.00","3,523.81","3,523.81",976.19,,,,,,
5/10/2026,14:11:52,Mayai@Kizungu,,Viungo,0,2,350,700,266.67,533.33,166.67,,,,,,
5/10/2026,14:11:52,Smart Gin-200ML,,Vinywaji,6.20301E+12,0.5,"2,000.00","1,000.00","1,744.28",872.14,127.86,,,,,,
5/10/2026,14:11:52,Kiwembe : RK,,Usafi:Binafsi,0,1,100,100,60,60,40,,,,,,
5/10/2026,14:22:00,Jambo:Bolibo-300ml,,Vinywaji,6.203E+12,1,600,600,428.57,428.57,171.43,,,,,,
5/10/2026,14:22:00,Jambo:Lemon-300ml,,Vinywaji,0,1,600,600,433.33,433.33,166.67,,,,,,
5/10/2026,14:22:00,Sukari(Kupima) - 50kg,,Viungo,0,0.3,"3,000.00",750,"2,360.00",590,160,,,,,,
5/10/2026,14:27:14,K-vant(L)- 750ML,,Vinywaji,6.204E+12,2,"12,000.00","24,000.00","9,574.67","19,149.33","4,850.67",,,,,,
5/10/2026,14:27:14,Konyagi(S)- 200ML,,Vinywaji,6.20301E+12,1,"4,500.00","4,500.00","3,523.81","3,523.81",976.19,,,,,,
5/10/2026,15:56:24,Smart Gin-200ML,,Vinywaji,6.20301E+12,0.5,"2,000.00","1,000.00","1,744.28",872.14,127.86,,,,,,
5/10/2026,15:56:24,Double(KK)-200ml,,Vinywaji,6.20301E+12,1,"2,000.00","2,000.00","1,794.67","1,794.67",205.33,,,,,,
5/10/2026,15:56:24,K-vant(S)-250ML,,Vinywaji,6.203E+12,1,"4,500.00","4,500.00","3,340.74","3,340.74","1,159.26",,,,,,
5/10/2026,15:59:40,Smart Gin-200ML,,Vinywaji,6.20301E+12,0.5,"2,000.00","1,000.00","1,744.28",872.14,127.86,,,,,,
5/10/2026,15:59:40,Double(KK)-200ml,,Vinywaji,6.20301E+12,1,"2,000.00","2,000.00","1,794.67","1,794.67",205.33,,,,,,
5/10/2026,15:59:40,K-vant(S)-250ML,,Vinywaji,6.203E+12,1,"4,500.00","4,500.00","3,340.74","3,340.74","1,159.26",,,,,,
5/10/2026,16:02:11,Winston(R),,Sigara & RIZLA,0,1,200,200,130.53,130.53,69.47,,,,,,
5/10/2026,18:08:38,Smart Gin-200ML,,Vinywaji,6.20301E+12,2,"2,000.00","4,000.00","1,744.28","3,488.56",511.44,,,,,,
5/10/2026,18:08:38,Winston(R),,Sigara & RIZLA,0,19,200,"3,800.00",130.53,"2,480.00","1,320.00",,,,,,
5/10/2026,18:08:38,Mirinda-600mL,,Vinywaji,6.2011E+12,1,"1,000.00","1,000.00",830.3,830.3,169.7,,,,,,
5/10/2026,18:08:38,Mayai@Kizungu,,Viungo,0,3,350,"1,050.00",266.67,800,250,,,,,,
5/10/2026,18:08:38,Mafuta/Kupikia-20L,,Viungo,0,0.5,"6,000.00","3,000.00","4,060.98","2,030.49",969.51,,,,,,
5/10/2026,18:08:38,K-vant(L)- 750ML,,Vinywaji,6.204E+12,1,"12,000.00","12,000.00","9,574.67","9,574.67","2,425.33",,,,,,
5/10/2026,18:08:38,Double(KK)-200ml,,Vinywaji,6.20301E+12,0.5,"2,000.00","1,000.00","1,794.67",897.33,102.67,,,,,,
5/10/2026,18:08:38,Sembe-25kg,,Nafaka,0,2,"1,500.00","3,000.00","1,180.00","2,360.00",640,,,,,,
5/10/2026,18:34:27,Neel-Salt-200g,,Viungo,6.20301E+12,1,300,300,166.67,166.67,133.33,,,,,,
5/10/2026,18:34:27,Winston(R),,Sigara & RIZLA,0,3.5,200,700,130.53,456.84,243.16,,,,,,
5/10/2026,19:58:05,Neel-Salt-200g,,Viungo,6.20301E+12,1,300,300,166.67,166.67,133.33,,,,,,
5/10/2026,19:58:05,Winston(R),,Sigara & RIZLA,0,4.5,200,900,130.53,587.37,312.63,,,,,,
5/10/2026,19:58:05,Portsman,,Sigara & RIZLA,0,0.5,300,150,220.88,110.44,39.56,,,,,,
5/10/2026,19:58:05,Azam-Malt-300ML,,Vinywaji,6.00964E+12,1,600,600,496.79,496.79,103.21,,,,,,
5/10/2026,19:58:05,Pipi/Bigijii@50,,Vitamu,0,10,50,500,31.63,316.33,183.67,,,,,,
5/10/2026,19:58:05,Pipi/Bigijii@100,,Vitamu,0,2,100,200,59.76,119.51,80.49,,,,,,
5/10/2026,19:58:05,Mshumaa,,Jikoni,6.203E+12,2,500,"1,000.00",277.78,555.56,444.44,,,,,,
5/10/2026,19:58:05,Sukari(Kupima) - 50kg,,Viungo,0,0.5,"3,000.00","1,500.00","2,360.00","1,180.00",320,,,,,,
5/10/2026,21:06:10,Pipi/Bigijii@100,,Vitamu,0,1,100,100,59.76,59.76,40.24,,,,,,
5/10/2026,21:23:13,Double(KK)-200ml,,Vinywaji,6.20301E+12,1,"2,000.00","2,000.00","1,794.67","1,794.67",205.33,,,,,,
5/10/2026,21:23:13,Jambo:Cocopine-300ml,,Vinywaji,6.203E+12,2,600,"1,200.00",417.29,834.58,365.42,,,,,,
5/10/2026,21:36:36,Portsman,,Sigara & RIZLA,0,2,300,600,220.88,441.76,158.24,,,,,,
5/10/2026,21:36:36,Winston(R),,Sigara & RIZLA,0,2.5,200,500,130.53,326.32,173.68,,,,,,
5/10/2026,21:36:36,Embassy,,Sigara & RIZLA,0,1,400,400,278.03,278.03,121.97,,,,,,
5/10/2026,21:48:45,Winston(R),,Sigara & RIZLA,0,3,200,600,130.53,391.58,208.42,,,,,,
5/10/2026,21:55:55,Embassy,,Sigara & RIZLA,0,3,400,"1,200.00",278.03,834.09,365.91,,,,,,
5/10/2026,22:15:26,Portsman,,Sigara & RIZLA,0,2.5,300,750,220.88,552.21,197.79,,,,,,
5/10/2026,22:15:26,Winston(R),,Sigara & RIZLA,0,2,200,400,130.53,261.05,138.95,,,,,,
5/10/2026,22:15:26,Pipi/Bigijii@50,,Vitamu,0,1,50,50,31.63,31.63,18.37,,,,,,
5/10/2026,22:15:26,Jobo-200ML,,Vinywaji,6.20304E+12,0.5,"2,000.00","1,000.00","1,723.96",861.98,138.02,,,,,,
5/10/2026,22:15:26,Jambo:Cocopine-300ml,,Vinywaji,6.203E+12,1,600,600,417.29,417.29,182.71,,,,,,
5/10/2026,22:35:44,Jambo:Bolibo-300ml,,Vinywaji,6.203E+12,1,600,600,428.57,428.57,171.43,,,,,,
5/10/2026,22:35:44,Ngano-25kg,,Nafaka,0,1.5,"1,800.00","2,700.00","1,507.14","2,260.71",439.29,,,,,,
5/10/2026,22:54:30,Winston(R),,Sigara & RIZLA,0,2,200,400,130.53,261.05,138.95,,,,,,
5/11/2026,8:58:11,Ngano-25kg,,Nafaka,0,0.5,"1,800.00",918,"1,507.14",768.64,149.36,,,,,,
5/11/2026,8:58:11,Mafuta/Kupikia-20L,,Viungo,0,0.3,"6,000.00","1,500.00","4,060.98","1,015.24",484.76,,,,,,
5/11/2026,8:58:11,Nyota/Kali,,Sigara & RIZLA,0,6,150,900,85.48,512.87,387.13,,,,,,
5/11/2026,8:58:11,Sukari(Kupima) - 50kg,,Viungo,0,0.8,"3,000.00","2,250.00","2,360.00","1,770.00",480,,,,,,
5/11/2026,8:58:11,Winston(R),,Sigara & RIZLA,0,14,200,"2,800.00",130.53,"1,827.37",972.63,,,,,,
5/11/2026,8:58:11,Jambo:Cocopine-300ml,,Vinywaji,6.203E+12,1,600,600,417.29,417.29,182.71,,,,,,
5/11/2026,8:58:11,Pipi/Bigijii@100,,Vitamu,0,1,100,100,59.76,59.76,40.24,,,,,,
5/11/2026,8:58:11,Pipi/Bigijii@50,,Vitamu,0,1,50,50,31.63,31.63,18.37,,,,,,
5/11/2026,9:21:49,Niceone-400g,,Usafi:Jumla,6.20302E+12,1,"1,000.00","1,000.00",837.5,837.5,162.5,,,,,,
5/11/2026,10:14:34,Jambo:Cocopine-300ml,,Vinywaji,6.203E+12,2,600,"1,200.00",417.29,834.58,365.42,,,,,,
5/11/2026,10:14:34,Winston(R),,Sigara & RIZLA,0,1,200,200,130.53,130.53,69.47,,,,,,
5/11/2026,10:14:34,Uhai(W)-1.6L,,Vinywaji,6.20301E+12,1,800,800,498.15,498.15,301.85,,,,,,
5/11/2026,10:14:34,Jambo:Lemon-300ml,,Vinywaji,0,1,600,600,433.33,433.33,166.67,,,,,,
5/11/2026,10:14:34,Superblack-MDLSPA,,Usafi:Binafsi,0,1,"1,000.00","1,000.00",700,700,300,,,,,,
5/11/2026,10:32:18,Winston(R),,Sigara & RIZLA,0,3,200,600,130.53,391.58,208.42,,,,,,
5/11/2026,11:57:22,Smart Gin-200ML,,Vinywaji,6.20301E+12,0.5,"2,000.00","1,000.00","1,744.28",872.14,127.86,,,,,,
5/11/2026,11:57:22,Double(KK)-200ml,,Vinywaji,6.20301E+12,0.5,"2,000.00","1,000.00","1,794.67",897.33,102.67,,,,,,
5/11/2026,14:12:22,Pipi/Bigijii@200,,Vitamu,0,4,200,800,149.36,597.46,202.54,,,,,,
5/11/2026,14:12:22,Double(KK)-200ml,,Vinywaji,6.20301E+12,1.5,"2,000.00","3,000.00","1,794.67","2,692.00",308,,,,,,
5/11/2026,14:12:22,Mirinda-600mL,,Vinywaji,6.2011E+12,1,"1,000.00","1,000.00",830.3,830.3,169.7,,,,,,
5/11/2026,14:12:22,Winston(R),,Sigara & RIZLA,0,16,200,"3,200.00",130.53,"2,088.42","1,111.58",,,,,,
5/11/2026,14:12:22,Sembe-25kg,,Nafaka,0,0.8,"1,500.00","1,125.00","1,180.00",885,240,,,,,,
5/11/2026,14:12:22,Mshumaa,,Jikoni,6.203E+12,1,500,500,277.78,277.78,222.22,,,,,,
5/11/2026,14:12:22,Niceone-180g,,Usafi:Jumla,6.20302E+12,2,500,"1,000.00",417.5,835,165,,,,,,
5/11/2026,14:12:22,Master(K),,Sigara & RIZLA,0,1,150,150,100.76,100.76,49.24,,,,,,
5/11/2026,14:12:22,Azam-Malt-300ML,,Vinywaji,6.00964E+12,2,600,"1,200.00",496.79,993.59,206.41,,,,,,
5/11/2026,14:12:22,Jambo:Cocopine-300ml,,Vinywaji,6.203E+12,1,600,600,417.29,417.29,182.71,,,,,,
5/11/2026,14:12:22,Mafuta/Kupikia-20L,,Viungo,0,1,"6,000.00","6,000.00","4,060.98","4,060.98","1,939.02",,,,,,
5/11/2026,14:12:22,Uhai(W)-1.6L,,Vinywaji,6.20301E+12,1,800,800,498.15,498.15,301.85,,,,,,
5/11/2026,14:17:19,Winston(R),,Sigara & RIZLA,0,1,200,200,130.53,130.53,69.47,,,,,,
5/11/2026,14:22:37,Mirinda-600mL,,Vinywaji,6.2011E+12,1,"1,000.00","1,000.00",830.3,830.3,169.7,,,,,,
5/11/2026,14:22:37,Winston(R),,Sigara & RIZLA,0,1,200,200,130.53,130.53,69.47,,,,,,
5/11/2026,14:28:35,Mafuta/Kupikia-20L,,Viungo,0,0.3,"6,000.00","1,500.00","4,060.98","1,015.24",484.76,,,,,,
5/11/2026,14:35:13,Fanta-Orange : 350mL,,Vinywaji,0,1,800,800,558.33,558.33,241.67,,,,,,
5/11/2026,14:35:13,Nyota/Kali,,Sigara & RIZLA,0,2,150,300,85.48,170.96,129.04,,,,,,
5/11/2026,14:35:13,Winston(R),,Sigara & RIZLA,0,1,200,200,130.53,130.53,69.47,,,,,,
5/11/2026,14:36:30,Double(KK)-200ml,,Vinywaji,6.20301E+12,1,"2,000.00","2,000.00","1,794.67","1,794.67",205.33,,,,,,
5/11/2026,14:49:16,Winston(R),,Sigara & RIZLA,0,1,200,200,130.53,130.53,69.47,,,,,,
5/11/2026,15:07:16,Pipi/Bigijii@100,,Vitamu,0,3,100,300,59.76,179.27,120.73,,,,,,
5/11/2026,15:07:16,Pipi/Bigijii@50,,Vitamu,0,2,50,100,31.63,63.27,36.73,,,,,,
5/11/2026,15:07:16,Mafuta/Kupikia-20L,,Viungo,0,0.3,"6,000.00","1,500.00","4,060.98","1,015.24",484.76,,,,,,
5/11/2026,15:46:54,Winston(R),,Sigara & RIZLA,0,3,200,600,130.53,391.58,208.42,,,,,,
5/11/2026,15:46:54,Pepsi : 600ML,,Vinywaji,6.2011E+12,1,"1,000.00","1,000.00",800,800,200,,,,,,
5/11/2026,15:46:54,Pipi/Bigijii@50,,Vitamu,0,1,50,50,31.63,31.63,18.37,,,,,,
5/11/2026,16:33:08,Double(KK)-200ml,,Vinywaji,6.20301E+12,1,"2,000.00","2,000.00","1,794.67","1,794.67",205.33,,,,,,
5/11/2026,16:33:08,Azam-Malt-300ML,,Vinywaji,6.00964E+12,1,600,600,496.79,496.79,103.21,,,,,,
5/11/2026,16:33:08,Winston(R),,Sigara & RIZLA,0,1,200,200,130.53,130.53,69.47,,,,,,
5/11/2026,16:41:34,Winston(R),,Sigara & RIZLA,0,4,200,800,130.53,522.11,277.89,,,,,,
5/11/2026,17:03:09,Winston(R),,Sigara & RIZLA,0,4,200,800,130.53,522.11,277.89,,,,,,
5/11/2026,17:04:58,Winston(R),,Sigara & RIZLA,0,4,200,800,130.53,522.11,277.89,,,,,,
5/11/2026,17:10:47,Winston(R),,Sigara & RIZLA,0,5,200,"1,000.00",130.53,652.63,347.37,,,,,,
5/11/2026,17:10:47,Uhai(W)-1.6L,,Vinywaji,6.20301E+12,1,800,800,498.15,498.15,301.85,,,,,,
5/11/2026,17:10:47,Pipi/Bigijii@100,,Vitamu,0,1,100,100,59.76,59.76,40.24,,,,,,
5/11/2026,17:24:26,Uhai(W)-1L,,Vinywaji,6.20301E+12,1,600,600,417.49,417.49,182.51,,,,,,
5/11/2026,17:24:26,UDI : STIKI,,Usafi:Binafsi,0,6,50,300,23.81,142.86,157.14,,,,,,
5/11/2026,17:24:26,Pipi/Bigijii@50,,Vitamu,0,2,50,100,31.63,63.27,36.73,,,,,,
5/11/2026,17:46:34,Pipi/Bigijii@50,,Vitamu,0,10,50,500,31.63,316.33,183.67,,,,,,
5/11/2026,18:05:38,Winston(R),,Sigara & RIZLA,0,3.5,200,700,130.53,456.84,243.16,,,,,,
5/11/2026,18:05:38,Pipi/Bigijii@100,,Vitamu,0,5,100,500,59.76,298.78,201.22,,,,,,
5/11/2026,18:05:38,Jobo-200ML,,Vinywaji,6.20304E+12,0.5,"2,000.00","1,000.00","1,723.96",861.98,138.02,,,,,,
5/11/2026,19:08:15,Pipi/Bigijii@50,,Vitamu,0,8,50,400,31.63,253.06,146.94,,,,,,
5/11/2026,19:25:40,Pipi/Bigijii@50,,Vitamu,0,10,50,500,31.63,316.33,183.67,,,,,,
5/11/2026,19:25:40,Neel-Salt-500g,,Viungo,6.20301E+12,1,500,500,287.5,287.5,212.5,,,,,,
5/11/2026,21:25:03,Winston(R),,Sigara & RIZLA,0,8,200,"1,600.00",130.53,"1,044.21",555.79,,,,,,
5/11/2026,21:25:03,Pipi/Bigijii@50,,Vitamu,0,28,50,"1,400.00",31.63,885.71,514.29,,,,,,
5/11/2026,21:25:03,Neel-Salt-500g,,Viungo,6.20301E+12,1,500,500,287.5,287.5,212.5,,,,,,
5/11/2026,21:25:03,Mafuta/Kupikia-20L,,Viungo,0,0.5,"6,000.00","3,000.00","4,060.98","2,030.49",969.51,,,,,,
5/11/2026,21:25:03,Uhai(W)-1.6L,,Vinywaji,6.20301E+12,1,800,800,498.15,498.15,301.85,,,,,,
5/11/2026,21:25:03,Sembe-25kg,,Nafaka,0,2.3,"1,500.00","3,375.00","1,180.00","2,655.00",720,,,,,,
5/11/2026,21:25:03,UDI : STIKI,,Usafi:Binafsi,0,2,50,100,23.81,47.62,52.38,,,,,,
5/11/2026,21:25:03,Tambi-25kg (Kupima),,Nafaka,0,0.3,"2,800.00",700,"2,140.00",535,165,,,,,,
5/11/2026,21:25:03,Embassy,,Sigara & RIZLA,0,2,400,800,278.03,556.06,243.94,,,,,,
5/11/2026,21:25:03,Pepsi : 600ML,,Vinywaji,6.2011E+12,1,"1,000.00","1,000.00",800,800,200,,,,,,
5/11/2026,21:25:03,Jambo:Cocopine-300ml,,Vinywaji,6.203E+12,1,600,600,417.29,417.29,182.71,,,,,,
5/11/2026,21:42:24,Winston(R),,Sigara & RIZLA,0,3.5,200,700,130.53,456.84,243.16,,,,,,
5/11/2026,21:42:24,Nyota/Kali,,Sigara & RIZLA,0,1,150,150,85.48,85.48,64.52,,,,,,
5/11/2026,21:54:44,Uhai(W)-1L,,Vinywaji,6.20301E+12,1,600,600,417.49,417.49,182.51,,,,,,
5/11/2026,21:54:44,Winston(R),,Sigara & RIZLA,0,1,200,200,130.53,130.53,69.47,,,,,,
5/11/2026,21:54:44,Cocacola : 350mL,,Vinywaji,0,1,800,800,558.3,558.3,241.7,,,,,,
5/11/2026,22:45:37,Paracetamol - 500mg,,Afya,0,6,50,300,30,180,120,,,,,,
5/11/2026,22:45:37,Jambo:Cocopine-300ml,,Vinywaji,6.203E+12,1,600,600,417.29,417.29,182.71,,,,,,
5/11/2026,22:45:37,UDI : STIKI,,Usafi:Binafsi,0,2,50,100,23.81,47.62,52.38,,,,,,
5/11/2026,22:45:37,Niceone-180g,,Usafi:Jumla,6.20302E+12,1,500,500,417.5,417.5,82.5,,,,,,
5/12/2026,8:05:24,Embassy,,Sigara & RIZLA,0,1,400,400,278.03,278.03,121.97,,,,,,
5/12/2026,8:05:24,Nyota/Kali,,Sigara & RIZLA,0,2,150,300,85.48,170.96,129.04,,,,,,
5/12/2026,8:05:24,Ngano-25kg,,Nafaka,0,1.5,"1,800.00","2,700.00","1,507.14","2,260.71",439.29,,,,,,
5/12/2026,8:05:24,Mirinda-600mL,,Vinywaji,6.2011E+12,1,"1,000.00","1,000.00",830.3,830.3,169.7,,,,,,
5/12/2026,8:05:24,Winston(R),,Sigara & RIZLA,0,1,200,200,130.53,130.53,69.47,,,,,,
5/12/2026,8:28:59,Niceone-400g,,Usafi:Jumla,6.20302E+12,1,"1,000.00","1,000.00",837.5,837.5,162.5,,,,,,
5/12/2026,9:55:08,Jambo:Cocopine-300ml,,Vinywaji,6.203E+12,1,600,600,417.29,417.29,182.71,,,,,,
5/12/2026,9:55:08,Ngano-25kg,,Nafaka,0,0.8,"1,800.00","1,350.00","1,507.14","1,130.36",219.64,,,,,,
5/12/2026,9:55:08,Mafuta/Kupikia-20L,,Viungo,0,0.3,"6,000.00","1,500.00","4,060.98","1,015.24",484.76,,,,,,
5/12/2026,10:31:42,Tambi-25kg (Kupima),,Nafaka,0,0.5,"2,800.00","1,400.00","2,140.00","1,070.00",330,,,,,,
5/12/2026,10:51:02,Winston(R),,Sigara & RIZLA,0,2,200,400,130.53,261.05,138.95,,,,,,
5/12/2026,11:13:56,Uhai(W)-1.6L,,Vinywaji,6.20301E+12,1,800,800,498.15,498.15,301.85,,,,,,
5/12/2026,11:13:56,Winston(R),,Sigara & RIZLA,0,20,200,"4,000.00",130.53,"2,610.53","1,389.47",,,,,,
5/12/2026,11:13:56,Pipi/Bigijii@50,,Vitamu,0,2,50,100,31.63,63.27,36.73,,,,,,
5/12/2026,11:24:55,Embassy,,Sigara & RIZLA,0,1,400,400,278.03,278.03,121.97,,,,,,
5/12/2026,11:24:55,Pipi/Bigijii@100,,Vitamu,0,2,100,200,59.76,119.51,80.49,,,,,,
5/12/2026,11:24:55,Winston(R),,Sigara & RIZLA,0,2,200,400,130.53,261.05,138.95,,,,,,
5/12/2026,11:24:55,Pepsi : 600ML,,Vinywaji,6.2011E+12,1,"1,000.00","1,000.00",800,800,200,,,,,,
5/12/2026,12:08:45,Embassy,,Sigara & RIZLA,0,1,400,400,278.03,278.03,121.97,,,,,,
5/12/2026,12:14:27,Uhai(W)-1L,,Vinywaji,6.20301E+12,1,600,600,417.49,417.49,182.51,,,,,,
5/12/2026,12:22:20,Uhai(W)-1.6L,,Vinywaji,6.20301E+12,2,800,"1,600.00",498.15,996.3,603.7,,,,,,
5/12/2026,12:22:20,Uhai(W)-1L,,Vinywaji,6.20301E+12,2,600,"1,200.00",417.49,834.98,365.02,,,,,,
5/12/2026,12:22:20,Double(KK)-200ml,,Vinywaji,6.20301E+12,0.5,"2,000.00","1,000.00","1,794.67",897.33,102.67,,,,,,
5/12/2026,12:53:58,Uhai(W)-1L,,Vinywaji,6.20301E+12,1,600,600,417.49,417.49,182.51,,,,,,
5/12/2026,12:53:58,Pipi/Bigijii@50,,Vitamu,0,2,50,100,31.63,63.27,36.73,,,,,,
5/12/2026,13:27:56,Pipi/Bigijii@50,,Vitamu,0,1,50,50,31.63,31.63,18.37,,,,,,
5/12/2026,13:27:56,Mafuta/Kupikia-20L,,Viungo,0,1,"6,000.00","6,000.00","4,060.98","4,060.98","1,939.02",,,,,,
5/12/2026,13:41:18,Pipi/Bigijii@50,,Vitamu,0,2,50,100,31.63,63.27,36.73,,,,,,
5/12/2026,13:41:18,Mafuta/Kupikia-20L,,Viungo,0,0.3,"6,000.00","1,500.00","4,060.98","1,015.24",484.76,,,,,,
5/12/2026,13:41:18,Sembe-25kg,,Nafaka,0,0.5,"1,500.00",750,"1,180.00",590,160,,,,,,
5/12/2026,13:41:18,Smart Gin-200ML,,Vinywaji,6.20301E+12,0.5,"2,000.00","1,000.00","1,744.28",872.14,127.86,,,,,,
5/12/2026,13:41:18,Uhai(W)-1L,,Vinywaji,6.20301E+12,1,600,600,417.49,417.49,182.51,,,,,,
5/12/2026,13:41:18,Double(KK)-200ml,,Vinywaji,6.20301E+12,0.5,"2,000.00","1,000.00","1,794.67",897.33,102.67,,,,,,
5/12/2026,14:24:49,Azam-Cola-300ML,,Vinywaji,6.20301E+12,2,600,"1,200.00",423.55,847.1,352.9,,,,,,
5/12/2026,14:24:49,Winston(R),,Sigara & RIZLA,0,5,200,"1,000.00",130.53,652.63,347.37,,,,,,
5/12/2026,15:08:44,Sembe-25kg,,Nafaka,0,0.5,"1,500.00",750,"1,180.00",590,160,,,,,,
5/12/2026,15:21:24,Jambo:Cocopine-300ml,,Vinywaji,6.203E+12,1,600,600,417.29,417.29,182.71,,,,,,
5/12/2026,16:02:56,Fanta-Orange : 350mL,,Vinywaji,0,1,800,800,558.33,558.33,241.67,,,,,,
5/12/2026,16:02:56,Master(R),,Sigara & RIZLA,0,4,150,600,104.65,418.61,181.39,,,,,,
5/12/2026,16:19:30,Winston(R),,Sigara & RIZLA,0,1,200,200,130.53,130.53,69.47,,,,,,
5/12/2026,16:31:09,Winston(R),,Sigara & RIZLA,0,2,200,400,130.53,261.05,138.95,,,,,,
5/12/2026,16:31:09,Winston(R),,Sigara & RIZLA,0,1,200,200,130.18,130.18,69.82,,,,,,
5/12/2026,17:04:58,Pipi/Bigijii@100,,Vitamu,0,4,100,400,59.76,239.02,160.98,,,,,,
5/12/2026,17:32:09,Pipi/Bigijii@50,,Vitamu,0,4,50,200,31.63,126.53,73.47,,,,,,
5/12/2026,17:34:56,Winston(R),,Sigara & RIZLA,0,2,200,400,130.53,261.05,138.95,,,,,,
5/12/2026,17:34:56,Azam-Cola-300ML,,Vinywaji,6.20301E+12,1,600,600,423.55,423.55,176.45,,,,,,
5/12/2026,17:36:25,Winston(R),,Sigara & RIZLA,0,5,200,"1,000.00",130.53,652.63,347.37,,,,,,
5/12/2026,18:07:46,Embassy,,Sigara & RIZLA,0,1,400,400,278.03,278.03,121.97,,,,,,
5/12/2026,18:07:46,Pipi/Bigijii@50,,Vitamu,0,1,50,50,31.63,31.63,18.37,,,,,,
5/12/2026,18:10:32,Fanta-Passion : 350mL,,Vinywaji,0,1,800,800,558.33,558.33,241.67,,,,,,
5/12/2026,18:10:32,Sparletta : 350mL,,Vinywaji,0,1,800,800,563,563,237,,,,,,
5/12/2026,18:38:50,RIZLA,,Sigara & RIZLA,0,2,800,"1,600.00",550,"1,100.00",500,,,,,,
5/12/2026,18:38:50,Mosquito :COIL,,Afya,0,1,250,250,140,140,110,,,,,,
5/12/2026,18:38:50,Sukari(Kupima) - 50kg,,Viungo,0,0.8,"3,000.00","2,250.00","2,360.00","1,770.00",480,,,,,,
5/12/2026,18:41:48,RIZLA,,Sigara & RIZLA,0,2,800,"1,600.00",550,"1,100.00",500,,,,,,
5/12/2026,18:41:48,Mosquito :COIL,,Afya,0,1,250,250,140,140,110,,,,,,
5/12/2026,18:41:48,Sukari(Kupima) - 50kg,,Viungo,0,0.8,"3,000.00","2,250.00","2,360.00","1,770.00",480,,,,,,
5/12/2026,18:41:48,Pipi/Bigijii@50,,Vitamu,0,2,50,100,31.63,63.27,36.73,,,,,,
5/12/2026,18:47:08,RIZLA,,Sigara & RIZLA,0,2,800,"1,600.00",550,"1,100.00",500,,,,,,
5/12/2026,18:47:08,Mosquito :COIL,,Afya,0,1,250,250,140,140,110,,,,,,
5/12/2026,18:47:08,Sukari(Kupima) - 50kg,,Viungo,0,0.8,"3,000.00","2,250.00","2,360.00","1,770.00",480,,,,,,
5/12/2026,18:47:08,Pipi/Bigijii@50,,Vitamu,0,5,50,250,31.63,158.16,91.84,,,,,,
5/12/2026,18:47:08,Jambo:Bolibo-300ml,,Vinywaji,6.203E+12,1,600,600,428.57,428.57,171.43,,,,,,
5/12/2026,18:47:08,Sembe-25kg,,Nafaka,0,0.3,"1,500.00",375,"1,180.00",295,80,,,,,,
5/12/2026,18:47:08,Winston(R),,Sigara & RIZLA,0,4,200,800,130.53,522.11,277.89,,,,,,
5/12/2026,19:08:50,Winston(R),,Sigara & RIZLA,0,5,200,"1,000.00",130.53,652.63,347.37,,,,,,
5/12/2026,19:08:50,Pipi/Bigijii@100,,Vitamu,0,1,100,100,59.76,59.76,40.24,,,,,,
5/12/2026,19:28:00,Sembe-25kg,,Nafaka,0,2,"1,500.00","3,000.00","1,180.00","2,360.00",640,,,,,,
5/12/2026,19:28:00,Mshumaa,,Jikoni,6.203E+12,1,500,500,277.78,277.78,222.22,,,,,,
5/12/2026,19:28:00,Winston(R),,Sigara & RIZLA,0,2,200,400,130.53,261.05,138.95,,,,,,
5/12/2026,19:34:03,Winston(R),,Sigara & RIZLA,0,2,200,400,130.53,261.05,138.95,,,,,,
5/12/2026,19:34:03,Sembe-25kg,,Nafaka,0,0.8,"1,500.00","1,125.00","1,180.00",885,240,,,,,,
5/12/2026,19:34:03,Mafuta/Kupikia-20L,,Viungo,0,1,"6,000.00","6,000.00","4,060.98","4,060.98","1,939.02",,,,,,
5/12/2026,19:35:22,Winston(R),,Sigara & RIZLA,0,2,200,400,130.53,261.05,138.95,,,,,,
5/12/2026,19:35:22,Sembe-25kg,,Nafaka,0,0.8,"1,500.00","1,125.00","1,180.00",885,240,,,,,,
5/12/2026,19:35:22,Mafuta/Kupikia-20L,,Viungo,0,1,"6,000.00","6,000.00","4,060.98","4,060.98","1,939.02",,,,,,
5/12/2026,19:35:57,Winston(R),,Sigara & RIZLA,0,2,200,400,130.53,261.05,138.95,,,,,,
5/12/2026,19:35:57,Sembe-25kg,,Nafaka,0,0.8,"1,500.00","1,125.00","1,180.00",885,240,,,,,,
5/12/2026,19:35:57,Mafuta/Kupikia-20L,,Viungo,0,1,"6,000.00","6,000.00","4,060.98","4,060.98","1,939.02",,,,,,
5/12/2026,19:47:59,Winston(R),,Sigara & RIZLA,0,1,200,200,130.53,130.53,69.47,,,,,,
5/12/2026,19:47:59,Uhai(W)-1.6L,,Vinywaji,6.20301E+12,1,800,800,498.15,498.15,301.85,,,,,,
5/12/2026,19:55:15,Pipi/Bigijii@100,,Vitamu,0,3,100,300,59.76,179.27,120.73,,,,,,
5/12/2026,20:03:43,Winston(R),,Sigara & RIZLA,0,10,200,"2,000.00",130.18,"1,301.79",698.21,,,,,,
5/12/2026,20:10:32,K-vant(S)-250ML,,Vinywaji,6.203E+12,1,"4,500.00","4,500.00","3,340.74","3,340.74","1,159.26",,,,,,
5/12/2026,20:10:32,Smart Gin-200ML,,Vinywaji,6.20301E+12,0.5,"2,000.00","1,000.00","1,744.28",872.14,127.86,,,,,,
5/12/2026,20:27:28,Nyota/Kali,,Sigara & RIZLA,0,2,150,300,85.48,170.96,129.04,,,,,,
5/12/2026,20:27:28,Winston(R),,Sigara & RIZLA,0,1,200,200,130.53,130.53,69.47,,,,,,
5/12/2026,20:37:07,Winston(R),,Sigara & RIZLA,0,2,200,400,130.53,261.05,138.95,,,,,,
5/12/2026,20:37:07,Pipi/Bigijii@50,,Vitamu,0,2,50,100,31.63,63.27,36.73,,,,,,
5/12/2026,20:49:05,Winston(R),,Sigara & RIZLA,0,1,200,200,130.53,130.53,69.47,,,,,,
5/12/2026,20:49:05,Smart Gin-200ML,,Vinywaji,6.20301E+12,0.5,"2,000.00","1,000.00","1,744.28",872.14,127.86,,,,,,
5/12/2026,21:01:42,Embassy,,Sigara & RIZLA,0,2,400,800,278.03,556.06,243.94,,,,,,
5/12/2026,21:01:42,Winston(R),,Sigara & RIZLA,0,2,200,400,130.53,261.05,138.95,,,,,,
5/12/2026,21:22:51,Jambo:Bolibo-300ml,,Vinywaji,6.203E+12,1,600,600,428.57,428.57,171.43,,,,,,
5/12/2026,21:22:51,Jambo:Cocopine-300ml,,Vinywaji,6.203E+12,1,600,600,417.29,417.29,182.71,,,,,,
5/12/2026,21:24:34,Pipi/Bigijii@100,,Vitamu,0,3,100,300,59.76,179.27,120.73,,,,,,
5/12/2026,21:24:34,Pipi/Bigijii@50,,Vitamu,0,4,50,200,31.63,126.53,73.47,,,,,,
5/12/2026,21:39:48,Winston(R),,Sigara & RIZLA,0,2,200,400,130.53,261.05,138.95,,,,,,
5/12/2026,21:52:54,Winston(R),,Sigara & RIZLA,0,3.5,200,700,130.53,456.84,243.16,,,,,,
5/12/2026,21:52:54,Pipi/Bigijii@100,,Vitamu,0,1,100,100,59.76,59.76,40.24,,,,,,
5/12/2026,21:55:58,Winston(R),,Sigara & RIZLA,0,1.5,200,300,130.53,195.79,104.21,,,,,,
5/12/2026,21:57:44,Mosquito :COIL,,Afya,0,2,250,500,140,280,220,,,,,,
5/12/2026,22:05:30,Portsman,,Sigara & RIZLA,0,1,300,300,220.88,220.88,79.12,,,,,,
5/12/2026,22:05:30,Mosquito :COIL,,Afya,0,3,250,750,140,420,330,,,,,,
5/12/2026,22:10:57,Embassy,,Sigara & RIZLA,0,1,400,400,278.03,278.03,121.97,,,,,,
5/12/2026,22:10:57,Nyota/Kali,,Sigara & RIZLA,0,2,150,300,85.48,170.96,129.04,,,,,,
5/12/2026,22:10:57,Winston(R),,Sigara & RIZLA,0,1,200,200,130.53,130.53,69.47,,,,,,
5/12/2026,22:10:57,Mosquito :COIL,,Afya,0,3,250,750,140,420,330,,,,,,
5/12/2026,22:10:57,Pipi/Bigijii@100,,Vitamu,0,2,100,200,59.76,119.51,80.49,,,,,,
5/12/2026,22:29:04,Winston(R),,Sigara & RIZLA,0,1,200,200,130.53,130.53,69.47,,,,,,
5/12/2026,22:40:45,UDI : STIKI,,Usafi:Binafsi,0,5,50,250,23.81,119.05,130.95,,,,,,
5/12/2026,22:40:45,Winston(R),,Sigara & RIZLA,0,1,200,200,130.53,130.53,69.47,,,,,,
5/12/2026,22:40:45,Jambo:Cocopine-300ml,,Vinywaji,6.203E+12,1,600,600,417.29,417.29,182.71,,,,,,
5/12/2026,22:48:07,Smart Gin-200ML,,Vinywaji,6.20301E+12,0.5,"2,000.00","1,000.00","1,744.28",872.14,127.86,,,,,,
5/12/2026,22:48:07,Embassy,,Sigara & RIZLA,0,1,400,400,278.03,278.03,121.97,,,,,,
5/13/2026,13:32:23,Winston(R),,Sigara & RIZLA,0,46,200,"9,200.00",130.53,"6,004.21","3,195.79",,,,,,
5/13/2026,13:32:23,Smart Gin-200ML,,Vinywaji,6.20301E+12,1.5,"2,000.00","3,000.00","1,744.28","2,616.42",383.58,,,,,,
5/13/2026,13:32:23,Sukari(Kupima) - 50kg,,Viungo,0,1,"3,000.00","3,000.00","2,360.00","2,360.00",640,,,,,,
5/13/2026,13:32:23,Tambi-25kg (Kupima),,Nafaka,0,0.3,"2,800.00",700,"2,140.00",535,165,,,,,,
5/13/2026,13:32:23,Kiwembe : Dorco,,Usafi:Binafsi,8.80104E+12,1,200,200,85,85,115,,,,,,
5/13/2026,13:32:23,Niceone-400g,,Usafi:Jumla,6.20302E+12,3,"1,000.00","3,000.00",837.5,"2,512.50",487.5,,,,,,
5/13/2026,13:32:23,Embassy,,Sigara & RIZLA,0,1,400,400,278.03,278.03,121.97,,,,,,
5/13/2026,13:32:23,Nyota/Kali,,Sigara & RIZLA,0,2,150,300,85.48,170.96,129.04,,,,,,
5/13/2026,13:32:23,Azam-Cola-300ML,,Vinywaji,6.20301E+12,2,600,"1,200.00",423.55,847.1,352.9,,,,,,
5/13/2026,13:32:23,Jambo:Cocopine-300ml,,Vinywaji,6.203E+12,1,600,600,417.29,417.29,182.71,,,,,,
5/13/2026,13:32:23,Master(K),,Sigara & RIZLA,0,2,150,300,100.76,201.53,98.47,,,,,,
5/13/2026,13:32:23,Uhai(W)-1L,,Vinywaji,6.20301E+12,1,600,600,417.49,417.49,182.51,,,,,,
5/13/2026,13:32:23,Pepsi : 600ML,,Vinywaji,6.2011E+12,2,"1,000.00","2,000.00",800,"1,600.00",400,,,,,,
5/13/2026,13:32:23,Mirinda-600mL,,Vinywaji,6.2011E+12,2,"1,000.00","2,000.00",830.3,"1,660.61",339.39,,,,,,
5/13/2026,13:32:23,Pipi/Bigijii@50,,Vitamu,0,2,50,100,31.63,63.27,36.73,,,,,,
5/13/2026,14:29:50,Pepsi : 350ml,,Vinywaji,0,3,700,"2,100.00",500,"1,500.00",600,,,,,,
5/13/2026,14:29:50,Pipi/Bigijii@50,,Vitamu,0,20,50,"1,000.00",31.63,632.65,367.35,,,,,,
5/13/2026,14:29:50,Winston(R),,Sigara & RIZLA,0,1,200,200,130.53,130.53,69.47,,,,,,
5/13/2026,14:31:51,Pipi/Bigijii@50,,Vitamu,0,6,50,300,31.63,189.8,110.2,,,,,,
5/13/2026,14:31:51,Winston(R),,Sigara & RIZLA,0,1,200,200,130.53,130.53,69.47,,,,,,
5/13/2026,14:42:39,Winston(R),,Sigara & RIZLA,0,1,200,200,130.53,130.53,69.47,,,,,,
5/13/2026,14:53:06,Sembe-25kg,,Nafaka,0,0.5,"1,500.00",750,"1,180.00",590,160,,,,,,
5/13/2026,17:34:27,Pepsi : 350ml,,Vinywaji,0,1,700,700,500,500,200,,,,,,
5/13/2026,17:34:27,Winston(R),,Sigara & RIZLA,0,10,200,"2,000.00",130.53,"1,305.26",694.74,,,,,,
5/13/2026,17:34:27,Neel-Salt-500g,,Viungo,6.20301E+12,1,500,500,287.5,287.5,212.5,,,,,,
5/13/2026,18:02:32,Pipi/Bigijii@50,,Vitamu,0,1,50,50,31.63,31.63,18.37,,,,,,
5/13/2026,20:14:27,Smart Gin-200ML,,Vinywaji,6.20301E+12,2.5,"2,000.00","5,000.00","1,744.28","4,360.70",639.3,,,,,,
5/13/2026,20:14:27,Winston(R),,Sigara & RIZLA,0,4.5,200,900,130.53,587.37,312.63,,,,,,
5/13/2026,20:14:27,Mshumaa,,Jikoni,6.203E+12,2,500,"1,000.00",277.78,555.56,444.44,,,,,,
5/13/2026,20:14:27,Double(KK)-200ml,,Vinywaji,6.20301E+12,0.5,"2,000.00","1,000.00","1,794.67",897.33,102.67,,,,,,
5/13/2026,20:14:27,Uhai(W)-1.6L,,Vinywaji,6.20301E+12,1,800,800,498.15,498.15,301.85,,,,,,
5/13/2026,20:14:27,Azam-Malt-300ML,,Vinywaji,6.00964E+12,1,600,600,496.79,496.79,103.21,,,,,,
5/13/2026,20:14:27,Jambo:Cocopine-300ml,,Vinywaji,6.203E+12,1,600,600,417.29,417.29,182.71,,,,,,
5/13/2026,20:14:27,Nyota/Kali,,Sigara & RIZLA,0,3,150,450,85.48,256.43,193.57,,,,,,
5/13/2026,20:14:27,Pepsi : 600ML,,Vinywaji,6.2011E+12,1,"1,000.00","1,000.00",800,800,200,,,,,,
5/13/2026,20:14:27,Niceone-400g,,Usafi:Jumla,6.20302E+12,1,"1,000.00","1,000.00",837.5,837.5,162.5,,,,,,
5/13/2026,20:14:27,Uhai(W)-1L,,Vinywaji,6.20301E+12,5,600,"3,000.00",417.49,"2,087.46",912.54,,,,,,
5/13/2026,20:14:27,Portsman,,Sigara & RIZLA,0,3,300,900,220.88,662.65,237.35,,,,,,
5/13/2026,20:42:07,Smart Gin-200ML,,Vinywaji,6.20301E+12,2.5,"2,000.00","5,000.00","1,744.28","4,360.70",639.3,,,,,,
5/13/2026,20:42:07,Winston(R),,Sigara & RIZLA,0,7,200,"1,400.00",130.53,913.68,486.32,,,,,,
5/13/2026,20:42:07,Mshumaa,,Jikoni,6.203E+12,2,500,"1,000.00",277.78,555.56,444.44,,,,,,
5/13/2026,20:42:07,Double(KK)-200ml,,Vinywaji,6.20301E+12,0.5,"2,000.00","1,000.00","1,794.67",897.33,102.67,,,,,,
5/13/2026,20:42:07,Uhai(W)-1.6L,,Vinywaji,6.20301E+12,1,800,800,498.15,498.15,301.85,,,,,,
5/13/2026,20:42:07,Azam-Malt-300ML,,Vinywaji,6.00964E+12,1,600,600,496.79,496.79,103.21,,,,,,
5/13/2026,20:42:07,Jambo:Cocopine-300ml,,Vinywaji,6.203E+12,2,600,"1,200.00",417.29,834.58,365.42,,,,,,
5/13/2026,20:42:07,Nyota/Kali,,Sigara & RIZLA,0,3,150,450,85.48,256.43,193.57,,,,,,
5/13/2026,20:42:07,Pepsi : 600ML,,Vinywaji,6.2011E+12,1,"1,000.00","1,000.00",800,800,200,,,,,,
5/13/2026,20:42:07,Niceone-400g,,Usafi:Jumla,6.20302E+12,1,"1,000.00","1,000.00",837.5,837.5,162.5,,,,,,
5/13/2026,20:42:07,Uhai(W)-1L,,Vinywaji,6.20301E+12,5,600,"3,000.00",417.49,"2,087.46",912.54,,,,,,
5/13/2026,20:42:07,Portsman,,Sigara & RIZLA,0,3,300,900,220.88,662.65,237.35,,,,,,
5/13/2026,20:42:07,Pipi/Bigijii@50,,Vitamu,0,2,50,100,31.63,63.27,36.73,,,,,,
5/13/2026,20:42:07,Pipi/Bigijii@100,,Vitamu,0,1,100,100,59.76,59.76,40.24,,,,,,
5/13/2026,20:42:07,Mafuta/Kupikia-20L,,Viungo,0,0.3,"6,000.00","1,500.00","4,060.98","1,015.24",484.76,,,,,,
5/13/2026,20:46:06,Smart Gin-200ML,,Vinywaji,6.20301E+12,2.5,"2,000.00","5,000.00","1,744.28","4,360.70",639.3,,,,,,
5/13/2026,20:46:06,Winston(R),,Sigara & RIZLA,0,7,200,"1,400.00",130.53,913.68,486.32,,,,,,
5/13/2026,20:46:06,Mshumaa,,Jikoni,6.203E+12,2,500,"1,000.00",277.78,555.56,444.44,,,,,,
5/13/2026,20:46:06,Double(KK)-200ml,,Vinywaji,6.20301E+12,0.5,"2,000.00","1,000.00","1,794.67",897.33,102.67,,,,,,
5/13/2026,20:46:06,Uhai(W)-1.6L,,Vinywaji,6.20301E+12,1,800,800,498.15,498.15,301.85,,,,,,
5/13/2026,20:46:06,Azam-Malt-300ML,,Vinywaji,6.00964E+12,1,600,600,496.79,496.79,103.21,,,,,,
5/13/2026,20:46:06,Jambo:Cocopine-300ml,,Vinywaji,6.203E+12,2,600,"1,200.00",417.29,834.58,365.42,,,,,,
5/13/2026,20:46:06,Nyota/Kali,,Sigara & RIZLA,0,3,150,450,85.48,256.43,193.57,,,,,,
5/13/2026,20:46:06,Pepsi : 600ML,,Vinywaji,6.2011E+12,1,"1,000.00","1,000.00",800,800,200,,,,,,
5/13/2026,20:46:06,Niceone-400g,,Usafi:Jumla,6.20302E+12,1,"1,000.00","1,000.00",837.5,837.5,162.5,,,,,,
5/13/2026,20:46:06,Uhai(W)-1L,,Vinywaji,6.20301E+12,5,600,"3,000.00",417.49,"2,087.46",912.54,,,,,,
5/13/2026,20:46:06,Portsman,,Sigara & RIZLA,0,3,300,900,220.88,662.65,237.35,,,,,,
5/13/2026,20:46:06,Pipi/Bigijii@50,,Vitamu,0,2,50,100,31.63,63.27,36.73,,,,,,
5/13/2026,20:46:06,Pipi/Bigijii@100,,Vitamu,0,1,100,100,59.76,59.76,40.24,,,,,,
5/13/2026,20:46:06,Mafuta/Kupikia-20L,,Viungo,0,0.3,"6,000.00","1,500.00","4,060.98","1,015.24",484.76,,,,,,
5/13/2026,21:46:44,Mirinda-600mL,,Vinywaji,6.2011E+12,1,"1,000.00","1,000.00",830.3,830.3,169.7,,,,,,
5/13/2026,21:46:44,Mayai@Kizungu,,Viungo,0,8,350,"2,800.00",266.67,"2,133.33",666.67,,,,,,
5/13/2026,21:46:44,Winston(R),,Sigara & RIZLA,0,2,200,400,130.53,261.05,138.95,,,,,,
5/13/2026,21:46:44,Smart Gin-200ML,,Vinywaji,6.20301E+12,0.5,"2,000.00","1,000.00","1,744.28",872.14,127.86,,,,,,
5/13/2026,21:48:25,Fanta-Orange : 350mL,,Vinywaji,0,1,800,800,558.33,558.33,241.67,,,,,,
5/13/2026,21:48:25,Winston(R),,Sigara & RIZLA,0,2,200,400,130.53,261.05,138.95,,,,,,
5/13/2026,22:53:02,Mafuta/Kupikia-20L,,Viungo,0,1,"6,000.00","6,000.00","4,060.98","4,060.98","1,939.02",,,,,,
5/13/2026,22:53:02,Pipi/Bigijii@50,,Vitamu,0,8,50,400,31.63,253.06,146.94,,,,,,
5/13/2026,22:53:02,Jambo:Cocopine-300ml,,Vinywaji,6.203E+12,1,600,600,417.29,417.29,182.71,,,,,,
5/13/2026,22:53:02,Embassy,,Sigara & RIZLA,0,3,400,"1,200.00",278.03,834.09,365.91,,,,,,
5/13/2026,22:53:02,Fanta-Orange : 350mL,,Vinywaji,0,1,800,800,558.33,558.33,241.67,,,,,,
5/13/2026,22:53:02,Ngano-25kg,,Nafaka,0,1.5,"1,800.00","2,700.00","1,507.14","2,260.71",439.29,,,,,,
5/13/2026,22:53:02,Winston(R),,Sigara & RIZLA,0,5.5,200,"1,100.00",130.53,717.89,382.11,,,,,,
5/14/2026,10:31:30,Winston(R),,Sigara & RIZLA,0,20,200,"4,000.00",130.53,"2,610.53","1,389.47",,,,,,
5/14/2026,10:31:30,Mafuta/Kupikia-20L,,Viungo,0,0.3,"6,000.00","1,500.00","4,060.98","1,015.24",484.76,,,,,,
5/14/2026,10:31:30,Pipi/Bigijii@100,,Vitamu,0,3,100,300,59.76,179.27,120.73,,,,,,
5/14/2026,10:31:30,Pipi/Bigijii@50,,Vitamu,0,14,50,700,31.63,442.86,257.14,,,,,,
5/14/2026,10:44:11,Sukari(Kupima) - 50kg,,Viungo,0,0.5,"3,000.00","1,500.00","2,360.00","1,180.00",320,,,,,,
5/14/2026,13:33:29,Pipi/Bigijii@50,,Vitamu,0,22,50,"1,100.00",31.63,695.92,404.08,,,,,,
5/14/2026,13:33:29,Azam-Cola-300ML,,Vinywaji,6.20301E+12,2,600,"1,200.00",423.55,847.1,352.9,,,,,,
5/14/2026,13:33:29,Azam-Punch-300ML,,Vinywaji,6.20301E+12,2,600,"1,200.00",445.83,891.67,308.33,,,,,,
5/14/2026,13:33:29,Embassy,,Sigara & RIZLA,0,3,400,"1,200.00",278.03,834.09,365.91,,,,,,
5/14/2026,13:33:29,Fanta-Orange : 350mL,,Vinywaji,0,1,800,800,558.33,558.33,241.67,,,,,,
5/14/2026,13:33:29,Cocacola : 350mL,,Vinywaji,0,1,800,800,558.3,558.3,241.7,,,,,,
5/14/2026,13:33:29,Smart Gin-200ML,,Vinywaji,6.20301E+12,0.5,"2,000.00","1,000.00","1,744.28",872.14,127.86,,,,,,
5/14/2026,13:33:29,Kiwembe : RK,,Usafi:Binafsi,0,1,100,100,60,60,40,,,,,,
5/14/2026,13:33:29,Jambo:Bolibo-300ml,,Vinywaji,6.203E+12,1,600,600,428.57,428.57,171.43,,,,,,
5/14/2026,13:33:29,Jambo:Cocopine-300ml,,Vinywaji,6.203E+12,1,600,600,417.29,417.29,182.71,,,,,,
5/14/2026,13:33:29,Sembe-25kg,,Nafaka,0,0.8,"1,500.00","1,125.00","1,180.00",885,240,,,,,,
5/14/2026,13:33:29,Nyota/Kali,,Sigara & RIZLA,0,2,150,300,85.48,170.96,129.04,,,,,,
5/14/2026,13:33:29,Sukari(Kupima) - 50kg,,Viungo,0,0.5,"3,000.00","1,500.00","2,360.00","1,180.00",320,,,,,,
5/14/2026,13:40:54,Winston(R),,Sigara & RIZLA,0,6,200,"1,200.00",130.53,783.16,416.84,,,,,,
5/14/2026,13:40:54,Master(R),,Sigara & RIZLA,0,2,150,300,104.65,209.31,90.69,,,,,,
5/14/2026,13:40:54,Azam-Cola-300ML,,Vinywaji,6.20301E+12,1,600,600,423.55,423.55,176.45,,,,,,
5/14/2026,14:25:06,Uhai(W)-1L,,Vinywaji,6.20301E+12,1,600,600,417.49,417.49,182.51,,,,,,
5/14/2026,14:25:06,Azam-Punch-300ML,,Vinywaji,6.20301E+12,1,600,600,445.83,445.83,154.17,,,,,,
5/14/2026,14:29:56,Pipi/Bigijii@50,,Vitamu,0,2,50,100,31.63,63.27,36.73,,,,,,
5/14/2026,14:29:56,Mayai@Kizungu,,Viungo,0,3,350,"1,050.00",266.67,800,250,,,,,,
5/14/2026,14:29:56,UDI : STIKI,,Usafi:Binafsi,0,8,50,400,23.81,190.48,209.52,,,,,,
5/14/2026,14:29:56,Azam-Cola-300ML,,Vinywaji,6.20301E+12,1,600,600,423.55,423.55,176.45,,,,,,
5/14/2026,17:19:02,Uhai(W)-1L,,Vinywaji,6.20301E+12,2,600,"1,200.00",417.49,834.98,365.02,,,,,,
5/14/2026,17:19:02,Azam-Cola-300ML,,Vinywaji,6.20301E+12,2,600,"1,200.00",423.55,847.1,352.9,,,,,,
5/14/2026,17:19:02,Winston(R),,Sigara & RIZLA,0,6,200,"1,200.00",130.53,783.16,416.84,,,,,,
5/14/2026,17:19:02,Kiwembe : Dorco,,Usafi:Binafsi,8.80104E+12,1,200,200,85,85,115,,,,,,
5/14/2026,17:19:02,Embassy,,Sigara & RIZLA,0,1,400,400,278.03,278.03,121.97,,,,,,
5/14/2026,17:19:02,Pipi/Bigijii@100,,Vitamu,0,1,100,100,59.76,59.76,40.24,,,,,,
5/14/2026,17:19:02,Pipi/Bigijii@50,,Vitamu,0,1,50,50,31.63,31.63,18.37,,,,,,
5/14/2026,17:19:02,Mafuta/Kupikia-20L,,Viungo,0,1,"6,000.00","6,000.00","4,060.98","4,060.98","1,939.02",,,,,,
5/14/2026,17:19:02,Azam-Punch-300ML,,Vinywaji,6.20301E+12,1,600,600,445.83,445.83,154.17,,,,,,
5/14/2026,18:23:50,"Tamu : Bakery Skonzi-4pcs@1,600",,Nafaka,0,1,500,500,400,400,100,,,,,,
5/14/2026,18:23:50,Sembe-25kg,,Nafaka,0,0.5,"1,500.00",750,"1,180.00",590,160,,,,,,
5/14/2026,18:23:50,Mafuta/Kupikia-20L,,Viungo,0,0.3,"6,000.00","1,500.00","4,060.98","1,015.24",484.76,,,,,,
5/14/2026,18:23:50,Pipi/Bigijii@100,,Vitamu,0,1,100,100,59.76,59.76,40.24,,,,,,
5/14/2026,19:47:44,Pipi/Bigijii@50,,Vitamu,0,6,50,300,31.63,189.8,110.2,,,,,,
5/14/2026,19:47:44,Double(KK)-200ml,,Vinywaji,6.20301E+12,0.5,"2,000.00","1,000.00","1,794.67",897.33,102.67,,,,,,
5/14/2026,19:47:44,Winston(R),,Sigara & RIZLA,0,1,200,200,130.53,130.53,69.47,,,,,,
5/14/2026,19:47:44,Smart Gin-200ML,,Vinywaji,6.20301E+12,0.5,"2,000.00","1,000.00","1,744.28",872.14,127.86,,,,,,
5/14/2026,19:47:44,Pipi/Bigijii@100,,Vitamu,0,1,100,100,59.76,59.76,40.24,,,,,,
5/14/2026,19:52:40,Fanta-Orange : 350mL,,Vinywaji,0,1,800,800,558.33,558.33,241.67,,,,,,
5/14/2026,19:52:40,Jambo:Cocopine-300ml,,Vinywaji,6.203E+12,1,600,600,417.29,417.29,182.71,,,,,,
5/14/2026,20:40:05,Double(KK)-200ml,,Vinywaji,6.20301E+12,1,"2,000.00","2,000.00","1,794.67","1,794.67",205.33,,,,,,
5/14/2026,20:40:05,Mosquito :COIL,,Afya,0,8,250,"2,000.00",140,"1,120.00",880,,,,,,
5/14/2026,20:40:05,Winston(R),,Sigara & RIZLA,0,2.5,200,500,130.53,326.32,173.68,,,,,,
5/14/2026,20:40:05,Neel-Salt-500g,,Viungo,6.20301E+12,1,500,500,287.5,287.5,212.5,,,,,,
5/14/2026,20:40:05,Uhai(W)-1L,,Vinywaji,6.20301E+12,2,600,"1,200.00",417.49,834.98,365.02,,,,,,
5/14/2026,20:40:05,Nyota/Kali,,Sigara & RIZLA,0,2,150,300,85.48,170.96,129.04,,,,,,
5/14/2026,21:25:34,Pepsi : 350ml,,Vinywaji,0,1,700,700,500,500,200,,,,,,
5/14/2026,21:25:34,Tamu : Bakery Mkate-1pcs@800,,Nafaka,0,1,"1,000.00","1,000.00",800,800,200,,,,,,
5/14/2026,21:25:34,Mosquito :COIL,,Afya,0,4,250,"1,000.00",140,560,440,,,,,,
5/14/2026,21:30:27,Mosquito :COIL,,Afya,0,2,250,500,140,280,220,,,,,,
5/14/2026,21:30:27,Pipi/Bigijii@100,,Vitamu,0,2,100,200,59.76,119.51,80.49,,,,,,
5/14/2026,21:30:27,Nyota/Kali,,Sigara & RIZLA,0,2,150,300,85.48,170.96,129.04,,,,,,
5/14/2026,22:54:11,Jambo:Lemon-300ml,,Vinywaji,0,2,600,"1,200.00",433.33,866.67,333.33,,,,,,
5/14/2026,22:54:11,Mosquito :COIL,,Afya,0,2,250,500,140,280,220,,,,,,
5/14/2026,22:54:11,Azam-Cola-300ML,,Vinywaji,6.20301E+12,1,600,600,423.55,423.55,176.45,,,,,,
5/14/2026,22:54:11,Nyota/Kali,,Sigara & RIZLA,0,2,150,300,85.48,170.96,129.04,,,,,,
5/14/2026,22:54:11,Master(R),,Sigara & RIZLA,0,1,150,150,104.65,104.65,45.35,,,,,,
5/14/2026,22:54:11,Winston(R),,Sigara & RIZLA,0,2.5,200,500,130.18,325.45,174.55,,,,,,
5/14/2026,22:54:11,Winston(R),,Sigara & RIZLA,0,15.5,200,"3,100.00",130.53,"2,023.16","1,076.84",,,,,,
5/14/2026,22:54:43,Jambo:Lemon-300ml,,Vinywaji,0,2,600,"1,200.00",433.33,866.67,333.33,,,,,,
5/14/2026,22:54:43,Mosquito :COIL,,Afya,0,2,250,500,140,280,220,,,,,,
5/14/2026,22:54:43,Azam-Cola-300ML,,Vinywaji,6.20301E+12,1,600,600,423.55,423.55,176.45,,,,,,
5/14/2026,22:54:43,Nyota/Kali,,Sigara & RIZLA,0,2,150,300,85.48,170.96,129.04,,,,,,
5/14/2026,22:54:43,Master(R),,Sigara & RIZLA,0,1,150,150,104.65,104.65,45.35,,,,,,
5/14/2026,22:54:43,Winston(R),,Sigara & RIZLA,0,2.5,200,500,130.18,325.45,174.55,,,,,,
5/14/2026,22:54:43,Winston(R),,Sigara & RIZLA,0,15.5,200,"3,100.00",130.53,"2,023.16","1,076.84",,,,,,
5/14/2026,23:03:45,Jambo:Lemon-300ml,,Vinywaji,0,2,600,"1,200.00",433.33,866.67,333.33,,,,,,
5/14/2026,23:03:45,Mosquito :COIL,,Afya,0,8,250,"2,000.00",140,"1,120.00",880,,,,,,
5/14/2026,23:03:45,Azam-Cola-300ML,,Vinywaji,6.20301E+12,1,600,600,423.55,423.55,176.45,,,,,,
5/14/2026,23:03:45,Nyota/Kali,,Sigara & RIZLA,0,2,150,300,85.48,170.96,129.04,,,,,,
5/14/2026,23:03:45,Master(R),,Sigara & RIZLA,0,1,150,150,104.65,104.65,45.35,,,,,,
5/14/2026,23:03:45,Winston(R),,Sigara & RIZLA,0,2.5,200,500,130.18,325.45,174.55,,,,,,
5/14/2026,23:03:45,Winston(R),,Sigara & RIZLA,0,15.5,200,"3,100.00",130.53,"2,023.16","1,076.84",,,,,,
5/14/2026,23:03:45,Uhai(W)-1.6L,,Vinywaji,6.20301E+12,1,800,800,498.15,498.15,301.85,,,,,,
5/15/2026,11:05:33,Smart Gin-200ML,,Vinywaji,6.20301E+12,1.5,"2,000.00","3,000.00","1,744.28","2,616.42",383.58,,,,,,
5/15/2026,11:05:33,Mafuta/Kupikia-20L,,Viungo,0,0.5,"6,000.00","3,000.00","4,060.98","2,030.49",969.51,,,,,,
5/15/2026,11:05:33,Embassy,,Sigara & RIZLA,0,2,400,800,278.03,556.06,243.94,,,,,,
5/15/2026,11:05:33,Portsman,,Sigara & RIZLA,0,1,300,300,220.88,220.88,79.12,,,,,,
5/15/2026,11:05:33,"Tamu : Bakery Maandazi-12pcs@5,000",,Nafaka,0,2,500,"1,000.00",416.67,833.33,166.67,,,,,,
5/15/2026,11:05:33,Superblack-MDLSPA,,Usafi:Binafsi,0,1,"1,000.00","1,000.00",700,700,300,,,,,,
5/15/2026,11:57:55,Pipi/Bigijii@50,,Vitamu,0,14,50,700,31.63,442.86,257.14,,,,,,
5/15/2026,11:57:55,Azam-Cola-300ML,,Vinywaji,6.20301E+12,1,600,600,423.55,423.55,176.45,,,,,,
5/15/2026,13:33:47,Smart Gin-200ML,,Vinywaji,6.20301E+12,0.5,"2,000.00","1,000.00","1,744.28",872.14,127.86,,,,,,
5/15/2026,13:33:47,Mafuta/Kupikia-20L,,Viungo,0,0.3,"6,000.00","1,500.00","4,060.98","1,015.24",484.76,,,,,,
5/15/2026,13:33:47,Pipi/Bigijii@100,,Vitamu,0,3,100,300,59.76,179.27,120.73,,,,,,
5/15/2026,13:33:47,Uhai(W)-1L,,Vinywaji,6.20301E+12,1,600,600,417.49,417.49,182.51,,,,,,
5/15/2026,13:33:47,Niceone-180g,,Usafi:Jumla,6.20302E+12,3,500,"1,500.00",417.5,"1,252.50",247.5,,,,,,
5/15/2026,14:35:44,Pipi/Bigijii@50,,Vitamu,0,7,50,350,31.63,221.43,128.57,,,,,,
5/15/2026,14:35:44,Uhai(W)-1L,,Vinywaji,6.20301E+12,1,600,600,417.49,417.49,182.51,,,,,,
5/15/2026,18:31:51,Mafuta/Kupikia-20L,,Viungo,0,1.3,"6,000.00","7,500.00","4,060.98","5,076.22","2,423.78",,,,,,
5/15/2026,18:31:51,Jambo:Cocopine-300ml,,Vinywaji,6.203E+12,1,600,600,417.29,417.29,182.71,,,,,,
5/15/2026,18:31:51,Pipi/Bigijii@50,,Vitamu,0,4,50,200,31.63,126.53,73.47,,,,,,
5/15/2026,18:31:51,Smart Gin-200ML,,Vinywaji,6.20301E+12,0.5,"2,000.00","1,000.00","1,744.28",872.14,127.86,,,,,,
5/15/2026,18:31:51,Mayai@Kizungu,,Viungo,0,7,350,"2,450.00",266.67,"1,866.67",583.33,,,,,,
5/15/2026,18:31:51,Sembe-25kg,,Nafaka,0,0.3,"1,500.00",375,"1,180.00",295,80,,,,,,
5/15/2026,18:42:32,Pipi/Bigijii@50,,Vitamu,0,6,50,300,31.63,189.8,110.2,,,,,,
5/15/2026,18:42:32,Tambi-25kg (Kupima),,Nafaka,0,0.5,"2,800.00","1,400.00","2,140.00","1,070.00",330,,,,,,
5/15/2026,18:58:21,Pipi/Bigijii@50,,Vitamu,0,6,50,300,31.63,189.8,110.2,,,,,,
5/15/2026,18:58:21,Tambi-25kg (Kupima),,Nafaka,0,0.5,"2,800.00","1,400.00","2,140.00","1,070.00",330,,,,,,
5/15/2026,18:58:43,Pipi/Bigijii@50,,Vitamu,0,6,50,300,31.63,189.8,110.2,,,,,,
5/15/2026,18:58:43,Tambi-25kg (Kupima),,Nafaka,0,0.5,"2,800.00","1,400.00","2,140.00","1,070.00",330,,,,,,
5/15/2026,19:04:04,Smart Gin-200ML,,Vinywaji,6.20301E+12,1.5,"2,000.00","3,000.00","1,744.28","2,616.42",383.58,,,,,,
5/15/2026,19:18:43,Smart Gin-200ML,,Vinywaji,6.20301E+12,1.5,"2,000.00","3,000.00","1,744.28","2,616.42",383.58,,,,,,
5/15/2026,19:18:43,Tambi-25kg (Kupima),,Nafaka,0,0.8,"2,800.00","2,100.00","2,140.00","1,605.00",495,,,,,,
5/15/2026,19:18:43,Mafuta/Kupikia-20L,,Viungo,0,0.3,"6,000.00","1,500.00","4,060.98","1,015.24",484.76,,,,,,
5/15/2026,19:18:43,RIZLA,,Sigara & RIZLA,0,1,800,800,550,550,250,,,,,,
5/15/2026,19:18:43,Pipi/Bigijii@50,,Vitamu,0,1,50,50,31.63,31.63,18.37,,,,,,
5/15/2026,20:01:37,Embassy,,Sigara & RIZLA,0,1,400,400,278.03,278.03,121.97,,,,,,
5/15/2026,20:01:37,Sembe-25kg,,Nafaka,0,0.3,"1,500.00",375,"1,180.00",295,80,,,,,,
5/15/2026,20:01:37,Smart Gin-200ML,,Vinywaji,6.20301E+12,0.5,"2,000.00","1,000.00","1,744.28",872.14,127.86,,,,,,
5/15/2026,20:01:37,Winston(R),,Sigara & RIZLA,0,8,200,"1,600.00",130.53,"1,044.21",555.79,,,,,,
5/15/2026,20:01:37,Mafuta/Kupikia-20L,,Viungo,0,0.5,"6,000.00","3,000.00","4,060.98","2,030.49",969.51,,,,,,
5/15/2026,20:30:58,Pipi/Bigijii@50,,Vitamu,0,5,50,250,31.63,158.16,91.84,,,,,,
5/15/2026,20:30:58,Smart Gin-200ML,,Vinywaji,6.20301E+12,1,"2,000.00","2,000.00","1,744.28","1,744.28",255.72,,,,,,
5/15/2026,20:30:58,Pipi/Bigijii@150,,Vitamu,0,1,150,150,100,100,50,,,,,,
5/15/2026,20:30:58,Mafuta/Kupikia-20L,,Viungo,0,0.3,"6,000.00","1,500.00","4,060.98","1,015.24",484.76,,,,,,
5/15/2026,20:30:58,Jambo:Cocopine-300ml,,Vinywaji,6.203E+12,1,600,600,417.29,417.29,182.71,,,,,,
5/15/2026,20:30:58,Winston(R),,Sigara & RIZLA,0,5.5,200,"1,100.00",130.53,717.89,382.11,,,,,,
5/15/2026,20:30:58,Jobo-200ML,,Vinywaji,6.20304E+12,0.5,"2,000.00","1,000.00","1,723.96",861.98,138.02,,,,,,
5/15/2026,20:30:58,Tambi-25kg (Kupima),,Nafaka,0,0.8,"2,800.00","2,100.00","2,140.00","1,605.00",495,,,,,,
5/15/2026,20:30:58,Sukari(Kupima) - 50kg,,Viungo,0,0.3,"3,000.00",750,"2,360.00",590,160,,,,,,
5/15/2026,20:30:58,Pipi/Bigijii@100,,Vitamu,0,1,100,100,59.76,59.76,40.24,,,,,,
5/15/2026,20:44:16,Pipi/Bigijii@100,,Vitamu,0,5,100,500,59.76,298.78,201.22,,,,,,
5/15/2026,20:44:16,Pipi/Bigijii@50,,Vitamu,0,2,50,100,31.63,63.27,36.73,,,,,,
5/15/2026,20:44:16,Smart Gin-200ML,,Vinywaji,6.20301E+12,0.5,"2,000.00","1,000.00","1,744.28",872.14,127.86,,,,,,
5/15/2026,20:44:16,Jambo:Cocopine-300ml,,Vinywaji,6.203E+12,1,600,600,417.29,417.29,182.71,,,,,,
5/15/2026,21:12:31,Pipi/Bigijii@50,,Vitamu,0,8,50,400,31.63,253.06,146.94,,,,,,
5/15/2026,21:12:31,Mirinda-600mL,,Vinywaji,6.2011E+12,1,"1,000.00","1,000.00",830.3,830.3,169.7,,,,,,
5/15/2026,21:12:31,Smart Gin-200ML,,Vinywaji,6.20301E+12,1.5,"2,000.00","3,000.00","1,744.28","2,616.42",383.58,,,,,,
5/15/2026,21:12:31,Portsman,,Sigara & RIZLA,0,1,300,300,220.88,220.88,79.12,,,,,,
5/15/2026,21:12:31,Embassy,,Sigara & RIZLA,0,1,400,400,278.03,278.03,121.97,,,,,,
5/15/2026,21:12:31,Azam-Cola-300ML,,Vinywaji,6.20301E+12,1,600,600,423.55,423.55,176.45,,,,,,
5/15/2026,21:12:31,Uhai(W)-1L,,Vinywaji,6.20301E+12,2,600,"1,200.00",417.49,834.98,365.02,,,,,,
5/15/2026,22:36:40,K-vant(S)-250ML,,Vinywaji,6.203E+12,1,"4,500.00","4,500.00","3,340.74","3,340.74","1,159.26",,,,,,
5/15/2026,22:36:40,Master(R),,Sigara & RIZLA,0,3,150,450,104.65,313.96,136.04,,,,,,
5/15/2026,22:36:40,Azam-Cola-300ML,,Vinywaji,6.20301E+12,1,600,600,423.55,423.55,176.45,,,,,,
5/15/2026,22:36:40,Sembe-25kg,,Nafaka,0,0.5,"1,500.00",750,"1,180.00",590,160,,,,,,
5/15/2026,22:36:40,Pipi/Bigijii@50,,Vitamu,0,3,50,150,31.63,94.9,55.1,,,,,,
5/15/2026,22:36:40,Mosquito :COIL,,Afya,0,2,250,500,140,280,220,,,,,,
5/15/2026,22:42:40,K-vant(S)-250ML,,Vinywaji,6.203E+12,1,"4,500.00","4,500.00","3,340.74","3,340.74","1,159.26",,,,,,
5/15/2026,22:42:40,Master(R),,Sigara & RIZLA,0,3,150,450,104.65,313.96,136.04,,,,,,
5/15/2026,22:42:40,Azam-Cola-300ML,,Vinywaji,6.20301E+12,1,600,600,423.55,423.55,176.45,,,,,,
5/15/2026,22:42:40,Sembe-25kg,,Nafaka,0,0.5,"1,500.00",750,"1,180.00",590,160,,,,,,
5/15/2026,22:42:40,Pipi/Bigijii@50,,Vitamu,0,3,50,150,31.63,94.9,55.1,,,,,,
5/15/2026,22:42:40,Mosquito :COIL,,Afya,0,5,250,"1,250.00",140,700,550,,,,,,
5/15/2026,22:42:40,Winston(R),,Sigara & RIZLA,0,14.5,200,"2,900.00",130.53,"1,892.63","1,007.37",,,,,,
5/15/2026,22:42:40,Paracetamol - 500mg,,Afya,0,5,50,250,30,150,100,,,,,,
5/15/2026,22:42:40,Uhai(W)-1.6L,,Vinywaji,6.20301E+12,1,800,800,498.15,498.15,301.85,,,,,,
5/15/2026,22:52:25,Nyota/Kali,,Sigara & RIZLA,0,2,150,300,85.48,170.96,129.04,,,,,,
5/15/2026,22:52:25,Winston(R),,Sigara & RIZLA,0,1,200,200,130.53,130.53,69.47,,,,,,
5/15/2026,22:52:25,Pipi/Bigijii@50,,Vitamu,0,4,50,200,31.63,126.53,73.47,,,,,,
5/16/2026,8:10:21,Sukari(Kupima) - 50kg,,Viungo,0,0.3,"3,000.00",750,"2,360.00",590,160,,,,,,
5/16/2026,8:10:21,Tressa :Shampoo - 10ML,,Usafi:Binafsi,6.20305E+12,2,200,400,125,250,150,,,,,,
5/16/2026,8:10:21,Mayai@Kizungu,,Viungo,0,4,350,"1,400.00",266.67,"1,066.67",333.33,,,,,,
5/16/2026,8:35:39,Tamu : Bakery Mkate-1pcs@800,,Nafaka,0,1,"1,000.00","1,000.00",800,800,200,,,,,,
5/16/2026,8:37:42,Winston(R),,Sigara & RIZLA,0,9,200,"1,800.00",130.18,"1,171.61",628.39,,,,,,
5/16/2026,8:37:42,Winston(R),,Sigara & RIZLA,0,2,200,400,130.53,261.05,138.95,,,,,,
5/16/2026,8:37:42,Pipi/Bigijii@50,,Vitamu,0,2,50,100,31.63,63.27,36.73,,,,,,
5/16/2026,8:51:17,Ngano-25kg,,Nafaka,0,0.3,"1,800.00",450,"1,507.14",376.79,73.21,,,,,,
5/16/2026,8:51:17,Winston(R),,Sigara & RIZLA,0,1,200,200,130.53,130.53,69.47,,,,,,
5/16/2026,8:53:28,Pipi/Bigijii@50,,Vitamu,0,5,50,250,31.63,158.16,91.84,,,,,,
5/16/2026,8:53:28,Pipi/Bigijii@100,,Vitamu,0,1,100,100,59.76,59.76,40.24,,,,,,
5/16/2026,8:53:28,Winston(R),,Sigara & RIZLA,0,1,200,200,130.53,130.53,69.47,,,,,,
5/16/2026,8:58:35,Tambi-25kg (Kupima),,Nafaka,0,0.3,"2,800.00",700,"2,140.00",535,165,,,,,,
5/16/2026,9:00:35,Uhai(W)-1L,,Vinywaji,6.20301E+12,2,600,"1,200.00",417.49,834.98,365.02,,,,,,
5/16/2026,9:56:06,Pipi/Bigijii@100,,Vitamu,0,1,100,100,59.76,59.76,40.24,,,,,,
5/16/2026,9:56:06,Sukari(Kupima) - 50kg,,Viungo,0,0.3,"3,000.00",750,"2,360.00",590,160,,,,,,
5/16/2026,9:56:06,Winston(R),,Sigara & RIZLA,0,1,200,200,130.53,130.53,69.47,,,,,,
5/16/2026,11:04:26,Jambo:Cocopine-300ml,,Vinywaji,6.203E+12,2,600,"1,200.00",417.29,834.58,365.42,,,,,,
5/16/2026,11:04:26,Fanta-Passion : 350mL,,Vinywaji,0,1,800,800,558.33,558.33,241.67,,,,,,
5/16/2026,11:13:27,Jambo:Cocopine-300ml,,Vinywaji,6.203E+12,2,600,"1,200.00",417.29,834.58,365.42,,,,,,
5/16/2026,11:13:27,Fanta-Passion : 350mL,,Vinywaji,0,1,800,800,558.33,558.33,241.67,,,,,,
5/16/2026,11:13:27,Pipi/Bigijii@50,,Vitamu,0,4,50,200,31.63,126.53,73.47,,,,,,
5/16/2026,11:56:39,Smart Gin-200ML,,Vinywaji,6.20301E+12,2,"2,000.00","4,000.00","1,744.28","3,488.56",511.44,,,,,,
5/16/2026,12:30:22,Pipi/Bigijii@50,,Vitamu,0,10,50,500,31.63,316.33,183.67,,,,,,
5/16/2026,12:50:06,Azam-Cola-300ML,,Vinywaji,6.20301E+12,2,600,"1,200.00",423.55,847.1,352.9,,,,,,
5/16/2026,12:50:06,Sembe-25kg,,Nafaka,0,1,"1,500.00","1,500.00","1,180.00","1,180.00",320,,,,,,
5/16/2026,12:50:06,Smart Gin-200ML,,Vinywaji,6.20301E+12,1,"2,000.00","2,000.00","1,744.28","1,744.28",255.72,,,,,,
5/16/2026,14:58:04,Mafuta/Kupikia-20L,,Viungo,0,1.3,"6,000.00","7,500.00","4,060.98","5,076.22","2,423.78",,,,,,
5/16/2026,14:58:04,Sembe-25kg,,Nafaka,0,0.5,"1,500.00",750,"1,180.00",590,160,,,,,,
5/16/2026,14:58:04,Azam-Cola-300ML,,Vinywaji,6.20301E+12,2,600,"1,200.00",423.55,847.1,352.9,,,,,,
5/16/2026,14:58:04,Tambi-25kg (Kupima),,Nafaka,0,0.8,"2,800.00","2,100.00","2,140.00","1,605.00",495,,,,,,
5/16/2026,15:43:23,Mafuta/Kupikia-20L,,Viungo,0,1.3,"6,000.00","7,500.00","4,060.98","5,076.22","2,423.78",,,,,,
5/16/2026,15:43:23,Sembe-25kg,,Nafaka,0,0.5,"1,500.00",750,"1,180.00",590,160,,,,,,
5/16/2026,15:43:23,Azam-Cola-300ML,,Vinywaji,6.20301E+12,2,600,"1,200.00",423.55,847.1,352.9,,,,,,
5/16/2026,15:43:23,Tambi-25kg (Kupima),,Nafaka,0,0.8,"2,800.00","2,100.00","2,140.00","1,605.00",495,,,,,,
5/16/2026,15:43:23,Tamu : Bakery Mkate-1pcs@800,,Nafaka,0,1,"1,000.00","1,000.00",800,800,200,,,,,,
5/16/2026,16:29:42,"Tamu : Bakery Maandazi-12pcs@5,000",,Nafaka,0,1,500,500,416.67,416.67,83.33,,,,,,
5/16/2026,16:29:42,"Tamu : Bakery Maandazi-24pcs@2,000",,Nafaka,0,3,100,300,83.33,250,50,,,,,,
5/16/2026,17:20:22,"Tamu : Bakery Maandazi-12pcs@5,000",,Nafaka,0,1,500,500,416.67,416.67,83.33,,,,,,
5/16/2026,17:20:22,"Tamu : Bakery Maandazi-24pcs@2,000",,Nafaka,0,3,100,300,83.33,250,50,,,,,,
5/16/2026,17:20:22,Smart Gin-200ML,,Vinywaji,6.20301E+12,1.5,"2,000.00","3,000.00","1,744.28","2,616.42",383.58,,,,,,
5/16/2026,17:20:22,Winston(R),,Sigara & RIZLA,0,9.5,200,"1,900.00",130.53,"1,240.00",660,,,,,,
5/16/2026,17:20:22,Pipi/Bigijii@100,,Vitamu,0,3,100,300,59.76,179.27,120.73,,,,,,
5/16/2026,17:20:22,Mafuta/Kupikia-20L,,Viungo,0,0.3,"6,000.00","1,500.00","4,060.98","1,015.24",484.76,,,,,,
5/16/2026,18:20:16,Sembe-25kg,,Nafaka,0,6,"1,500.00","9,000.00","1,180.00","7,080.00","1,920.00",,,,,,
5/16/2026,18:20:16,Pipi/Bigijii@50,,Vitamu,0,1,50,50,31.63,31.63,18.37,,,,,,
5/16/2026,18:20:16,Winston(R),,Sigara & RIZLA,0,5,200,"1,000.00",130.53,652.63,347.37,,,,,,
5/16/2026,18:20:16,Mafuta/Kupikia-20L,,Viungo,0,0.3,"6,000.00","1,500.00","4,060.98","1,015.24",484.76,,,,,,
5/16/2026,18:20:16,Smart Gin-200ML,,Vinywaji,6.20301E+12,0.5,"2,000.00","1,000.00","1,744.28",872.14,127.86,,,,,,
5/16/2026,18:22:14,Pipi/Bigijii@50,,Vitamu,0,10,50,500,31.63,316.33,183.67,,,,,,
5/16/2026,18:28:59,Sembe-25kg,,Nafaka,0,0.8,"1,500.00","1,125.00","1,180.00",885,240,,,,,,
5/16/2026,18:36:26,Pipi/Bigijii@50,,Vitamu,0,5,50,250,31.63,158.16,91.84,,,,,,
5/16/2026,18:55:28,Pipi/Bigijii@50,,Vitamu,0,7,50,350,31.63,221.43,128.57,,,,,,
5/16/2026,18:55:28,Mayai@Kizungu,,Viungo,0,30,350,"10,500.00",266.67,"8,000.00","2,500.00",,,,,,
5/16/2026,19:07:55,Sembe-25kg,,Nafaka,0,0.5,"1,500.00",750,"1,180.00",590,160,,,,,,
5/16/2026,19:07:55,Mafuta/Kupikia-20L,,Viungo,0,1,"6,000.00","6,000.00","4,060.98","4,060.98","1,939.02",,,,,,
5/16/2026,19:18:50,Mafuta/Kupikia-20L,,Viungo,0,0.5,"6,000.00","3,000.00","4,060.98","2,030.49",969.51,,,,,,
5/16/2026,21:19:34,Mafuta/Kupikia-20L,,Viungo,0,1.5,"6,000.00","9,000.00","4,060.98","6,091.46","2,908.54",,,,,,
5/16/2026,21:19:34,Embassy,,Sigara & RIZLA,0,1,400,400,278.03,278.03,121.97,,,,,,
5/16/2026,21:19:34,Nyota/Kali,,Sigara & RIZLA,0,3,150,450,85.48,256.43,193.57,,,,,,
5/16/2026,21:19:34,Winston(R),,Sigara & RIZLA,0,7.5,200,"1,500.00",130.53,978.95,521.05,,,,,,
5/16/2026,21:19:34,Pipi/Bigijii@50,,Vitamu,0,4,50,200,31.63,126.53,73.47,,,,,,
5/16/2026,21:19:34,Sukari(Kupima) - 50kg,,Viungo,0,0.5,"3,000.00","1,500.00","2,360.00","1,180.00",320,,,,,,
5/16/2026,21:19:34,Double(KK)-200ml,,Vinywaji,6.20301E+12,0.5,"2,000.00","1,000.00","1,794.67",897.33,102.67,,,,,,
5/16/2026,21:19:34,Smart Gin-200ML,,Vinywaji,6.20301E+12,2.5,"2,000.00","5,000.00","1,744.28","4,360.70",639.3,,,,,,
5/16/2026,21:19:34,Jambo:Lemon-300ml,,Vinywaji,0,1,600,600,433.33,433.33,166.67,,,,,,
5/16/2026,21:19:34,Tamu : Bakery Mkate-1pcs@800,,Nafaka,0,1,"1,000.00","1,000.00",800,800,200,,,,,,
5/16/2026,21:19:34,Pipi/Bigijii@100,,Vitamu,0,6,100,600,59.76,358.54,241.46,,,,,,
5/16/2026,21:19:34,Ngano-25kg,,Nafaka,0,1.8,"1,800.00","3,150.00","1,507.14","2,637.50",512.5,,,,,,
5/16/2026,21:21:07,Double(KK)-200ml,,Vinywaji,6.20301E+12,0.5,"2,000.00","1,000.00","1,794.67",897.33,102.67,,,,,,
5/16/2026,21:45:18,Winston(R),,Sigara & RIZLA,0,22,200,"4,400.00",130.53,"2,871.58","1,528.42",,,,,,
5/16/2026,21:47:05,UDI : STIKI,,Usafi:Binafsi,0,10,50,500,23.81,238.1,261.9,,,,,,
5/16/2026,22:04:47,Smart Gin-200ML,,Vinywaji,6.20301E+12,1.5,"2,000.00","3,000.00","1,744.28","2,616.42",383.58,,,,,,
5/16/2026,22:39:53,Smart Gin-200ML,,Vinywaji,6.20301E+12,2,"2,000.00","4,000.00","1,744.28","3,488.56",511.44,,,,,,
5/16/2026,22:39:53,Mosquito :COIL,,Afya,0,5,250,"1,250.00",140,700,550,,,,,,
5/16/2026,22:39:53,Pipi/Bigijii@100,,Vitamu,0,3,100,300,59.76,179.27,120.73,,,,,,
5/16/2026,22:39:53,Portsman,,Sigara & RIZLA,0,6,300,"1,800.00",220.88,"1,325.29",474.71,,,,,,
5/16/2026,22:43:31,Smart Gin-200ML,,Vinywaji,6.20301E+12,2,"2,000.00","4,000.00","1,744.28","3,488.56",511.44,,,,,,
5/16/2026,22:43:31,Mosquito :COIL,,Afya,0,7,250,"1,750.00",140,980,770,,,,,,
5/16/2026,22:43:31,Pipi/Bigijii@100,,Vitamu,0,3,100,300,59.76,179.27,120.73,,,,,,
5/16/2026,22:43:31,Portsman,,Sigara & RIZLA,0,6,300,"1,800.00",220.88,"1,325.29",474.71,,,,,,
5/16/2026,22:43:31,Mayai@Kizungu,,Viungo,0,3,350,"1,050.00",266.67,800,250,,,,,,
5/16/2026,22:44:47,Mayai@Kizungu,,Viungo,0,6,350,"2,100.00",266.67,"1,600.00",500,,,,,,
5/16/2026,22:52:53,Jambo:Cocopine-300ml,,Vinywaji,6.203E+12,1,600,600,417.29,417.29,182.71,,,,,,
5/16/2026,22:52:53,Kiwembe : Dorco,,Usafi:Binafsi,8.80104E+12,8,200,"1,600.00",85,680,920,,,,,,
5/16/2026,22:52:53,Mshumaa,,Jikoni,6.203E+12,1,500,500,277.78,277.78,222.22,,,,,,
5/16/2026,22:55:36,"Tamu : Bakery Skonzi-4pcs@1,600",,Nafaka,0,2,500,"1,000.00",400,800,200,,,,,,
5/16/2026,22:55:36,Mosquito :COIL,,Afya,0,2,250,500,140,280,220,,,,,,
5/17/2026,12:57:44,Azam-Punch-300ML,,Vinywaji,6.20301E+12,1,600,600,445.83,445.83,154.17,,,,,,
5/17/2026,12:57:44,Konyagi(S)- 200ML,,Vinywaji,6.20301E+12,1,"4,500.00","4,500.00","3,523.81","3,523.81",976.19,,,,,,
5/17/2026,12:57:44,Niceone-400g,,Usafi:Jumla,6.20302E+12,2,"1,000.00","2,000.00",837.5,"1,675.00",325,,,,,,
5/17/2026,12:57:44,Winston(R),,Sigara & RIZLA,0,30,200,"6,000.00",130.53,"3,915.79","2,084.21",,,,,,
5/17/2026,12:57:44,Embassy,,Sigara & RIZLA,0,2,400,800,278.03,556.06,243.94,,,,,,
5/17/2026,12:57:44,Azam-Cola-300ML,,Vinywaji,6.20301E+12,2,600,"1,200.00",423.55,847.1,352.9,,,,,,
5/17/2026,12:57:44,Pipi/Bigijii@100,,Vitamu,0,1,100,100,59.76,59.76,40.24,,,,,,
5/17/2026,12:57:44,Mayai@Kizungu,,Viungo,0,3,350,"1,050.00",266.67,800,250,,,,,,
5/17/2026,12:57:44,"Tamu : Bakery Maandazi-24pcs@2,000",,Nafaka,0,4,100,400,83.33,333.33,66.67,,,,,,
5/17/2026,12:57:44,"Tamu : Bakery Skonzi-4pcs@1,600",,Nafaka,0,2,500,"1,000.00",400,800,200,,,,,,
5/17/2026,12:57:44,Tamu : Bakery Mkate-1pcs@800,,Nafaka,0,1,"1,000.00","1,000.00",800,800,200,,,,,,
5/17/2026,12:57:44,Mirinda-600mL,,Vinywaji,6.2011E+12,2,"1,000.00","2,000.00",830.3,"1,660.61",339.39,,,,,,
5/17/2026,12:57:44,Master(R),,Sigara & RIZLA,0,5,150,750,104.65,523.26,226.74,,,,,,
5/17/2026,12:57:44,Sembe-25kg,,Nafaka,0,0.8,"1,500.00","1,125.00","1,180.00",885,240,,,,,,
5/17/2026,12:57:44,Pipi/Bigijii@50,,Vitamu,0,20,50,"1,000.00",31.63,632.65,367.35,,,,,,
5/17/2026,12:57:44,Sukari(Kupima) - 50kg,,Viungo,0,0.3,"3,000.00",750,"2,360.00",590,160,,,,,,
5/17/2026,13:09:05,Winston(R),,Sigara & RIZLA,0,10,200,"2,000.00",130.53,"1,305.26",694.74,,,,,,
5/17/2026,13:09:05,Sembe-25kg,,Nafaka,0,1,"1,500.00","1,500.00","1,180.00","1,180.00",320,,,,,,
5/17/2026,13:09:05,Pipi/Bigijii@50,,Vitamu,0,2,50,100,31.63,63.27,36.73,,,,,,
5/17/2026,13:34:51,Mirinda-600mL,,Vinywaji,6.2011E+12,1,"1,000.00","1,000.00",830.3,830.3,169.7,,,,,,
5/17/2026,13:34:51,Pepsi : 600ML,,Vinywaji,6.2011E+12,4,"1,000.00","4,000.00",800,"3,200.00",800,,,,,,
5/17/2026,13:34:51,Sembe-25kg,,Nafaka,0,0.5,"1,500.00",750,"1,180.00",590,160,,,,,,
5/17/2026,13:34:51,Mafuta/Kupikia-20L,,Viungo,0,0.3,"6,000.00","1,500.00","4,060.98","1,015.24",484.76,,,,,,
5/17/2026,14:00:10,Pipi/Bigijii@100,,Vitamu,0,3,100,300,59.76,179.27,120.73,,,,,,
5/17/2026,14:00:10,"Tamu : Bakery Maandazi-24pcs@2,000",,Nafaka,0,8,100,800,83.33,666.67,133.33,,,,,,
5/17/2026,15:18:23,Pipi/Bigijii@100,,Vitamu,0,3,100,300,59.76,179.27,120.73,,,,,,
5/17/2026,15:18:23,"Tamu : Bakery Maandazi-24pcs@2,000",,Nafaka,0,8,100,800,83.33,666.67,133.33,,,,,,
5/17/2026,15:18:23,Fanta-Orange : 350mL,,Vinywaji,0,2,800,"1,600.00",558.33,"1,116.66",483.34,,,,,,
5/17/2026,15:18:23,Winston(R),,Sigara & RIZLA,0,2.5,200,500,130.53,326.32,173.68,,,,,,
5/17/2026,17:24:34,Azam-Cola-300ML,,Vinywaji,6.20301E+12,1,600,600,423.55,423.55,176.45,,,,,,
5/17/2026,17:24:34,Double(KK)-200ml,,Vinywaji,6.20301E+12,1,"2,000.00","2,000.00","1,794.67","1,794.67",205.33,,,,,,
5/17/2026,17:24:34,Master(R),,Sigara & RIZLA,0,2,150,300,104.65,209.31,90.69,,,,,,
5/17/2026,17:24:34,Winston(R),,Sigara & RIZLA,0,11,200,"2,200.00",130.53,"1,435.79",764.21,,,,,,
5/17/2026,18:47:27,Winston(R),,Sigara & RIZLA,0,6.5,200,"1,300.00",130.53,848.42,451.58,,,,,,
5/17/2026,18:47:27,Pipi/Bigijii@100,,Vitamu,0,4,100,400,59.76,239.02,160.98,,,,,,
5/17/2026,18:47:27,Pipi/Bigijii@50,,Vitamu,0,17,50,850,31.63,537.76,312.24,,,,,,
5/17/2026,18:47:27,Sembe-25kg,,Nafaka,0,0.3,"1,500.00",375,"1,180.00",295,80,,,,,,
5/17/2026,18:47:27,Winston(R),,Sigara & RIZLA,0,2.5,200,500,130.18,325.45,174.55,,,,,,
5/17/2026,18:47:27,Jambo:Bolibo-300ml,,Vinywaji,6.203E+12,1,600,600,428.57,428.57,171.43,,,,,,
5/17/2026,19:25:41,Pipi/Bigijii@50,,Vitamu,0,2,50,100,31.63,63.27,36.73,,,,,,
5/17/2026,19:25:41,Niceone-400g,,Usafi:Jumla,6.20302E+12,1,"1,000.00","1,000.00",837.5,837.5,162.5,,,,,,
5/17/2026,19:25:41,Jobo-200ML,,Vinywaji,6.20304E+12,1.5,"2,000.00","3,000.00","1,723.96","2,585.94",414.06,,,,,,
5/17/2026,19:25:41,Jambo:Bolibo-300ml,,Vinywaji,6.203E+12,1,600,600,428.57,428.57,171.43,,,,,,
5/17/2026,19:25:41,Sukari(Kupima) - 50kg,,Viungo,0,0.3,"3,000.00",750,"2,360.00",590,160,,,,,,
5/17/2026,19:25:41,Tambi-25kg (Kupima),,Nafaka,0,0.8,"2,800.00","2,100.00","2,140.00","1,605.00",495,,,,,,
5/17/2026,20:47:55,Winston(R),,Sigara & RIZLA,0,7,200,"1,400.00",130.53,913.68,486.32,,,,,,
5/17/2026,20:47:55,Sembe-25kg,,Nafaka,0,5,"1,500.00","7,500.00","1,180.00","5,900.00","1,600.00",,,,,,
5/17/2026,20:47:55,Mirinda-600mL,,Vinywaji,6.2011E+12,1,"1,000.00","1,000.00",830.3,830.3,169.7,,,,,,
5/17/2026,20:47:55,Pipi/Bigijii@50,,Vitamu,0,10,50,500,31.63,316.33,183.67,,,,,,
5/17/2026,20:47:55,Pepsi : 350ml,,Vinywaji,0,1,700,700,500,500,200,,,,,,
5/17/2026,20:47:55,Master(R),,Sigara & RIZLA,0,2,150,300,104.65,209.31,90.69,,,,,,
5/17/2026,20:47:55,Mafuta/Kupikia-20L,,Viungo,0,0.5,"6,000.00","3,000.00","4,060.98","2,030.49",969.51,,,,,,
5/17/2026,21:32:14,Mafuta/Kupikia-20L,,Viungo,0,0.5,"6,000.00","3,000.00","4,060.98","2,030.49",969.51,,,,,,
5/17/2026,21:32:14,Mirinda-Black : 350ml,,Vinywaji,0,2,700,"1,400.00",500,"1,000.00",400,,,,,,
5/17/2026,21:32:14,Mirinda-600mL,,Vinywaji,6.2011E+12,3,"1,000.00","3,000.00",830.3,"2,490.91",509.09,,,,,,
5/17/2026,21:32:14,Mayai@Kizungu,,Viungo,0,7,350,"2,450.00",266.67,"1,866.67",583.33,,,,,,
5/17/2026,21:32:14,Sembe-25kg,,Nafaka,0,5.5,"1,500.00","8,250.00","1,180.00","6,490.00","1,760.00",,,,,,
5/17/2026,21:32:14,Pepsi : 350ml,,Vinywaji,0,2,700,"1,400.00",500,"1,000.00",400,,,,,,
5/17/2026,21:32:14,Pipi/Bigijii@50,,Vitamu,0,10,50,500,31.63,316.33,183.67,,,,,,
5/17/2026,21:32:14,Winston(R),,Sigara & RIZLA,0,5,200,"1,000.00",130.53,652.63,347.37,,,,,,
5/17/2026,22:31:06,Double(KK)-200ml,,Vinywaji,6.20301E+12,0.5,"2,000.00","1,000.00","1,794.67",897.33,102.67,,,,,,
5/17/2026,22:31:06,Dalan- Soap-125g,,Usafi:Binafsi,0,3,"1,500.00","4,500.00","1,083.33","3,250.00","1,250.00",,,,,,
5/17/2026,22:31:06,Nyota/Kali,,Sigara & RIZLA,0,10,150,"1,500.00",85.48,854.78,645.22,,,,,,
5/17/2026,22:31:06,Winston(R),,Sigara & RIZLA,0,2,200,400,130.53,261.05,138.95,,,,,,
5/17/2026,22:49:03,Ngano-25kg,,Nafaka,0,1.5,"1,800.00","2,700.00","1,507.14","2,260.71",439.29,,,,,,
5/17/2026,22:49:03,Azam-Cola-300ML,,Vinywaji,6.20301E+12,1,600,600,423.55,423.55,176.45,,,,,,
5/17/2026,22:49:03,Mirinda-600mL,,Vinywaji,6.2011E+12,1,"1,000.00","1,000.00",830.3,830.3,169.7,,,,,,
5/18/2026,9:52:46,Mafuta/Kupikia-20L,,Viungo,0,2,"6,000.00","12,000.00","4,060.98","8,121.95","3,878.05",,,,,,
5/18/2026,9:52:46,Sukari(Kupima) - 50kg,,Viungo,0,0.3,"3,000.00",750,"2,360.00",590,160,,,,,,
5/18/2026,9:52:46,Niceone-180g,,Usafi:Jumla,6.20302E+12,2,500,"1,000.00",417.5,835,165,,,,,,
5/18/2026,9:52:46,Jambo:Bolibo-300ml,,Vinywaji,6.203E+12,2,600,"1,200.00",428.57,857.14,342.86,,,,,,
5/18/2026,9:52:46,Winston(R),,Sigara & RIZLA,0,20,200,"4,000.00",130.53,"2,610.53","1,389.47",,,,,,
5/18/2026,12:19:10,Azam-Cola-300ML,,Vinywaji,6.20301E+12,3,600,"1,800.00",423.55,"1,270.65",529.35,,,,,,
5/18/2026,12:19:10,Winston(R),,Sigara & RIZLA,0,5,200,"1,000.00",130.53,652.63,347.37,,,,,,
5/18/2026,12:19:10,Mirinda-Black : 350ml,,Vinywaji,0,1,700,700,500,500,200,,,,,,
5/18/2026,12:19:10,Niceone-400g,,Usafi:Jumla,6.20302E+12,1,"1,000.00","1,000.00",837.5,837.5,162.5,,,,,,
5/18/2026,12:19:10,Pipi/Bigijii@50,,Vitamu,0,1,50,50,31.63,31.63,18.37,,,,,,
5/18/2026,13:39:56,Azam-Cola-300ML,,Vinywaji,6.20301E+12,3,600,"1,800.00",423.55,"1,270.65",529.35,,,,,,
5/18/2026,13:39:56,Winston(R),,Sigara & RIZLA,0,16,200,"3,200.00",130.53,"2,088.42","1,111.58",,,,,,
5/18/2026,13:39:56,Mirinda-Black : 350ml,,Vinywaji,0,1,700,700,500,500,200,,,,,,
5/18/2026,13:39:56,Niceone-400g,,Usafi:Jumla,6.20302E+12,1,"1,000.00","1,000.00",837.5,837.5,162.5,,,,,,
5/18/2026,13:39:56,Pipi/Bigijii@50,,Vitamu,0,1,50,50,31.63,31.63,18.37,,,,,,
5/18/2026,13:39:56,Master(R),,Sigara & RIZLA,0,3,150,450,104.65,313.96,136.04,,,,,,
5/18/2026,13:39:56,Jambo:Cocopine-300ml,,Vinywaji,6.203E+12,1,600,600,417.29,417.29,182.71,,,,,,
5/18/2026,13:39:56,Mafuta/Kupikia-20L,,Viungo,0,0.3,"6,000.00","1,500.00","4,060.98","1,015.24",484.76,,,,,,
5/18/2026,14:45:10,Double(KK)-200ml,,Vinywaji,6.20301E+12,1,"2,000.00","2,000.00","1,794.67","1,794.67",205.33,,,,,,
5/18/2026,14:45:10,Azam-Cola-300ML,,Vinywaji,6.20301E+12,1,600,600,423.55,423.55,176.45,,,,,,
5/18/2026,14:45:10,Jobo-200ML,,Vinywaji,6.20304E+12,1,"2,000.00","2,000.00","1,723.96","1,723.96",276.04,,,,,,
5/18/2026,14:45:10,Mirinda-600mL,,Vinywaji,6.2011E+12,1,"1,000.00","1,000.00",830.3,830.3,169.7,,,,,,
5/18/2026,14:45:10,Uhai(W)-1.6L,,Vinywaji,6.20301E+12,1,800,800,498.15,498.15,301.85,,,,,,
5/18/2026,17:41:08,Mayai@Kizungu,,Viungo,0,17,350,"5,950.00",266.67,"4,533.33","1,416.67",,,,,,
5/18/2026,17:41:08,Pipi/Bigijii@50,,Vitamu,0,9,50,450,31.63,284.69,165.31,,,,,,
5/18/2026,17:41:08,Pipi/Bigijii@100,,Vitamu,0,1,100,100,59.76,59.76,40.24,,,,,,
5/18/2026,17:41:08,Pepsi : 600ML,,Vinywaji,6.2011E+12,2,"1,000.00","2,000.00",800,"1,600.00",400,,,,,,
5/18/2026,17:41:08,Jambo:Bolibo-300ml,,Vinywaji,6.203E+12,1,600,600,428.57,428.57,171.43,,,,,,
5/18/2026,17:41:08,Mirinda-600mL,,Vinywaji,6.2011E+12,1,"1,000.00","1,000.00",830.3,830.3,169.7,,,,,,
5/18/2026,17:41:08,Uhai(W)-1L,,Vinywaji,6.20301E+12,1,600,600,417.49,417.49,182.51,,,,,,
5/18/2026,17:41:08,Winston(R),,Sigara & RIZLA,0,15,200,"3,000.00",130.53,"1,957.89","1,042.11",,,,,,
5/18/2026,17:41:08,Mafuta/Kupikia-20L,,Viungo,0,0.3,"6,000.00","1,500.00","4,060.98","1,015.24",484.76,,,,,,
5/18/2026,19:00:45,Pipi/Bigijii@50,,Vitamu,0,6,50,300,31.63,189.8,110.2,,,,,,
5/18/2026,19:00:45,Mayai@Kizungu,,Viungo,0,1,350,350,266.67,266.67,83.33,,,,,,
5/18/2026,19:00:45,Sukari(Kupima) - 50kg,,Viungo,0,0.3,"3,000.00",750,"2,360.00",590,160,,,,,,
5/18/2026,19:19:01,Mafuta/Kupikia-20L,,Viungo,0,0.3,"6,000.00","1,500.00","4,060.98","1,015.24",484.76,,,,,,
5/18/2026,19:19:01,Mshumaa,,Jikoni,6.203E+12,1,500,500,277.78,277.78,222.22,,,,,,
5/18/2026,19:19:01,Pipi/Bigijii@100,,Vitamu,0,4,100,400,59.76,239.02,160.98,,,,,,
5/18/2026,19:19:01,Smart Gin-200ML,,Vinywaji,6.20301E+12,0.5,"2,000.00","1,000.00","1,744.28",872.14,127.86,,,,,,
5/18/2026,19:19:01,Robin-Thread,,Usafi:Binafsi,0,1,"1,500.00","1,500.00","1,000.00","1,000.00",500,,,,,,
5/18/2026,21:07:45,Sukari(Kupima) - 50kg,,Viungo,0,0.5,"3,000.00","1,500.00","2,360.00","1,180.00",320,,,,,,
5/18/2026,21:07:45,Pipi/Bigijii@50,,Vitamu,0,16,50,800,31.63,506.12,293.88,,,,,,
5/18/2026,21:07:45,Winston(R),,Sigara & RIZLA,0,7,200,"1,400.00",130.53,913.68,486.32,,,,,,
5/18/2026,21:07:45,Dodoki : Mkono,,Usafi:Binafsi,0,1,"1,000.00","1,000.00",666.67,666.67,333.33,,,,,,
5/18/2026,21:07:45,Smart Gin-200ML,,Vinywaji,6.20301E+12,0.5,"2,000.00","1,000.00","1,744.28",872.14,127.86,,,,,,
5/18/2026,21:30:10,Uhai(W)-1.6L,,Vinywaji,6.20301E+12,2,800,"1,600.00",498.15,996.3,603.7,,,,,,
5/18/2026,21:30:10,Pepsi : 600ML,,Vinywaji,6.2011E+12,1,"1,000.00","1,000.00",800,800,200,,,,,,
5/18/2026,21:30:10,Mshumaa,,Jikoni,6.203E+12,1,500,500,277.78,277.78,222.22,,,,,,
5/18/2026,21:30:10,Winston(R),,Sigara & RIZLA,0,3,200,600,130.53,391.58,208.42,,,,,,
5/18/2026,21:30:10,Pipi/Bigijii@50,,Vitamu,0,1,50,50,31.63,31.63,18.37,,,,,,
5/18/2026,22:11:13,Uhai(W)-1.6L,,Vinywaji,6.20301E+12,3,800,"2,400.00",498.15,"1,494.44",905.56,,,,,,
5/18/2026,22:11:13,Pepsi : 600ML,,Vinywaji,6.2011E+12,1,"1,000.00","1,000.00",800,800,200,,,,,,
5/18/2026,22:11:13,Mshumaa,,Jikoni,6.203E+12,1,500,500,277.78,277.78,222.22,,,,,,
5/18/2026,22:11:13,Winston(R),,Sigara & RIZLA,0,3,200,600,130.53,391.58,208.42,,,,,,
5/18/2026,22:11:13,Pipi/Bigijii@50,,Vitamu,0,1,50,50,31.63,31.63,18.37,,,,,,
5/18/2026,22:48:42,Sparletta : 350mL,,Vinywaji,0,1,800,800,563,563,237,,,,,,
5/18/2026,22:48:42,Azam-Malt-300ML,,Vinywaji,6.00964E+12,1,600,600,496.79,496.79,103.21,,,,,,
5/18/2026,22:48:42,Konyagi(S)- 200ML,,Vinywaji,6.20301E+12,1,"4,500.00","4,500.00","3,523.81","3,523.81",976.19,,,,,,
5/18/2026,22:48:42,K-vant(S)-250ML,,Vinywaji,6.203E+12,2,"4,500.00","9,000.00","3,340.74","6,681.48","2,318.52",,,,,,
5/18/2026,22:56:24,K-vant(L)- 750ML,,Vinywaji,6.204E+12,1,"12,000.00","12,000.00","9,574.67","9,574.67","2,425.33",,,,,,
5/19/2026,10:00:44,Winston(R),,Sigara & RIZLA,0,19,200,"3,800.00",130.53,"2,480.00","1,320.00",,,,,,
5/19/2026,10:00:44,Pipi/Bigijii@100,,Vitamu,0,2,100,200,59.76,119.51,80.49,,,,,,
5/19/2026,10:00:44,Jambo:Lemon-300ml,,Vinywaji,0,2,600,"1,200.00",433.33,866.67,333.33,,,,,,
5/19/2026,10:00:44,Azam-Malt-300ML,,Vinywaji,6.00964E+12,2,600,"1,200.00",496.79,993.59,206.41,,,,,,
5/19/2026,10:00:44,Smart Gin-200ML,,Vinywaji,6.20301E+12,1,"2,000.00","2,000.00","1,744.28","1,744.28",255.72,,,,,,
5/19/2026,10:00:44,Azam-Cola-300ML,,Vinywaji,6.20301E+12,1,600,600,423.55,423.55,176.45,,,,,,
5/19/2026,10:00:44,Sembe-25kg,,Nafaka,0,0.3,"1,500.00",375,"1,180.00",295,80,,,,,,
5/19/2026,10:00:44,K-vant(L)- 750ML,,Vinywaji,6.204E+12,1,"12,000.00","12,000.00","9,574.67","9,574.67","2,425.33",,,,,,
5/19/2026,10:00:44,Jambo:Cocopine-300ml,,Vinywaji,6.203E+12,1,600,600,417.29,417.29,182.71,,,,,,
5/19/2026,10:00:44,Pepsi : 600ML,,Vinywaji,6.2011E+12,3,"1,000.00","3,000.00",800,"2,400.00",600,,,,,,
5/19/2026,10:00:44,Mayai@Kizungu,,Viungo,0,2,350,700,266.67,533.33,166.67,,,,,,
5/19/2026,10:00:44,Tamu : Bakery Mkate-1pcs@800,,Nafaka,0,1,"1,000.00","1,000.00",800,800,200,,,,,,
5/19/2026,10:00:44,"Tamu : Bakery Maandazi-12pcs@5,000",,Nafaka,0,1,500,500,416.67,416.67,83.33,,,,,,
5/19/2026,10:00:44,"Tamu : Bakery Maandazi-24pcs@2,000",,Nafaka,0,7,100,700,83.33,583.33,116.67,,,,,,
5/19/2026,10:00:44,Double(KK)-200ml,,Vinywaji,6.20301E+12,1,"2,000.00","2,000.00","1,794.67","1,794.67",205.33,,,,,,
5/19/2026,12:32:34,Pepsi : 600ML,,Vinywaji,6.2011E+12,3,"1,000.00","3,000.00",800,"2,400.00",600,,,,,,
5/19/2026,12:32:34,Azam-Cola-300ML,,Vinywaji,6.20301E+12,7,600,"4,200.00",423.55,"2,964.84","1,235.16",,,,,,
5/19/2026,12:32:34,Azam-Malt-300ML,,Vinywaji,6.00964E+12,2,600,"1,200.00",496.79,993.59,206.41,,,,,,
5/19/2026,12:32:34,Pipi/Bigijii@100,,Vitamu,0,4,100,400,59.76,239.02,160.98,,,,,,
5/19/2026,12:32:34,Jambo:Cocopine-300ml,,Vinywaji,6.203E+12,2,600,"1,200.00",417.29,834.58,365.42,,,,,,
5/19/2026,12:32:34,Winston(R),,Sigara & RIZLA,0,2,200,400,130.18,260.36,139.64,,,,,,
5/19/2026,12:32:34,Winston(R),,Sigara & RIZLA,0,8,200,"1,600.00",130.53,"1,044.21",555.79,,,,,,
5/19/2026,12:32:34,Sukari(Kupima) - 50kg,,Viungo,0,0.3,"3,000.00",750,"2,360.00",590,160,,,,,,
5/19/2026,14:23:14,Fanta-Orange : 350mL,,Vinywaji,0,1,800,800,558.33,558.33,241.67,,,,,,
5/19/2026,14:23:14,Sembe-25kg,,Nafaka,0,1,"1,500.00","1,500.00","1,180.00","1,180.00",320,,,,,,
5/19/2026,14:23:14,Winston(R),,Sigara & RIZLA,0,20,200,"4,000.00",130.53,"2,610.53","1,389.47",,,,,,
5/19/2026,14:23:14,Uhai(W)-1.6L,,Vinywaji,6.20301E+12,2,800,"1,600.00",498.15,996.3,603.7,,,,,,
5/19/2026,14:23:14,Mayai@Kizungu,,Viungo,0,2,350,700,266.67,533.33,166.67,,,,,,
5/19/2026,14:23:14,Mafuta/Kupikia-20L,,Viungo,0,0.8,"6,000.00","4,500.00","4,060.98","3,045.73","1,454.27",,,,,,
5/19/2026,15:02:05,Pepsi : 600ML,,Vinywaji,6.2011E+12,1,"1,000.00","1,000.00",800,800,200,,,,,,
5/19/2026,15:02:05,Winston(R),,Sigara & RIZLA,0,1,200,200,130.53,130.53,69.47,,,,,,
5/19/2026,15:02:05,Winston(R),,Sigara & RIZLA,0,1,200,200,130.18,130.18,69.82,,,,,,
5/19/2026,15:02:05,Embassy,,Sigara & RIZLA,0,2,400,800,278.03,556.06,243.94,,,,,,
5/19/2026,16:00:01,Fanta-Orange : 350mL,,Vinywaji,0,4,800,"3,200.00",558.33,"2,233.32",966.68,,,,,,
5/19/2026,16:00:01,Pipi/Bigijii@50,,Vitamu,0,11,50,550,31.63,347.96,202.04,,,,,,
5/19/2026,16:00:01,Double(KK)-200ml,,Vinywaji,6.20301E+12,0.5,"2,000.00","1,000.00","1,794.67",897.33,102.67,,,,,,
5/19/2026,16:00:01,Nyota/Kali,,Sigara & RIZLA,0,3,150,450,85.48,256.43,193.57,,,,,,
5/19/2026,16:00:01,Master(R),,Sigara & RIZLA,0,1,150,150,104.65,104.65,45.35,,,,,,
5/19/2026,16:00:01,Mafuta/Kupikia-20L,,Viungo,0,0.3,"6,000.00","1,500.00","4,060.98","1,015.24",484.76,,,,,,
5/19/2026,16:00:01,Sembe-25kg,,Nafaka,0,0.5,"1,500.00",750,"1,180.00",590,160,,,,,,
5/19/2026,16:07:40,Pipi/Bigijii@100,,Vitamu,0,2,100,200,59.76,119.51,80.49,,,,,,
5/19/2026,16:07:40,Winston(R),,Sigara & RIZLA,0,1,200,200,130.53,130.53,69.47,,,,,,
5/19/2026,16:37:11,Embassy,,Sigara & RIZLA,0,5,400,"2,000.00",278.03,"1,390.15",609.85,,,,,,
5/19/2026,16:46:01,Smart Gin-200ML,,Vinywaji,6.20301E+12,1,"2,000.00","2,000.00","1,744.28","1,744.28",255.72,,,,,,
5/19/2026,17:11:10,Winston(R),,Sigara & RIZLA,0,6.5,200,"1,300.00",130.53,848.42,451.58,,,,,,
5/19/2026,17:11:10,Pipi/Bigijii@100,,Vitamu,0,1,100,100,59.76,59.76,40.24,,,,,,
5/19/2026,17:11:10,Jambo:Bolibo-300ml,,Vinywaji,6.203E+12,1,600,600,428.57,428.57,171.43,,,,,,
5/19/2026,17:11:10,Jobo-200ML,,Vinywaji,6.20304E+12,0.5,"2,000.00","1,000.00","1,723.96",861.98,138.02,,,,,,
5/19/2026,17:51:35,Winston(R),,Sigara & RIZLA,0,2,200,400,130.53,261.05,138.95,,,,,,
5/19/2026,17:51:35,Master(R),,Sigara & RIZLA,0,10,150,"1,500.00",104.65,"1,046.53",453.47,,,,,,
5/19/2026,18:47:10,Smart Gin-200ML,,Vinywaji,6.20301E+12,1,"2,000.00","2,000.00","1,744.28","1,744.28",255.72,,,,,,
5/19/2026,18:47:10,Embassy,,Sigara & RIZLA,0,1,400,400,278.03,278.03,121.97,,,,,,
5/19/2026,19:07:15,Uhai(W)-1L,,Vinywaji,6.20301E+12,2,600,"1,200.00",417.49,834.98,365.02,,,,,,
5/19/2026,19:07:15,Winston(R),,Sigara & RIZLA,0,24.5,200,"4,900.00",130.53,"3,197.89","1,702.11",,,,,,
5/19/2026,19:07:15,Niceone-400g,,Usafi:Jumla,6.20302E+12,2,"1,000.00","2,000.00",837.5,"1,675.00",325,,,,,,
5/19/2026,19:07:15,Tambi-25kg (Kupima),,Nafaka,0,0.5,"2,800.00","1,400.00","2,140.00","1,070.00",330,,,,,,
5/19/2026,19:42:36,Stone Tangawizi : 350ml,,Vinywaji,0,1,800,800,562.5,562.5,237.5,,,,,,
5/19/2026,19:42:36,Pepsi : 600ML,,Vinywaji,6.2011E+12,1,"1,000.00","1,000.00",800,800,200,,,,,,
5/19/2026,19:42:36,Mafuta/Kupikia-20L,,Viungo,0,0.5,"6,000.00","3,000.00","4,060.98","2,030.49",969.51,,,,,,
5/19/2026,19:42:36,Double(KK)-200ml,,Vinywaji,6.20301E+12,0.5,"2,000.00","1,000.00","1,794.67",897.33,102.67,,,,,,
5/19/2026,19:42:36,RIZLA,,Sigara & RIZLA,0,2,800,"1,600.00",550,"1,100.00",500,,,,,,
5/19/2026,19:42:36,LED Bulb-5W,,Umeme/Ufundi,0,1,"1,500.00","1,500.00",721.79,721.79,778.21,,,,,,
5/19/2026,19:42:36,Sembe-25kg,,Nafaka,0,1,"1,500.00","1,500.00","1,180.00","1,180.00",320,,,,,,
5/19/2026,19:55:55,Uhai(W)-1L,,Vinywaji,6.20301E+12,1,600,600,417.49,417.49,182.51,,,,,,
5/19/2026,19:55:55,UDI : STIKI,,Usafi:Binafsi,0,7,50,350,23.81,166.67,183.33,,,,,,
5/19/2026,19:55:55,Winston(R),,Sigara & RIZLA,0,8.5,200,"1,700.00",130.53,"1,109.47",590.53,,,,,,
5/19/2026,19:55:55,Sembe-25kg,,Nafaka,0,0.5,"1,500.00",750,"1,180.00",590,160,,,,,,
5/19/2026,20:00:09,Winston(R),,Sigara & RIZLA,0,1,200,200,130.53,130.53,69.47,,,,,,
5/19/2026,20:39:06,Double(KK)-200ml,,Vinywaji,6.20301E+12,0.5,"2,000.00","1,000.00","1,794.67",897.33,102.67,,,,,,
5/19/2026,20:39:06,Smart Gin-200ML,,Vinywaji,6.20301E+12,1.5,"2,000.00","3,000.00","1,744.28","2,616.42",383.58,,,,,,
5/19/2026,20:39:06,Winston(R),,Sigara & RIZLA,0,10,200,"2,000.00",130.53,"1,305.26",694.74,,,,,,
5/19/2026,20:39:06,Sembe-25kg,,Nafaka,0,1,"1,500.00","1,500.00","1,180.00","1,180.00",320,,,,,,
5/19/2026,20:39:06,Kiwembe : RK,,Usafi:Binafsi,0,1,100,100,60,60,40,,,,,,
5/19/2026,20:39:06,Mayai@Kizungu,,Viungo,0,4,350,"1,400.00",266.67,"1,066.67",333.33,,,,,,
5/19/2026,23:00:59,Azam-Cola-300ML,,Vinywaji,6.20301E+12,2,600,"1,200.00",423.55,847.1,352.9,,,,,,
5/19/2026,23:00:59,Jambo:Bolibo-300ml,,Vinywaji,6.203E+12,1,600,600,428.57,428.57,171.43,,,,,,
5/19/2026,23:07:39,Ngano-25kg,,Nafaka,0,1.5,"1,800.00","2,700.00","1,507.14","2,260.71",439.29,,,,,,
5/19/2026,23:07:39,Azam-Malt-300ML,,Vinywaji,6.00964E+12,2,600,"1,200.00",496.79,993.59,206.41,,,,,,
5/19/2026,23:07:39,Uhai(W)-1L,,Vinywaji,6.20301E+12,2,600,"1,200.00",417.49,834.98,365.02,,,,,,
5/19/2026,23:07:39,Uhai(W)-1.6L,,Vinywaji,6.20301E+12,1,800,800,498.15,498.15,301.85,,,,,,
5/19/2026,23:07:39,Sembe-25kg,,Nafaka,0,0.8,"1,500.00","1,125.00","1,180.00",885,240,,,,,,
5/19/2026,23:07:39,Pipi/Bigijii@50,,Vitamu,0,11,50,550,31.63,347.96,202.04,,,,,,
5/19/2026,23:07:39,Pipi/Bigijii@100,,Vitamu,0,5,100,500,59.76,298.78,201.22,,,,,,
5/19/2026,23:07:39,Jambo:Cocopine-300ml,,Vinywaji,6.203E+12,1,600,600,417.29,417.29,182.71,,,,,,
5/19/2026,23:07:39,Embassy,,Sigara & RIZLA,0,2,400,800,278.03,556.06,243.94,,,,,,
5/20/2026,11:39:59,Winston(R),,Sigara & RIZLA,0,20.5,200,"4,100.00",130.53,"2,675.79","1,424.21",,,,,,
5/20/2026,11:39:59,Uhai(W)-1L,,Vinywaji,6.20301E+12,1,600,600,417.49,417.49,182.51,,,,,,
5/20/2026,11:39:59,Sukari(Kupima) - 50kg,,Viungo,0,0.5,"3,000.00","1,500.00","2,360.00","1,180.00",320,,,,,,
5/20/2026,11:39:59,Azam-Cola-300ML,,Vinywaji,6.20301E+12,2,600,"1,200.00",423.55,847.1,352.9,,,,,,
5/20/2026,11:39:59,Azam-Malt-300ML,,Vinywaji,6.00964E+12,1,600,600,496.79,496.79,103.21,,,,,,
5/20/2026,11:39:59,Smart Gin-200ML,,Vinywaji,6.20301E+12,1,"2,000.00","2,000.00","1,744.28","1,744.28",255.72,,,,,,
5/20/2026,11:39:59,Pepsi : 600ML,,Vinywaji,6.2011E+12,1,"1,000.00","1,000.00",800,800,200,,,,,,
5/20/2026,11:39:59,Embassy,,Sigara & RIZLA,0,1,400,400,278.03,278.03,121.97,,,,,,
5/20/2026,13:09:26,Nyota/Kali,,Sigara & RIZLA,0,20,150,"3,000.00",85.48,"1,709.56","1,290.44",,,,,,
5/20/2026,13:09:26,Uhai(W)-1L,,Vinywaji,6.20301E+12,1,600,600,417.49,417.49,182.51,,,,,,
5/20/2026,13:09:26,Winston(R),,Sigara & RIZLA,0,12.5,200,"2,500.00",130.53,"1,631.58",868.42,,,,,,
5/20/2026,13:09:26,Mayai@Kizungu,,Viungo,0,6,350,"2,100.00",266.67,"1,600.00",500,,,,,,
5/20/2026,13:09:26,Kiwembe : RK,,Usafi:Binafsi,0,1,100,100,60,60,40,,,,,,
5/20/2026,13:09:26,Mirinda-Black : 350ml,,Vinywaji,0,1,700,700,500,500,200,,,,,,
5/20/2026,13:09:26,Jambo:Bolibo-300ml,,Vinywaji,6.203E+12,1,600,600,428.57,428.57,171.43,,,,,,
5/20/2026,13:09:26,Smart Gin-200ML,,Vinywaji,6.20301E+12,0.5,"2,000.00","1,000.00","1,744.28",872.14,127.86,,,,,,
5/20/2026,14:44:59,Pipi/Bigijii@50,,Vitamu,0,22,50,"1,100.00",31.63,695.92,404.08,,,,,,
5/20/2026,14:44:59,Sembe-25kg,,Nafaka,0,0.8,"1,500.00","1,125.00","1,180.00",885,240,,,,,,
5/20/2026,18:18:25,Mirinda-Black : 350ml,,Vinywaji,0,1,700,700,500,500,200,,,,,,
5/20/2026,18:18:25,Embassy,,Sigara & RIZLA,0,1,400,400,278.03,278.03,121.97,,,,,,
5/20/2026,18:18:25,Winston(R),,Sigara & RIZLA,0,16.5,200,"3,300.00",130.53,"2,153.68","1,146.32",,,,,,
5/20/2026,18:18:25,Mafuta/Kupikia-20L,,Viungo,0,1,"6,000.00","6,000.00","4,060.98","4,060.98","1,939.02",,,,,,
5/20/2026,19:36:43,Smart Gin-200ML,,Vinywaji,6.20301E+12,1,"2,000.00","2,000.00","1,744.28","1,744.28",255.72,,,,,,
5/20/2026,19:36:43,Winston(R),,Sigara & RIZLA,0,7,200,"1,400.00",130.53,913.68,486.32,,,,,,
5/20/2026,19:36:43,Mafuta/Kupikia-20L,,Viungo,0,0.3,"6,000.00","1,500.00","4,060.98","1,015.24",484.76,,,,,,
5/20/2026,19:36:43,Jambo:Bolibo-300ml,,Vinywaji,6.203E+12,1,600,600,428.57,428.57,171.43,,,,,,
5/20/2026,19:36:43,Jambo:Cocopine-300ml,,Vinywaji,6.203E+12,2,600,"1,200.00",417.29,834.58,365.42,,,,,,
5/20/2026,19:36:43,Pepsi : 600ML,,Vinywaji,6.2011E+12,1,"1,000.00","1,000.00",800,800,200,,,,,,
5/20/2026,19:36:43,Mirinda-Black : 350ml,,Vinywaji,0,1,700,700,500,500,200,,,,,,
5/20/2026,19:36:43,Sembe-25kg,,Nafaka,0,0.5,"1,500.00",750,"1,180.00",590,160,,,,,,
5/20/2026,20:03:28,Uhai(W)-1L,,Vinywaji,6.20301E+12,1,600,600,417.49,417.49,182.51,,,,,,
5/20/2026,20:03:28,Smart Gin-200ML,,Vinywaji,6.20301E+12,0.5,"2,000.00","1,000.00","1,744.28",872.14,127.86,,,,,,
5/20/2026,20:03:28,Mosquito :COIL,,Afya,0,9,250,"2,250.00",140,"1,260.00",990,,,,,,
5/20/2026,20:03:28,Winston(R),,Sigara & RIZLA,0,7,200,"1,400.00",130.53,913.68,486.32,,,,,,
5/20/2026,20:03:28,"Tamu : Bakery Skonzi-4pcs@1,600",,Nafaka,0,4,500,"2,000.00",400,"1,600.00",400,,,,,,
5/20/2026,20:36:26,Mayai@Kizungu,,Viungo,0,2,350,700,266.67,533.33,166.67,,,,,,
5/20/2026,20:36:26,Mafuta/Kupikia-20L,,Viungo,0,0.3,"6,000.00","1,500.00","4,060.98","1,015.24",484.76,,,,,,
5/20/2026,20:36:26,Pepsi : 600ML,,Vinywaji,6.2011E+12,1,"1,000.00","1,000.00",800,800,200,,,,,,
5/20/2026,20:36:26,Fanta-Passion : 350mL,,Vinywaji,0,1,800,800,558.33,558.33,241.67,,,,,,
5/20/2026,20:36:26,Pipi/Bigijii@50,,Vitamu,0,2,50,100,31.63,63.27,36.73,,,,,,
5/20/2026,20:36:26,Smart Gin-200ML,,Vinywaji,6.20301E+12,1,"2,000.00","2,000.00","1,744.28","1,744.28",255.72,,,,,,
5/20/2026,20:50:24,Master(K),,Sigara & RIZLA,0,20,150,"3,000.00",100.76,"2,015.25",984.75,,,,,,
5/20/2026,21:47:01,Ngano-25kg,,Nafaka,0,0.8,"1,800.00","1,350.00","1,507.14","1,130.36",219.64,,,,,,
5/20/2026,21:47:01,Saf-Instant-11g,,Viungo,0,1,500,500,333.33,333.33,166.67,,,,,,
5/20/2026,21:47:01,Sukari(Kupima) - 50kg,,Viungo,0,0.3,"3,000.00",750,"2,360.00",590,160,,,,,,
5/20/2026,21:47:01,Mafuta/Kupikia-20L,,Viungo,0,0.3,"6,000.00","1,500.00","4,060.98","1,015.24",484.76,,,,,,
5/20/2026,21:47:01,Pipi/Bigijii@100,,Vitamu,0,5,100,500,59.76,298.78,201.22,,,,,,
5/20/2026,21:47:01,Pipi/Bigijii@50,,Vitamu,0,6,50,300,31.63,189.8,110.2,,,,,,
5/20/2026,21:47:01,Winston(R),,Sigara & RIZLA,0,1,200,200,130.18,130.18,69.82,,,,,,
5/20/2026,21:47:01,Winston(R),,Sigara & RIZLA,0,2,200,400,130.53,261.05,138.95,,,,,,
5/20/2026,21:47:01,Jobo-200ML,,Vinywaji,6.20304E+12,0.5,"2,000.00","1,000.00","1,723.96",861.98,138.02,,,,,,
5/20/2026,21:47:01,Smart Gin-200ML,,Vinywaji,6.20301E+12,1,"2,000.00","2,000.00","1,744.28","1,744.28",255.72,,,,,,
5/20/2026,21:47:01,Haswa -Nazi-150ML,,Usafi:Binafsi,6.2011E+12,1,"1,500.00","1,500.00","1,250.00","1,250.00",250,,,,,,
5/20/2026,22:16:06,Pipi/Bigijii@50,,Vitamu,0,10,50,500,31.63,316.33,183.67,,,,,,
5/20/2026,22:16:06,Double(KK)-200ml,,Vinywaji,6.20301E+12,0.5,"2,000.00","1,000.00","1,794.67",897.33,102.67,,,,,,
5/20/2026,22:16:06,Nyota/Kali,,Sigara & RIZLA,0,2,150,300,85.48,170.96,129.04,,,,,,
5/20/2026,22:16:06,Mosquito :COIL,,Afya,0,1,250,250,140,140,110,,,,,,
5/20/2026,22:16:06,Smart Gin-200ML,,Vinywaji,6.20301E+12,2,"2,000.00","4,000.00","1,744.28","3,488.56",511.44,,,,,,
5/20/2026,22:16:06,Tambi-25kg (Kupima),,Nafaka,0,0.5,"2,800.00","1,400.00","2,140.00","1,070.00",330,,,,,,
5/20/2026,22:46:46,Sembe-25kg,,Nafaka,0,0.5,"1,500.00",750,"1,180.00",590,160,,,,,,
5/20/2026,22:46:46,Pepsi : 350ml,,Vinywaji,0,2,700,"1,400.00",500,"1,000.00",400,,,,,,
5/20/2026,22:46:46,Mirinda-Black : 350ml,,Vinywaji,0,1,700,700,500,500,200,,,,,,
5/20/2026,22:46:46,Niceone-180g,,Usafi:Jumla,6.20302E+12,8,500,"4,000.00",417.5,"3,340.00",660,,,,,,
5/21/2026,10:48:27,Azam-Malt-300ML,,Vinywaji,6.00964E+12,2,600,"1,200.00",496.79,993.59,206.41,,,,,,
5/21/2026,10:48:27,Sukari(Kupima) - 50kg,,Viungo,0,0.3,"3,000.00",750,"2,360.00",590,160,,,,,,
5/21/2026,10:48:27,Jambo:Cocopine-300ml,,Vinywaji,6.203E+12,1,600,600,417.29,417.29,182.71,,,,,,
5/21/2026,10:48:27,Pepsi : 350ml,,Vinywaji,0,1,700,700,500,500,200,,,,,,
5/21/2026,10:48:27,Niceone-180g,,Usafi:Jumla,6.20302E+12,1,500,500,417.5,417.5,82.5,,,,,,
5/21/2026,10:48:27,Uhai(W)-1L,,Vinywaji,6.20301E+12,2,600,"1,200.00",417.49,834.98,365.02,,,,,,
5/21/2026,10:48:27,Jambo:Bolibo-300ml,,Vinywaji,6.203E+12,1,600,600,428.57,428.57,171.43,,,,,,
5/21/2026,10:48:27,Uhai(W)-1.6L,,Vinywaji,6.20301E+12,1,800,800,498.15,498.15,301.85,,,,,,
5/21/2026,11:07:49,Jambo:Cocopine-300ml,,Vinywaji,6.203E+12,1,600,600,417.29,417.29,182.71,,,,,,
5/21/2026,11:22:02,Uhai(W)-1L,,Vinywaji,6.20301E+12,2,600,"1,200.00",417.49,834.98,365.02,,,,,,
5/21/2026,12:13:25,Jambo:Bolibo-300ml,,Vinywaji,6.203E+12,1,600,600,428.57,428.57,171.43,,,,,,
5/21/2026,12:13:25,Pipi/Bigijii@50,,Vitamu,0,8,50,400,31.63,253.06,146.94,,,,,,
5/21/2026,12:26:26,Mirinda-Black : 350ml,,Vinywaji,0,1,700,700,500,500,200,,,,,,
5/21/2026,12:29:04,Mafuta/Kupikia-20L,,Viungo,0,1,"6,000.00","6,000.00","4,060.98","4,060.98","1,939.02",,,,,,
5/21/2026,13:01:25,Sembe-25kg,,Nafaka,0,1,"1,500.00","1,500.00","1,180.00","1,180.00",320,,,,,,
5/21/2026,13:01:25,Uhai(W)-1L,,Vinywaji,6.20301E+12,2,600,"1,200.00",417.49,834.98,365.02,,,,,,
5/21/2026,15:06:15,Paracetamol - 500mg,,Afya,0,20,50,"1,000.00",30,600,400,,,,,,
5/21/2026,15:06:15,Sembe-25kg,,Nafaka,0,3,"1,500.00","4,500.00","1,180.00","3,540.00",960,,,,,,
5/21/2026,15:06:15,Uhai(W)-1L,,Vinywaji,6.20301E+12,3,600,"1,800.00",417.49,"1,252.48",547.52,,,,,,
5/21/2026,15:21:29,Winston(R),,Sigara & RIZLA,0,1,200,200,130.53,130.53,69.47,,,,,,
5/21/2026,15:21:29,"Tamu : Bakery Maandazi-12pcs@5,000",,Nafaka,0,1,500,500,416.67,416.67,83.33,,,,,,
5/21/2026,15:21:29,Uhai(W)-1L,,Vinywaji,6.20301E+12,4,600,"2,400.00",417.49,"1,669.97",730.03,,,,,,
5/21/2026,15:21:29,Pepsi : 600ML,,Vinywaji,6.2011E+12,1,"1,000.00","1,000.00",800,800,200,,,,,,
5/21/2026,15:21:29,Jambo:Bolibo-300ml,,Vinywaji,6.203E+12,1,600,600,428.57,428.57,171.43,,,,,,
5/21/2026,15:21:29,"Tamu : Bakery Skonzi-4pcs@1,600",,Nafaka,0,1,500,500,400,400,100,,,,,,
5/21/2026,16:51:05,Winston(R),,Sigara & RIZLA,0,1,200,200,130.53,130.53,69.47,,,,,,
5/21/2026,17:52:04,Winston(R),,Sigara & RIZLA,0,3.5,200,700,130.53,456.84,243.16,,,,,,
5/21/2026,17:52:04,Tambi-25kg (Kupima),,Nafaka,0,1,"2,800.00","2,800.00","2,140.00","2,140.00",660,,,,,,
5/21/2026,17:52:04,Pipi/Bigijii@50,,Vitamu,0,12,50,600,31.63,379.59,220.41,,,,,,
5/21/2026,18:19:35,Winston(R),,Sigara & RIZLA,0,6,200,"1,200.00",130.53,783.16,416.84,,,,,,
5/21/2026,18:39:16,Winston(R),,Sigara & RIZLA,0,1,200,200,130.53,130.53,69.47,,,,,,
5/21/2026,18:58:51,Portsman,,Sigara & RIZLA,0,3,300,900,220.88,662.65,237.35,,,,,,
5/21/2026,18:58:51,Smart Gin-200ML,,Vinywaji,6.20301E+12,2.5,"2,000.00","5,000.00","1,744.28","4,360.70",639.3,,,,,,
5/21/2026,18:58:51,Winston(R),,Sigara & RIZLA,0,7.5,200,"1,500.00",130.53,978.95,521.05,,,,,,
5/21/2026,18:58:51,Tressa :Shampoo - 10ML,,Usafi:Binafsi,6.20305E+12,3,200,600,125,375,225,,,,,,
5/21/2026,19:01:09,Sukari(Kupima) - 50kg,,Viungo,0,0.3,"3,000.00",750,"2,360.00",590,160,,,,,,
5/21/2026,19:01:09,Mayai@Kizungu,,Viungo,0,13,350,"4,550.00",266.67,"3,466.67","1,083.33",,,,,,
5/21/2026,19:49:14,Winston(R),,Sigara & RIZLA,0,4.5,200,900,130.53,587.37,312.63,,,,,,
5/21/2026,19:49:14,Pipi/Bigijii@50,,Vitamu,0,5,50,250,31.63,158.16,91.84,,,,,,
5/21/2026,19:49:14,Jambo:Cocopine-300ml,,Vinywaji,6.203E+12,1,600,600,417.29,417.29,182.71,,,,,,
5/21/2026,19:51:19,Winston(R),,Sigara & RIZLA,0,4.5,200,900,130.53,587.37,312.63,,,,,,
5/21/2026,19:51:19,Pipi/Bigijii@50,,Vitamu,0,5,50,250,31.63,158.16,91.84,,,,,,
5/21/2026,19:51:19,Jambo:Cocopine-300ml,,Vinywaji,6.203E+12,1,600,600,417.29,417.29,182.71,,,,,,
5/21/2026,20:07:19,Winston(R),,Sigara & RIZLA,0,4.5,200,900,130.53,587.37,312.63,,,,,,
5/21/2026,20:07:19,Pipi/Bigijii@50,,Vitamu,0,5,50,250,31.63,158.16,91.84,,,,,,
5/21/2026,20:07:19,Jambo:Cocopine-300ml,,Vinywaji,6.203E+12,1,600,600,417.29,417.29,182.71,,,,,,
5/21/2026,22:02:59,Uhai(W)-1.6L,,Vinywaji,6.20301E+12,1,800,800,498.15,498.15,301.85,,,,,,
5/21/2026,22:02:59,Diclopar-550mg,,Afya,0,42,100,"4,200.00",60,"2,520.00","1,680.00",,,,,,
5/21/2026,22:02:59,Winston(R),,Sigara & RIZLA,0,1,200,200,130.18,130.18,69.82,,,,,,
5/21/2026,22:02:59,Mafuta/Kupikia-20L,,Viungo,0,0.8,"6,000.00","4,500.00","4,060.98","3,045.73","1,454.27",,,,,,
5/21/2026,22:02:59,Embassy,,Sigara & RIZLA,0,3,400,"1,200.00",278.03,834.09,365.91,,,,,,
5/21/2026,22:02:59,Portsman,,Sigara & RIZLA,0,2,300,600,220.88,441.76,158.24,,,,,,
5/21/2026,22:02:59,Ngano-25kg,,Nafaka,0,1.5,"1,800.00","2,700.00","1,507.14","2,260.71",439.29,,,,,,
5/21/2026,22:02:59,"Tamu : Bakery Maandazi-24pcs@2,000",,Nafaka,0,2,100,200,83.33,166.67,33.33,,,,,,
5/21/2026,22:02:59,"Tamu : Bakery Skonzi-4pcs@1,600",,Nafaka,0,1,500,500,400,400,100,,,,,,
5/21/2026,22:02:59,Tamu : Bakery Mkate-1pcs@800,,Nafaka,0,1,"1,000.00","1,000.00",800,800,200,,,,,,
5/21/2026,22:02:59,"Tamu : Bakery Maandazi-12pcs@5,000",,Nafaka,0,1,500,500,416.67,416.67,83.33,,,,,,
5/21/2026,22:02:59,Nyota/Kali,,Sigara & RIZLA,0,3,150,450,85.48,256.43,193.57,,,,,,
5/21/2026,22:02:59,Jambo:Bolibo-300ml,,Vinywaji,6.203E+12,1,600,600,428.57,428.57,171.43,,,,,,
5/21/2026,22:02:59,Sembe-25kg,,Nafaka,0,1,"1,500.00","1,500.00","1,180.00","1,180.00",320,,,,,,
5/21/2026,22:02:59,Sukari(Kupima) - 50kg,,Viungo,0,0.3,"3,000.00",750,"2,360.00",590,160,,,,,,
5/21/2026,22:13:29,K-vant(S)-250ML,,Vinywaji,6.203E+12,1,"4,500.00","4,500.00","3,340.74","3,340.74","1,159.26",,,,,,
5/21/2026,22:13:29,Winston(R),,Sigara & RIZLA,0,1,200,200,130.53,130.53,69.47,,,,,,
5/21/2026,22:32:22,Kiwembe : Dorco,,Usafi:Binafsi,8.80104E+12,1,200,200,85,85,115,,,,,,
5/21/2026,22:32:22,Kiwembe : RK,,Usafi:Binafsi,0,1,100,100,60,60,40,,,,,,
5/21/2026,22:32:22,Pepsi : 600ML,,Vinywaji,6.2011E+12,1,"1,000.00","1,000.00",800,800,200,,,,,,
5/21/2026,22:32:22,Mosquito :COIL,,Afya,0,5,250,"1,250.00",140,700,550,,,,,,
5/21/2026,22:35:50,Mayai@Kizungu,,Viungo,0,5,350,"1,750.00",266.67,"1,333.33",416.67,,,,,,
5/21/2026,22:35:50,Sembe-25kg,,Nafaka,0,0.8,"1,500.00","1,125.00","1,180.00",885,240,,,,,,
5/30/2026,18:52:35,Winston(R),,Sigara & RIZLA,0,6,200,"1,200.00",130.18,781.07,418.93,,,,,,
5/30/2026,18:52:35,Double(KK)-200ml,,Vinywaji,6.20301E+12,0.5,"2,000.00","1,000.00","1,794.67",897.33,102.67,,,,,,
5/30/2026,18:52:35,Smart Gin-200ML,,Vinywaji,6.20301E+12,9.5,"2,000.00","19,000.00","1,744.28","16,570.65","2,429.35",,,,,,
5/30/2026,18:52:35,Jobo-200ML,,Vinywaji,6.20304E+12,0.5,"2,000.00","1,000.00","1,723.96",861.98,138.02,,,,,,
5/30/2026,18:52:35,K-vant(L)- 750ML,,Vinywaji,6.204E+12,1,"12,000.00","12,000.00","9,574.67","9,574.67","2,425.33",,,,,,
5/30/2026,19:37:57,Winston(R),,Sigara & RIZLA,0,20,200,"4,000.00",130.53,"2,610.53","1,389.47",,,,,,
5/30/2026,19:37:57,Portsman,,Sigara & RIZLA,0,2,300,600,220.88,441.76,158.24,,,,,,
5/30/2026,19:37:57,Mosquito :COIL,,Afya,0,1,250,250,140,140,110,,,,,,
5/30/2026,19:37:57,Azam-Malt-300ML,,Vinywaji,6.00964E+12,1,700,700,496.79,496.79,203.21,,,,,,
5/30/2026,19:37:57,Winston(R),,Sigara & RIZLA,0,3,200,600,130.18,390.54,209.46,,,,,,
5/31/2026,7:52:09,Ngano-25kg,,Nafaka,0,1.5,"2,000.00","3,000.00","1,507.14","2,260.71",739.29,,,,,,
5/31/2026,7:52:09,Sembe-25kg,,Nafaka,0,2.5,"1,500.00","3,750.00","1,180.00","2,950.00",800,,,,,,
5/31/2026,7:52:09,Sukari(Kupima) - 50kg,,Viungo,0,0.5,"3,000.00","1,500.00","2,360.00","1,180.00",320,,,,,,
5/31/2026,7:52:09,Smart Gin-200ML,,Vinywaji,6.20301E+12,6.5,"2,000.00","13,000.00","1,744.28","11,337.81","1,662.19",,,,,,
5/31/2026,7:52:09,Jambo:Cocopine-300ml,,Vinywaji,6.203E+12,1,600,600,417.29,417.29,182.71,,,,,,
5/31/2026,7:52:09,Jambo:Bolibo-300ml,,Vinywaji,6.203E+12,1,600,600,428.57,428.57,171.43,,,,,,
5/31/2026,7:52:09,Winston(R),,Sigara & RIZLA,0,53,200,"10,600.00",130.53,"6,917.89","3,682.11",,,,,,
5/31/2026,7:52:09,Portsman,,Sigara & RIZLA,0,10,300,"3,000.00",220.88,"2,208.82",791.18,,,,,,
5/31/2026,7:52:09,Nyota/Kali,,Sigara & RIZLA,0,17,150,"2,550.00",85.48,"1,453.13","1,096.88",,,,,,
5/31/2026,9:26:17,Azam-Cola-300ML,,Vinywaji,6.20301E+12,1,600,600,423.55,423.55,176.45,,,,,,
5/31/2026,9:26:17,Winston(R),,Sigara & RIZLA,0,2,200,400,130.53,261.05,138.95,,,,,,
5/31/2026,9:26:17,Mirinda-Black : 350ml,,Vinywaji,0,1,700,700,500,500,200,,,,,,
5/31/2026,9:26:17,Sukari(Kupima) - 50kg,,Viungo,0,0.5,"3,000.00","1,500.00","2,360.00","1,180.00",320,,,,,,
5/31/2026,9:26:17,Sembe-25kg,,Nafaka,0,1,"1,500.00","1,500.00","1,180.00","1,180.00",320,,,,,,
5/31/2026,9:41:17,Jambo:Bolibo-300ml,,Vinywaji,6.203E+12,1,600,600,428.57,428.57,171.43,,,,,,
5/31/2026,9:41:17,Azam-Cola-300ML,,Vinywaji,6.20301E+12,1,600,600,423.55,423.55,176.45,,,,,,
5/31/2026,9:51:22,Jambo:Bolibo-300ml,,Vinywaji,6.203E+12,1,600,600,428.57,428.57,171.43,,,,,,
5/31/2026,9:51:22,Azam-Cola-300ML,,Vinywaji,6.20301E+12,1,600,600,423.55,423.55,176.45,,,,,,
5/31/2026,10:09:45,Azam-Malt-300ML,,Vinywaji,6.00964E+12,1,700,700,496.79,496.79,203.21,,,,,,
5/31/2026,10:09:45,Sukari(Kupima) - 50kg,,Viungo,0,0.3,"3,000.00",750,"2,360.00",590,160,,,,,,
5/31/2026,12:28:10,Pepsi : 600ML,,Vinywaji,6.2011E+12,2,"1,200.00","2,400.00",800,"1,600.00",800,,,,,,
5/31/2026,12:28:10,Winston(R),,Sigara & RIZLA,0,17.5,200,"3,500.00",130.53,"2,284.21","1,215.79",,,,,,
5/31/2026,12:28:10,Mafuta/Kupikia-20L,,Viungo,0,0.5,"6,000.00","3,000.00","4,060.98","2,030.49",969.51,,,,,,
5/31/2026,12:28:10,Niceone-180g,,Usafi:Jumla,6.20302E+12,1,500,500,417.5,417.5,82.5,,,,,,
5/31/2026,12:28:10,Niceone-400g,,Usafi:Jumla,6.20302E+12,1,"1,000.00","1,000.00",837.5,837.5,162.5,,,,,,
5/31/2026,12:50:24,Winston(R),,Sigara & RIZLA,0,2,200,400,130.53,261.05,138.95,,,,,,
5/31/2026,12:55:01,Tamu : Bakery Mkate-1pcs@800,,Nafaka,0,1,"1,000.00","1,000.00",800,800,200,,,,,,
5/31/2026,12:59:59,Azam-Cola-300ML,,Vinywaji,6.20301E+12,2,600,"1,200.00",423.55,847.1,352.9,,,,,,
5/31/2026,12:59:59,Uhai(W)-1.6L,,Vinywaji,6.20301E+12,1,800,800,498.15,498.15,301.85,,,,,,
5/31/2026,13:15:25,Winston(R),,Sigara & RIZLA,0,1,200,200,130.53,130.53,69.47,,,,,,
5/31/2026,13:18:39,Azam-Cola-300ML,,Vinywaji,6.20301E+12,1,600,600,423.55,423.55,176.45,,,,,,
5/31/2026,13:18:39,Winston(R),,Sigara & RIZLA,0,2,200,400,130.53,261.05,138.95,,,,,,
5/31/2026,13:36:07,Winston(R),,Sigara & RIZLA,0,1,200,200,130.18,130.18,69.82,,,,,,
5/31/2026,13:41:57,Winston(R),,Sigara & RIZLA,0,2,200,400,130.53,261.05,138.95,,,,,,
5/31/2026,13:48:03,Sukari(Kupima) - 50kg,,Viungo,0,2,"3,000.00","6,000.00","2,360.00","4,720.00","1,280.00",,,,,,
5/31/2026,14:28:47,Superblack-MDLSPA,,Usafi:Binafsi,0,1,"1,000.00","1,000.00",700,700,300,,,,,,
5/31/2026,14:37:44,Superblack-MDLSPA,,Usafi:Binafsi,0,1,"1,000.00","1,000.00",700,700,300,,,,,,
5/31/2026,14:37:44,Winston(R),,Sigara & RIZLA,0,1,200,200,130.53,130.53,69.47,,,,,,
5/31/2026,14:45:36,Mafuta/Kupikia-20L,,Viungo,0,0.3,"6,000.00","1,500.00","4,060.98","1,015.24",484.76,,,,,,
5/31/2026,15:03:57,Pipi/Bigijii@50,,Vitamu,0,1,50,50,31.63,31.63,18.37,,,,,,
5/31/2026,15:03:57,Winston(R),,Sigara & RIZLA,0,1,200,200,130.53,130.53,69.47,,,,,,
5/31/2026,15:03:57,Pipi/Bigijii@100,,Vitamu,0,3,100,300,59.76,179.27,120.73,,,,,,
5/31/2026,15:03:57,Azam-Cola-300ML,,Vinywaji,6.20301E+12,1,600,600,423.55,423.55,176.45,,,,,,
5/31/2026,15:10:03,Smart Gin-200ML,,Vinywaji,6.20301E+12,1.5,"2,000.00","3,000.00","1,744.28","2,616.42",383.58,,,,,,
5/31/2026,16:07:27,Mirinda-Black : 350ml,,Vinywaji,0,1,700,700,500,500,200,,,,,,
5/31/2026,16:07:27,Jobo-200ML,,Vinywaji,6.20304E+12,0.5,"2,000.00","1,000.00","1,723.96",861.98,138.02,,,,,,
5/31/2026,16:07:27,Mafuta/Kupikia-20L,,Viungo,0,1.5,"6,000.00","9,000.00","4,060.98","6,091.46","2,908.54",,,,,,
5/31/2026,16:07:27,Ngano-25kg,,Nafaka,0,0.8,"2,000.00","1,500.00","1,507.14","1,130.36",369.64,,,,,,
5/31/2026,16:07:27,Winston(R),,Sigara & RIZLA,0,2,200,400,130.53,261.05,138.95,,,,,,
5/31/2026,16:46:36,Sembe-25kg,,Nafaka,0,0.5,"1,500.00",750,"1,180.00",590,160,,,,,,
5/31/2026,16:46:36,Azam-Malt-300ML,,Vinywaji,6.00964E+12,1,700,700,496.79,496.79,203.21,,,,,,
5/31/2026,16:46:36,Smart Gin-200ML,,Vinywaji,6.20301E+12,0.5,"2,000.00","1,000.00","1,744.28",872.14,127.86,,,,,,
5/31/2026,16:46:36,Jobo-200ML,,Vinywaji,6.20304E+12,0.5,"2,000.00","1,000.00","1,723.96",861.98,138.02,,,,,,
5/31/2026,16:46:36,Winston(R),,Sigara & RIZLA,0,2.5,200,500,130.53,326.32,173.68,,,,,,
5/31/2026,17:12:59,Winston(R),,Sigara & RIZLA,0,2.5,200,500,130.53,326.32,173.68,,,,,,
5/31/2026,18:54:43,Jobo-200ML,,Vinywaji,6.20304E+12,1,"2,000.00","2,000.00","1,723.96","1,723.96",276.04,,,,,,
5/31/2026,18:54:43,Winston(R),,Sigara & RIZLA,0,21.5,200,"4,300.00",130.53,"2,806.32","1,493.68",,,,,,
5/31/2026,18:54:43,Mirinda-600mL,,Vinywaji,6.2011E+12,1,"1,200.00","1,200.00",830.3,830.3,369.7,,,,,,
5/31/2026,18:54:43,Mayai@Kizungu,,Viungo,0,6,350,"2,100.00",266.67,"1,600.00",500,,,,,,
5/31/2026,18:54:43,Pipi/Bigijii@100,,Vitamu,0,3,100,300,59.76,179.27,120.73,,,,,,
5/31/2026,19:07:53,Pipi/Bigijii@50,,Vitamu,0,2,50,100,31.63,63.27,36.73,,,,,,
5/31/2026,19:07:53,Sembe-25kg,,Nafaka,0,1,"1,500.00","1,500.00","1,180.00","1,180.00",320,,,,,,
5/31/2026,19:07:53,Winston(R),,Sigara & RIZLA,0,2,200,400,130.53,261.05,138.95,,,,,,
5/31/2026,20:11:07,Uhai(W)-1L,,Vinywaji,6.20301E+12,1,600,600,417.49,417.49,182.51,,,,,,
5/31/2026,20:11:07,Mosquito :COIL,,Afya,0,10,250,"2,500.00",140,"1,400.00","1,100.00",,,,,,
5/31/2026,20:11:07,Jobo-200ML,,Vinywaji,6.20304E+12,0.5,"2,000.00","1,000.00","1,723.96",861.98,138.02,,,,,,
5/31/2026,20:11:07,Tressa :Shampoo - 10ML,,Usafi:Binafsi,6.20305E+12,1,200,200,125,125,75,,,,,,
5/31/2026,20:11:07,Sukari(Kupima) - 50kg,,Viungo,0,0.3,"3,000.00",750,"2,360.00",590,160,,,,,,
5/31/2026,20:11:07,Sembe-25kg,,Nafaka,0,0.7,"1,500.00","1,095.00","1,180.00",861.4,233.6,,,,,,
5/31/2026,20:45:26,Mshumaa,,Jikoni,6.203E+12,2,500,"1,000.00",277.78,555.56,444.44,,,,,,
5/31/2026,20:45:26,Master(R),,Sigara & RIZLA,0,5,150,750,104.65,523.26,226.74,,,,,,
5/31/2026,20:45:26,Winston(R),,Sigara & RIZLA,0,2,200,400,130.53,261.05,138.95,,,,,,
5/31/2026,20:45:26,Niceone-400g,,Usafi:Jumla,6.20302E+12,1,"1,000.00","1,000.00",837.5,837.5,162.5,,,,,,
5/31/2026,20:45:26,Sembe-25kg,,Nafaka,0,1,"1,500.00","1,500.00","1,180.00","1,180.00",320,,,,,,
5/31/2026,20:45:26,Uhai(W)-1L,,Vinywaji,6.20301E+12,1,600,600,417.49,417.49,182.51,,,,,,
5/31/2026,21:57:21,Pipi/Bigijii@100,,Vitamu,0,6,100,600,59.76,358.54,241.46,,,,,,
5/31/2026,21:57:21,Winston(R),,Sigara & RIZLA,0,14,200,"2,800.00",130.53,"1,827.37",972.63,,,,,,
5/31/2026,21:57:21,Kiwembe : Dorco,,Usafi:Binafsi,8.80104E+12,1,200,200,85,85,115,,,,,,
5/31/2026,21:57:21,Winston(R),,Sigara & RIZLA,0,2,200,400,130.18,260.36,139.64,,,,,,
5/31/2026,21:57:21,Jobo-200ML,,Vinywaji,6.20304E+12,1.5,"2,000.00","3,000.00","1,723.96","2,585.94",414.06,,,,,,
5/31/2026,21:57:21,Nyota/Kali,,Sigara & RIZLA,0,3,150,450,85.48,256.43,193.57,,,,,,
5/31/2026,21:57:21,Azam-Cola-300ML,,Vinywaji,6.20301E+12,1,600,600,423.55,423.55,176.45,,,,,,
5/31/2026,22:30:39,Pepsi : 600ML,,Vinywaji,6.2011E+12,1,"1,200.00","1,200.00",800,800,400,,,,,,
5/31/2026,22:30:39,Azam-Malt-300ML,,Vinywaji,6.00964E+12,2,700,"1,400.00",496.79,993.59,406.41,,,,,,
5/31/2026,22:30:39,Jobo-200ML,,Vinywaji,6.20304E+12,0.5,"2,000.00","1,000.00","1,723.96",861.98,138.02,,,,,,
5/31/2026,22:30:39,Uhai(W)-1L,,Vinywaji,6.20301E+12,2,600,"1,200.00",417.49,834.98,365.02,,,,,,
5/31/2026,22:30:39,Pipi/Bigijii@100,,Vitamu,0,3,100,300,59.76,179.27,120.73,,,,,,
5/31/2026,22:36:13,Pepsi : 600ML,,Vinywaji,6.2011E+12,1,"1,200.00","1,200.00",800,800,400,,,,,,
5/31/2026,22:36:13,Azam-Malt-300ML,,Vinywaji,6.00964E+12,2,700,"1,400.00",496.79,993.59,406.41,,,,,,
5/31/2026,22:36:13,Jobo-200ML,,Vinywaji,6.20304E+12,0.5,"2,000.00","1,000.00","1,723.96",861.98,138.02,,,,,,
5/31/2026,22:36:13,Uhai(W)-1L,,Vinywaji,6.20301E+12,2,600,"1,200.00",417.49,834.98,365.02,,,,,,
5/31/2026,22:36:13,Pipi/Bigijii@100,,Vitamu,0,3,100,300,59.76,179.27,120.73,,,,,,
5/31/2026,22:36:13,Mirinda-600mL,,Vinywaji,6.2011E+12,1,"1,200.00","1,200.00",830.3,830.3,369.7,,,,,,
6/1/2026,19:07:45,K-vant(L)- 750ML,,Vinywaji,6.204E+12,1,"12,000.00","12,000.00","9,574.67","9,574.67","2,425.33",,,,,,
6/1/2026,19:07:45,Pipi/Bigijii@50,,Vitamu,0,24,50,"1,200.00",31.63,759.18,440.82,,,,,,
6/1/2026,19:07:45,Sembe-25kg,,Nafaka,0,2.5,"1,500.00","3,750.00","1,180.00","2,950.00",800,,,,,,
6/1/2026,19:07:45,K-vant(S)-250ML,,Vinywaji,6.203E+12,1,"4,500.00","4,500.00","3,340.74","3,340.74","1,159.26",,,,,,
6/1/2026,19:07:45,Smart Gin-200ML,,Vinywaji,6.20301E+12,1,"2,000.00","2,000.00","1,744.28","1,744.28",255.72,,,,,,
6/1/2026,19:07:45,U-Fresh Glass (Mango)-120ML,,Vinywaji,0,2,200,400,160.71,321.43,78.57,,,,,,
6/1/2026,19:07:45,Mirinda-600mL,,Vinywaji,6.2011E+12,2,"1,200.00","2,400.00",830.3,"1,660.61",739.39,,,,,,
6/1/2026,19:07:45,Azam-Cola-300ML,,Vinywaji,6.20301E+12,11,600,"6,600.00",423.55,"4,659.04","1,940.96",,,,,,
6/1/2026,19:07:45,Cocacola : 350mL,,Vinywaji,0,3,800,"2,400.00",558.3,"1,674.90",725.1,,,,,,
6/1/2026,19:07:45,Nyota/Kali,,Sigara & RIZLA,0,3,150,450,85.48,256.43,193.57,,,,,,
6/1/2026,19:07:45,Jambo:Bolibo-300ml,,Vinywaji,6.203E+12,1,600,600,428.57,428.57,171.43,,,,,,
6/1/2026,19:07:45,Pepsi : 600ML,,Vinywaji,6.2011E+12,2,"1,200.00","2,400.00",800,"1,600.00",800,,,,,,
6/1/2026,19:07:45,Mafuta/Kupikia-20L,,Viungo,0,0.5,"6,000.00","3,000.00","4,060.98","2,030.49",969.51,,,,,,
6/1/2026,19:07:45,Uhai(W)-1.6L,,Vinywaji,6.20301E+12,2,800,"1,600.00",498.15,996.3,603.7,,,,,,
6/1/2026,19:07:45,Mayai@Kizungu,,Viungo,0,6,350,"2,100.00",266.67,"1,600.00",500,,,,,,
6/1/2026,19:07:45,Portsman,,Sigara & RIZLA,0,1,300,300,220.88,220.88,79.12,,,,,,
6/1/2026,19:07:45,Jambo:Cocopine-300ml,,Vinywaji,6.203E+12,1,600,600,417.29,417.29,182.71,,,,,,
6/1/2026,19:07:45,Pipi/Bigijii@100,,Vitamu,0,2,100,200,59.76,119.51,80.49,,,,,,
6/1/2026,19:07:45,UDI : STIKI,,Usafi:Binafsi,0,4,50,200,23.81,95.24,104.76,,,,,,
6/1/2026,19:07:45,Niceone-180g,,Usafi:Jumla,6.20302E+12,1,500,500,417.5,417.5,82.5,,,,,,
6/1/2026,19:39:20,"Tamu : Bakery Skonzi-4pcs@1,600",,Nafaka,0,2,500,"1,000.00",400,800,200,,,,,,
6/1/2026,19:39:20,Mafuta/Kupikia-20L,,Viungo,0,1,"6,000.00","6,000.00","4,060.98","4,060.98","1,939.02",,,,,,
6/1/2026,19:44:52,"Tamu : Bakery Skonzi-4pcs@1,600",,Nafaka,0,2,500,"1,000.00",400,800,200,,,,,,
6/1/2026,19:44:52,Mafuta/Kupikia-20L,,Viungo,0,1,"6,000.00","6,000.00","4,060.98","4,060.98","1,939.02",,,,,,
6/1/2026,19:44:52,K-vant(S)-250ML,,Vinywaji,6.203E+12,1,"4,500.00","4,500.00","3,340.74","3,340.74","1,159.26",,,,,,
6/1/2026,19:44:52,Azam-Cola-300ML,,Vinywaji,6.20301E+12,1,600,600,423.55,423.55,176.45,,,,,,
6/1/2026,19:55:13,Smart Gin-200ML,,Vinywaji,6.20301E+12,1,"2,000.00","2,000.00","1,744.28","1,744.28",255.72,,,,,,
6/1/2026,19:55:13,Portsman,,Sigara & RIZLA,0,4,300,"1,200.00",220.88,883.53,316.47,,,,,,
6/1/2026,19:55:13,Nyota/Kali,,Sigara & RIZLA,0,3,150,450,85.48,256.43,193.57,,,,,,
6/1/2026,19:55:13,Winston(R),,Sigara & RIZLA,0,71,200,"14,200.00",130.53,"9,267.37","4,932.63",,,,,,
6/1/2026,19:55:13,K-vant(S)-250ML,,Vinywaji,6.203E+12,0.5,"4,500.00","2,250.00","3,340.74","1,670.37",579.63,,,,,,
6/1/2026,20:10:44,Sembe-25kg,,Nafaka,0,5,"1,500.00","7,500.00","1,180.00","5,900.00","1,600.00",,,,,,
6/1/2026,20:10:44,Winston(R),,Sigara & RIZLA,0,2,200,400,130.53,261.05,138.95,,,,,,
6/1/2026,20:27:44,Winston(R),,Sigara & RIZLA,0,14,200,"2,800.00",130.53,"1,827.37",972.63,,,,,,
6/1/2026,20:27:44,Nyota/Kali,,Sigara & RIZLA,0,4,150,600,85.48,341.91,258.09,,,,,,
6/1/2026,20:27:44,Double(KK)-200ml,,Vinywaji,6.20301E+12,0.5,"2,000.00","1,000.00","1,794.67",897.33,102.67,,,,,,
6/1/2026,20:27:44,Jobo-200ML,,Vinywaji,6.20304E+12,0.5,"2,000.00","1,000.00","1,723.96",861.98,138.02,,,,,,
6/1/2026,20:27:44,Winston(R),,Sigara & RIZLA,0,2,200,400,130.18,260.36,139.64,,,,,,
6/1/2026,20:27:44,Smart Gin-200ML,,Vinywaji,6.20301E+12,0.5,"2,000.00","1,000.00","1,744.28",872.14,127.86,,,,,,
6/1/2026,20:27:44,Jambo:Bolibo-300ml,,Vinywaji,6.203E+12,1,600,600,428.57,428.57,171.43,,,,,,
6/1/2026,20:27:44,Pepsi : 600ML,,Vinywaji,6.2011E+12,1,"1,200.00","1,200.00",800,800,400,,,,,,
6/1/2026,20:41:49,Double(KK)-200ml,,Vinywaji,6.20301E+12,1,"2,000.00","2,000.00","1,794.67","1,794.67",205.33,,,,,,
6/1/2026,20:41:49,K-vant(S)-250ML,,Vinywaji,6.203E+12,0.5,"4,500.00","2,250.00","3,340.74","1,670.37",579.63,,,,,,
6/1/2026,20:41:49,Sembe-25kg,,Nafaka,0,1.8,"1,500.00","2,625.00","1,180.00","2,065.00",560,,,,,,
6/1/2026,20:41:49,Mafuta/Kupikia-20L,,Viungo,0,0.3,"6,000.00","1,500.00","4,060.98","1,015.24",484.76,,,,,,
6/1/2026,20:41:49,Winston(R),,Sigara & RIZLA,0,4,200,800,130.53,522.11,277.89,,,,,,
6/1/2026,20:58:40,Winston(R),,Sigara & RIZLA,0,2.5,200,500,130.18,325.45,174.55,,,,,,
6/1/2026,20:58:40,Winston(R),,Sigara & RIZLA,0,1,200,200,130.53,130.53,69.47,,,,,,
6/1/2026,21:06:28,Konyagi(S)- 200ML,,Vinywaji,6.20301E+12,1,"4,500.00","4,500.00","3,523.81","3,523.81",976.19,,,,,,
6/1/2026,21:43:09,Double(KK)-200ml,,Vinywaji,6.20301E+12,1,"2,000.00","2,000.00","1,794.67","1,794.67",205.33,,,,,,
6/1/2026,21:43:09,Pipi/Bigijii@50,,Vitamu,0,8,50,400,31.63,253.06,146.94,,,,,,
6/1/2026,21:43:09,"Tamu : Bakery Maandazi-12pcs@5,000",,Nafaka,0,1,500,500,416.67,416.67,83.33,,,,,,
6/1/2026,22:08:07,Pipi/Bigijii@50,,Vitamu,0,2,50,100,31.63,63.27,36.73,,,,,,
6/1/2026,22:08:07,Smart Gin-200ML,,Vinywaji,6.20301E+12,0.5,"2,000.00","1,000.00","1,744.28",872.14,127.86,,,,,,
6/1/2026,22:08:07,Winston(R),,Sigara & RIZLA,0,1,200,200,130.53,130.53,69.47,,,,,,
6/1/2026,22:08:07,UDI : STIKI,,Usafi:Binafsi,0,20,50,"1,000.00",23.81,476.19,523.81,,,,,,
6/1/2026,22:08:07,Uhai(W)-1.6L,,Vinywaji,6.20301E+12,1,800,800,498.15,498.15,301.85,,,,,,
6/1/2026,22:22:31,Tamu : Bakery Mkate-1pcs@800,,Nafaka,0,1,"1,000.00","1,000.00",800,800,200,,,,,,
6/1/2026,22:22:31,Mayai@Kizungu,,Viungo,0,6,350,"2,100.00",266.67,"1,600.00",500,,,,,,
6/1/2026,22:22:31,Uhai(W)-1L,,Vinywaji,6.20301E+12,1,600,600,417.49,417.49,182.51,,,,,,
6/1/2026,22:22:31,Uhai(W)-1.6L,,Vinywaji,6.20301E+12,1,800,800,498.15,498.15,301.85,,,,,,
6/1/2026,22:51:24,Uhai(W)-1.6L,,Vinywaji,6.20301E+12,1,800,800,498.15,498.15,301.85,,,,,,
6/1/2026,22:51:24,Uhai(W)-1L,,Vinywaji,6.20301E+12,1,600,600,417.49,417.49,182.51,,,,,,
6/1/2026,22:51:24,Smart Gin-200ML,,Vinywaji,6.20301E+12,0.5,"2,000.00","1,000.00","1,744.28",872.14,127.86,,,,,,
6/2/2026,8:55:51,Sukari(Kupima) - 50kg,,Viungo,0,1,"3,000.00","3,000.00","2,360.00","2,360.00",640,,,,,,
6/2/2026,8:55:51,Niceone-400g,,Usafi:Jumla,6.20302E+12,1,"1,000.00","1,000.00",837.5,837.5,162.5,,,,,,
6/2/2026,8:55:51,Ngano-25kg,,Nafaka,0,0.5,"2,000.00","1,000.00","1,507.14",753.57,246.43,,,,,,
6/2/2026,8:55:51,"Tamu : Bakery Maandazi-12pcs@5,000",,Nafaka,0,1,500,500,416.67,416.67,83.33,,,,,,
6/2/2026,8:55:51,Mafuta/Kupikia-20L,,Viungo,0,0.3,"6,000.00","1,500.00","4,060.98","1,015.24",484.76,,,,,,
6/2/2026,8:55:51,Pipi/Bigijii@100,,Vitamu,0,6,100,600,59.76,358.54,241.46,,,,,,
6/2/2026,8:55:51,Uhai(W)-1L,,Vinywaji,6.20301E+12,1,600,600,417.49,417.49,182.51,,,,,,
6/2/2026,8:55:51,Smart Gin-200ML,,Vinywaji,6.20301E+12,0.5,"2,000.00","1,000.00","1,744.28",872.14,127.86,,,,,,
6/2/2026,8:55:51,Mosquito :COIL,,Afya,0,5,250,"1,250.00",140,700,550,,,,,,
6/2/2026,9:33:25,Niceone-180g,,Usafi:Jumla,6.20302E+12,1,500,500,417.5,417.5,82.5,,,,,,
6/2/2026,9:33:25,Azam-Cola-300ML,,Vinywaji,6.20301E+12,1,600,600,423.55,423.55,176.45,,,,,,
6/2/2026,9:33:25,Tamu : Bakery Mkate-1pcs@800,,Nafaka,0,1,"1,000.00","1,000.00",800,800,200,,,,,,
6/2/2026,9:33:25,Kiwembe : Dorco,,Usafi:Binafsi,8.80104E+12,2,200,400,85,170,230,,,,,,
6/2/2026,10:55:11,Mayai@Kizungu,,Viungo,0,3,350,"1,050.00",266.67,800,250,,,,,,
6/2/2026,11:26:03,Jambo:Cocopine-300ml,,Vinywaji,6.203E+12,1,600,600,417.29,417.29,182.71,,,,,,
6/2/2026,11:26:03,"Tamu : Bakery Maandazi-12pcs@5,000",,Nafaka,0,1,500,500,416.67,416.67,83.33,,,,,,
6/2/2026,12:17:39,Double(KK)-200ml,,Vinywaji,6.20301E+12,0.5,"2,000.00","1,000.00","1,794.67",897.33,102.67,,,,,,
6/2/2026,12:17:39,Azam-Malt-300ML,,Vinywaji,6.00964E+12,1,700,700,496.79,496.79,203.21,,,,,,
6/2/2026,12:17:39,Mafuta/Kupikia-20L,,Viungo,0,0.3,"6,000.00","1,500.00","4,060.98","1,015.24",484.76,,,,,,
6/2/2026,12:17:39,Ngano-25kg,,Nafaka,0,0.3,"2,000.00",500,"1,507.14",376.79,123.21,,,,,,
6/2/2026,12:17:39,"Tamu : Bakery Maandazi-24pcs@2,000",,Nafaka,0,4,100,400,83.33,333.33,66.67,,,,,,
6/2/2026,13:48:13,Niceone-180g,,Usafi:Jumla,6.20302E+12,1,500,500,417.5,417.5,82.5,,,,,,
6/2/2026,13:48:13,Tamu : Bakery Mkate-1pcs@800,,Nafaka,0,1,"1,000.00","1,000.00",800,800,200,,,,,,
6/2/2026,13:48:13,Sembe-25kg,,Nafaka,0,1,"1,500.00","1,500.00","1,180.00","1,180.00",320,,,,,,
6/2/2026,13:48:13,Azam-Cola-300ML,,Vinywaji,6.20301E+12,1,600,600,423.55,423.55,176.45,,,,,,
6/2/2026,13:48:13,Mafuta/Kupikia-20L,,Viungo,0,0.3,"6,000.00","1,500.00","4,060.98","1,015.24",484.76,,,,,,
6/2/2026,14:54:49,Jambo:Bolibo-300ml,,Vinywaji,6.203E+12,1,600,600,428.57,428.57,171.43,,,,,,
6/2/2026,14:54:49,"Tamu : Bakery Maandazi-24pcs@2,000",,Nafaka,0,8,100,800,83.33,666.67,133.33,,,,,,
6/2/2026,14:54:49,Azam-Cola-300ML,,Vinywaji,6.20301E+12,3,600,"1,800.00",423.55,"1,270.65",529.35,,,,,,
6/2/2026,14:54:49,Winston(R),,Sigara & RIZLA,0,14,200,"2,800.00",130.53,"1,827.37",972.63,,,,,,
6/2/2026,22:37:37,Smart Gin-200ML,,Vinywaji,6.20301E+12,1.5,"2,000.00","3,000.00","1,744.28","2,616.42",383.58,,,,,,
6/2/2026,22:37:37,Azam-Cola-300ML,,Vinywaji,6.20301E+12,1,600,600,423.55,423.55,176.45,,,,,,
6/2/2026,22:37:37,Uhai(W)-1.6L,,Vinywaji,6.20301E+12,1,800,800,498.15,498.15,301.85,,,,,,
6/2/2026,22:37:37,Mosquito :COIL,,Afya,0,5,250,"1,250.00",140,700,550,,,,,,
6/2/2026,22:37:37,Pipi/Bigijii@100,,Vitamu,0,48,100,"4,800.00",59.76,"2,868.29","1,931.71",,,,,,
6/2/2026,22:37:37,Pipi/Bigijii@50,,Vitamu,0,18,50,900,31.63,569.39,330.61,,,,,,
6/2/2026,22:37:37,Nyota/Kali,,Sigara & RIZLA,0,4,150,600,85.48,341.91,258.09,,,,,,
6/2/2026,22:37:37,Jambo:Bolibo-300ml,,Vinywaji,6.203E+12,1,600,600,428.57,428.57,171.43,,,,,,
6/2/2026,22:37:37,Azam-Malt-300ML,,Vinywaji,6.00964E+12,2,700,"1,400.00",496.79,993.59,406.41,,,,,,
6/2/2026,22:37:37,Sembe-25kg,,Nafaka,0,0.8,"1,500.00","1,125.00","1,180.00",885,240,,,,,,
6/2/2026,22:37:37,"Tamu : Bakery Maandazi-24pcs@2,000",,Nafaka,0,8,100,800,83.33,666.67,133.33,,,,,,
6/2/2026,22:37:37,Mafuta/Kupikia-20L,,Viungo,0,0.3,"6,000.00","1,500.00","4,060.98","1,015.24",484.76,,,,,,
6/2/2026,22:37:37,Pepsi : 600ML,,Vinywaji,6.2011E+12,2,"1,200.00","2,400.00",800,"1,600.00",800,,,,,,
6/2/2026,22:37:37,"Tamu : Bakery Maandazi-12pcs@5,000",,Nafaka,0,1,500,500,416.67,416.67,83.33,,,,,,
6/2/2026,22:37:37,Winston(R),,Sigara & RIZLA,0,32,200,"6,400.00",130.53,"4,176.84","2,223.16",,,,,,
6/2/2026,22:37:37,Sukari(Kupima) - 50kg,,Viungo,0,0.5,"3,000.00","1,500.00","2,360.00","1,180.00",320,,,,,,
6/2/2026,22:37:37,Double(KK)-200ml,,Vinywaji,6.20301E+12,2,"2,000.00","4,000.00","1,794.67","3,589.33",410.67,,,,,,
6/2/2026,22:37:37,Mayai@Kizungu,,Viungo,0,9,350,"3,150.00",266.67,"2,400.00",750,,,,,,
6/2/2026,22:37:37,Paracetamol - 500mg,,Afya,0,10,50,500,30,300,200,,,,,,
6/2/2026,23:09:09,Azam-Cola-300ML,,Vinywaji,6.20301E+12,1,600,600,423.55,423.55,176.45,,,,,,
6/2/2026,23:09:09,Ngano-25kg,,Nafaka,0,1.5,"2,000.00","3,000.00","1,507.14","2,260.71",739.29,,,,,,
6/2/2026,23:09:09,Mayai@Kizungu,,Viungo,0,11,350,"3,850.00",266.67,"2,933.33",916.67,,,,,,
6/2/2026,23:09:09,Sembe-25kg,,Nafaka,0,0.8,"1,500.00","1,125.00","1,180.00",885,240,,,,,,
6/2/2026,23:10:04,Azam-Cola-300ML,,Vinywaji,6.20301E+12,1,600,600,423.55,423.55,176.45,,,,,,
6/2/2026,23:10:04,Ngano-25kg,,Nafaka,0,1.5,"2,000.00","3,000.00","1,507.14","2,260.71",739.29,,,,,,
6/2/2026,23:10:04,Mayai@Kizungu,,Viungo,0,11,350,"3,850.00",266.67,"2,933.33",916.67,,,,,,
6/2/2026,23:10:04,Sembe-25kg,,Nafaka,0,0.8,"1,500.00","1,125.00","1,180.00",885,240,,,,,,
6/3/2026,9:48:09,Sembe-25kg,,Nafaka,0,0.3,"1,500.00",375,"1,180.00",295,80,,,,,,
6/3/2026,9:48:09,Smart Gin-200ML,,Vinywaji,6.20301E+12,0.5,"2,000.00","1,000.00","1,744.28",872.14,127.86,,,,,,
6/3/2026,9:48:09,"Tamu : Bakery Maandazi-12pcs@5,000",,Nafaka,0,3,500,"1,500.00",416.67,"1,250.00",250,,,,,,
6/3/2026,9:48:09,"Tamu : Bakery Skonzi-4pcs@1,600",,Nafaka,0,3,500,"1,500.00",400,"1,200.00",300,,,,,,
6/3/2026,9:48:09,U-Fresh Glass (Mango)-120ML,,Vinywaji,0,2,200,400,160.71,321.43,78.57,,,,,,
6/3/2026,9:48:09,Ngano-25kg,,Nafaka,0,0.3,"2,000.00",500,"1,507.14",376.79,123.21,,,,,,
6/3/2026,9:48:09,Pipi/Bigijii@100,,Vitamu,0,1,100,100,59.76,59.76,40.24,,,,,,
6/3/2026,9:48:09,Jambo:Cocopine-300ml,,Vinywaji,6.203E+12,1,600,600,417.29,417.29,182.71,,,,,,
6/3/2026,13:30:04,Uhai(W)-1.6L,,Vinywaji,6.20301E+12,2,800,"1,600.00",498.15,996.3,603.7,,,,,,
6/3/2026,13:30:04,Uhai(W)-1L,,Vinywaji,6.20301E+12,2,600,"1,200.00",417.49,834.98,365.02,,,,,,
6/3/2026,13:30:04,Smart Gin-200ML,,Vinywaji,6.20301E+12,1,"2,000.00","2,000.00","1,744.28","1,744.28",255.72,,,,,,
6/3/2026,13:30:04,Pipi/Bigijii@50,,Vitamu,0,20,50,"1,000.00",31.63,632.65,367.35,,,,,,
6/3/2026,13:30:04,Mayai@Kizungu,,Viungo,0,2,350,700,266.67,533.33,166.67,,,,,,
6/3/2026,13:30:04,Tamu : Bakery Mkate-1pcs@800,,Nafaka,0,3,"1,000.00","3,000.00",800,"2,400.00",600,,,,,,
6/3/2026,13:40:40,Uhai(W)-1.6L,,Vinywaji,6.20301E+12,2,800,"1,600.00",498.15,996.3,603.7,,,,,,
6/3/2026,13:40:40,Uhai(W)-1L,,Vinywaji,6.20301E+12,2,600,"1,200.00",417.49,834.98,365.02,,,,,,
6/3/2026,13:40:40,Smart Gin-200ML,,Vinywaji,6.20301E+12,1,"2,000.00","2,000.00","1,744.28","1,744.28",255.72,,,,,,
6/3/2026,13:40:40,Pipi/Bigijii@50,,Vitamu,0,20,50,"1,000.00",31.63,632.65,367.35,,,,,,
6/3/2026,13:40:40,Mayai@Kizungu,,Viungo,0,2,350,700,266.67,533.33,166.67,,,,,,
6/3/2026,13:40:40,Tamu : Bakery Mkate-1pcs@800,,Nafaka,0,3,"1,000.00","3,000.00",800,"2,400.00",600,,,,,,
6/3/2026,14:15:33,Sembe-25kg,,Nafaka,0,1.5,"1,500.00","2,250.00","1,180.00","1,770.00",480,,,,,,
6/3/2026,14:15:33,Dalan- Soap-125g,,Usafi:Binafsi,0,1,"1,500.00","1,500.00","1,083.33","1,083.33",416.67,,,,,,
6/3/2026,14:15:33,Diclopar-550mg,,Afya,0,2,100,200,60,120,80,,,,,,
6/3/2026,14:15:33,Winston(R),,Sigara & RIZLA,0,27,200,"5,400.00",130.53,"3,524.21","1,875.79",,,,,,
6/3/2026,14:15:33,Pipi/Bigijii@50,,Vitamu,0,18,50,900,31.63,569.39,330.61,,,,,,
6/3/2026,14:15:33,"Tamu : Bakery Maandazi-24pcs@2,000",,Nafaka,0,1,100,100,83.33,83.33,16.67,,,,,,
6/3/2026,15:39:23,Smart Gin-200ML,,Vinywaji,6.20301E+12,0.5,"2,000.00","1,000.00","1,744.28",872.14,127.86,,,,,,
6/3/2026,15:39:23,Portsman,,Sigara & RIZLA,0,1,300,300,220.88,220.88,79.12,,,,,,
6/3/2026,15:39:23,Embassy,,Sigara & RIZLA,0,2,400,800,278.03,556.06,243.94,,,,,,
6/3/2026,16:32:19,Smart Gin-200ML,,Vinywaji,6.20301E+12,0.5,"2,000.00","1,000.00","1,744.28",872.14,127.86,,,,,,
6/3/2026,16:32:19,Winston(R),,Sigara & RIZLA,0,15,200,"3,000.00",130.53,"1,957.89","1,042.11",,,,,,
6/3/2026,17:29:59,Azam-Cola-300ML,,Vinywaji,6.20301E+12,1,600,600,423.55,423.55,176.45,,,,,,
6/3/2026,17:29:59,Pepsi : 600ML,,Vinywaji,6.2011E+12,1,"1,200.00","1,200.00",800,800,400,,,,,,
6/3/2026,17:29:59,Pipi/Bigijii@100,,Vitamu,0,4,100,400,59.76,239.02,160.98,,,,,,
6/3/2026,17:29:59,Pipi/Bigijii@50,,Vitamu,0,1,50,50,31.63,31.63,18.37,,,,,,
6/3/2026,17:29:59,Niceone-400g,,Usafi:Jumla,6.20302E+12,2,"1,000.00","2,000.00",837.5,"1,675.00",325,,,,,,
6/3/2026,18:11:12,K-vant(S)-250ML,,Vinywaji,6.203E+12,0.5,"4,500.00","2,250.00","3,340.74","1,670.37",579.63,,,,,,
6/3/2026,18:11:12,Azam-Cola-300ML,,Vinywaji,6.20301E+12,1,600,600,423.55,423.55,176.45,,,,,,
6/3/2026,18:11:12,Neel-Salt-500g,,Viungo,6.20301E+12,1,500,500,287.5,287.5,212.5,,,,,,
6/3/2026,18:11:12,Nyota/Kali,,Sigara & RIZLA,0,3,150,450,85.48,256.43,193.57,,,,,,
6/3/2026,18:29:20,Pipi/Bigijii@100,,Vitamu,0,4,100,400,59.76,239.02,160.98,,,,,,
6/3/2026,18:29:20,Uhai(W)-1.6L,,Vinywaji,6.20301E+12,2,800,"1,600.00",498.15,996.3,603.7,,,,,,
6/3/2026,18:29:20,K-vant(S)-250ML,,Vinywaji,6.203E+12,0.5,"4,500.00","2,250.00","3,340.74","1,670.37",579.63,,,,,,
6/3/2026,19:29:05,Jambo:Bolibo-300ml,,Vinywaji,6.203E+12,2,600,"1,200.00",428.57,857.14,342.86,,,,,,
6/3/2026,19:29:05,K-vant(S)-250ML,,Vinywaji,6.203E+12,1,"4,500.00","4,500.00","3,340.74","3,340.74","1,159.26",,,,,,
6/3/2026,19:29:05,Smart Gin-200ML,,Vinywaji,6.20301E+12,0.5,"2,000.00","1,000.00","1,744.28",872.14,127.86,,,,,,
6/3/2026,19:29:05,Mshumaa,,Jikoni,6.203E+12,5,500,"2,500.00",277.78,"1,388.89","1,111.11",,,,,,
6/3/2026,19:30:09,Jambo:Bolibo-300ml,,Vinywaji,6.203E+12,2,600,"1,200.00",428.57,857.14,342.86,,,,,,
6/3/2026,19:30:09,K-vant(S)-250ML,,Vinywaji,6.203E+12,1,"4,500.00","4,500.00","3,340.74","3,340.74","1,159.26",,,,,,
6/3/2026,19:30:09,Smart Gin-200ML,,Vinywaji,6.20301E+12,0.5,"2,000.00","1,000.00","1,744.28",872.14,127.86,,,,,,
6/3/2026,19:30:09,Mshumaa,,Jikoni,6.203E+12,5,500,"2,500.00",277.78,"1,388.89","1,111.11",,,,,,
6/3/2026,19:52:42,Nyota/Kali,,Sigara & RIZLA,0,2,150,300,85.48,170.96,129.04,,,,,,
6/3/2026,19:52:42,Winston(R),,Sigara & RIZLA,0,1,200,200,130.53,130.53,69.47,,,,,,
6/3/2026,19:52:42,Smart Gin-200ML,,Vinywaji,6.20301E+12,0.5,"2,000.00","1,000.00","1,744.28",872.14,127.86,,,,,,
6/3/2026,19:54:42,Nyota/Kali,,Sigara & RIZLA,0,2,150,300,85.48,170.96,129.04,,,,,,
6/3/2026,19:54:42,Winston(R),,Sigara & RIZLA,0,1,200,200,130.53,130.53,69.47,,,,,,
6/3/2026,19:54:42,Smart Gin-200ML,,Vinywaji,6.20301E+12,0.5,"2,000.00","1,000.00","1,744.28",872.14,127.86,,,,,,
6/3/2026,20:06:37,Sukari(Kupima) - 50kg,,Viungo,0,0.5,"3,000.00","1,500.00","2,360.00","1,180.00",320,,,,,,
6/3/2026,20:07:47,Pipi/Bigijii@50,,Vitamu,0,4,50,200,31.63,126.53,73.47,,,,,,
6/3/2026,20:14:32,Winston(R),,Sigara & RIZLA,0,2.5,200,500,130.53,326.32,173.68,,,,,,
6/3/2026,20:31:17,Jobo-200ML,,Vinywaji,6.20304E+12,0.5,"2,000.00","1,000.00","1,723.96",861.98,138.02,,,,,,
6/3/2026,20:31:17,Winston(R),,Sigara & RIZLA,0,4.5,200,900,130.53,587.37,312.63,,,,,,
6/3/2026,20:31:17,Smart Gin-200ML,,Vinywaji,6.20301E+12,0.5,"2,000.00","1,000.00","1,744.28",872.14,127.86,,,,,,
6/3/2026,20:36:51,Smart Gin-200ML,,Vinywaji,6.20301E+12,0.5,"2,000.00","1,000.00","1,744.28",872.14,127.86,,,,,,
6/3/2026,20:36:51,Winston(R),,Sigara & RIZLA,0,1,200,200,130.53,130.53,69.47,,,,,,
6/3/2026,20:36:51,Jambo:Bolibo-300ml,,Vinywaji,6.203E+12,1,600,600,428.57,428.57,171.43,,,,,,
6/3/2026,20:38:07,Jambo:Cocopine-300ml,,Vinywaji,6.203E+12,1,600,600,417.29,417.29,182.71,,,,,,
6/3/2026,20:46:26,Smart Gin-200ML,,Vinywaji,6.20301E+12,1,"2,000.00","2,000.00","1,744.28","1,744.28",255.72,,,,,,
6/3/2026,21:07:06,Master(R),,Sigara & RIZLA,0,3,150,450,104.65,313.96,136.04,,,,,,
6/3/2026,21:07:06,Jambo:Bolibo-300ml,,Vinywaji,6.203E+12,1,600,600,428.57,428.57,171.43,,,,,,
6/3/2026,21:16:09,Pipi/Bigijii@50,,Vitamu,0,8,50,400,31.63,253.06,146.94,,,,,,
6/3/2026,21:16:09,"Tamu : Bakery Maandazi-24pcs@2,000",,Nafaka,0,5,100,500,83.33,416.67,83.33,,,,,,
6/3/2026,21:16:09,Pipi/Bigijii@100,,Vitamu,0,1,100,100,59.76,59.76,40.24,,,,,,
6/3/2026,21:16:09,Winston(R),,Sigara & RIZLA,0,1,200,200,130.53,130.53,69.47,,,,,,
6/3/2026,21:16:09,"Tamu : Bakery Skonzi-4pcs@1,600",,Nafaka,0,1,500,500,400,400,100,,,,,,
6/3/2026,21:26:16,Winston(R),,Sigara & RIZLA,0,1,200,200,130.53,130.53,69.47,,,,,,
6/3/2026,21:26:16,Superblack-MDLSPA,,Usafi:Binafsi,0,1,"1,000.00","1,000.00",700,700,300,,,,,,
6/3/2026,21:26:16,Pipi/Bigijii@100,,Vitamu,0,2,100,200,59.76,119.51,80.49,,,,,,
6/3/2026,21:46:33,Dalan- Soap-125g,,Usafi:Binafsi,0,1,"1,500.00","1,500.00","1,083.33","1,083.33",416.67,,,,,,
6/3/2026,21:46:33,Sukari(Kupima) - 50kg,,Viungo,0,0.5,"3,000.00","1,500.00","2,360.00","1,180.00",320,,,,,,
6/3/2026,21:46:33,Smart Gin-200ML,,Vinywaji,6.20301E+12,0.5,"2,000.00","1,000.00","1,744.28",872.14,127.86,,,,,,
6/3/2026,22:06:00,Robin-Thread,,Usafi:Binafsi,0,1,"1,500.00","1,500.00","1,000.00","1,000.00",500,,,,,,
6/3/2026,22:06:00,Embassy,,Sigara & RIZLA,0,2,400,800,278.03,556.06,243.94,,,,,,
6/3/2026,22:06:00,Tambi-25kg (Kupima),,Nafaka,0,0.5,"2,800.00","1,400.00","2,140.00","1,070.00",330,,,,,,
6/3/2026,22:07:40,Mosquito :COIL,,Afya,0,5,250,"1,250.00",140,700,550,,,,,,
6/3/2026,22:12:30,Embassy,,Sigara & RIZLA,0,1,400,400,278.03,278.03,121.97,,,,,,
6/3/2026,22:12:30,Winston(R),,Sigara & RIZLA,0,6,200,"1,200.00",130.18,781.07,418.93,,,,,,
6/3/2026,22:12:30,Winston(R),,Sigara & RIZLA,0,2.5,200,500,130.53,326.32,173.68,,,,,,
6/3/2026,22:12:30,Mosquito :COIL,,Afya,0,2,250,500,140,280,220,,,,,,
6/3/2026,22:22:43,Haswa -Nazi-150ML,,Usafi:Binafsi,6.2011E+12,1,"2,000.00","2,000.00","1,250.00","1,250.00",750,,,,,,
6/3/2026,22:22:43,Mosquito :COIL,,Afya,0,1,250,250,140,140,110,,,,,,
6/3/2026,22:24:17,Winston(R),,Sigara & RIZLA,0,1,200,200,130.53,130.53,69.47,,,,,,
6/3/2026,22:30:22,Ngano-25kg,,Nafaka,0,1.5,"2,000.00","3,000.00","1,507.14","2,260.71",739.29,,,,,,
6/3/2026,22:53:42,Winston(R),,Sigara & RIZLA,0,1,200,200,130.53,130.53,69.47,,,,,,
6/3/2026,22:53:42,Double(KK)-200ml,,Vinywaji,6.20301E+12,0.5,"2,000.00","1,000.00","1,794.67",897.33,102.67,,,,,,
6/3/2026,22:53:42,Jambo:Cocopine-300ml,,Vinywaji,6.203E+12,2,600,"1,200.00",417.29,834.58,365.42,,,,,,
6/3/2026,22:53:42,Jambo:Bolibo-300ml,,Vinywaji,6.203E+12,1,600,600,428.57,428.57,171.43,,,,,,
6/3/2026,22:53:42,Portsman,,Sigara & RIZLA,0,1,300,300,220.88,220.88,79.12,,,,,,
6/3/2026,23:07:32,Uhai(W)-1.6L,,Vinywaji,6.20301E+12,1,800,800,498.15,498.15,301.85,,,,,,
6/3/2026,23:09:00,Pepsi : 600ML,,Vinywaji,6.2011E+12,1,"1,200.00","1,200.00",800,800,400,,,,,,
6/4/2026,8:30:52,Mayai@Kizungu,,Viungo,0,10,350,"3,500.00",266.67,"2,666.67",833.33,,,,,,
6/4/2026,8:30:52,Smart Gin-200ML,,Vinywaji,6.20301E+12,1,"2,000.00","2,000.00","1,744.28","1,744.28",255.72,,,,,,
6/4/2026,8:30:52,Winston(R),,Sigara & RIZLA,0,18.5,200,"3,700.00",130.53,"2,414.74","1,285.26",,,,,,
6/4/2026,8:30:52,Jambo:Bolibo-300ml,,Vinywaji,6.203E+12,1,600,600,428.57,428.57,171.43,,,,,,
6/4/2026,8:30:52,Nyota/Kali,,Sigara & RIZLA,0,7,150,"1,050.00",85.48,598.35,451.65,,,,,,
6/4/2026,10:05:40,Smart Gin-200ML,,Vinywaji,6.20301E+12,0.5,"2,000.00","1,000.00","1,744.28",872.14,127.86,,,,,,
6/4/2026,10:05:40,Azam-Cola-300ML,,Vinywaji,6.20301E+12,1,600,600,423.55,423.55,176.45,,,,,,
6/4/2026,10:05:40,Portsman,,Sigara & RIZLA,0,2,300,600,220.88,441.76,158.24,,,,,,
6/4/2026,10:05:40,Winston(R),,Sigara & RIZLA,0,10,200,"2,000.00",130.53,"1,305.26",694.74,,,,,,
6/4/2026,10:05:40,Mayai@Kizungu,,Viungo,0,5,350,"1,750.00",266.67,"1,333.33",416.67,,,,,,
6/4/2026,10:05:40,Diclopar-550mg,,Afya,0,2,100,200,60,120,80,,,,,,
6/4/2026,10:05:40,Paracetamol - 500mg,,Afya,0,2,50,100,30,60,40,,,,,,
6/4/2026,11:21:38,Smart Gin-200ML,,Vinywaji,6.20301E+12,0.5,"2,000.00","1,000.00","1,744.28",872.14,127.86,,,,,,
6/4/2026,11:21:38,Azam-Cola-300ML,,Vinywaji,6.20301E+12,1,600,600,423.55,423.55,176.45,,,,,,
6/4/2026,11:21:38,Portsman,,Sigara & RIZLA,0,3,300,900,220.88,662.65,237.35,,,,,,
6/4/2026,11:21:38,Winston(R),,Sigara & RIZLA,0,10,200,"2,000.00",130.53,"1,305.26",694.74,,,,,,
6/4/2026,11:21:38,Mayai@Kizungu,,Viungo,0,5,350,"1,750.00",266.67,"1,333.33",416.67,,,,,,
6/4/2026,11:21:38,Diclopar-550mg,,Afya,0,2,100,200,60,120,80,,,,,,
6/4/2026,11:21:38,Paracetamol - 500mg,,Afya,0,2,50,100,30,60,40,,,,,,
6/4/2026,11:21:38,Uhai(W)-1L,,Vinywaji,6.20301E+12,2,600,"1,200.00",417.49,834.98,365.02,,,,,,
6/4/2026,11:21:38,Jambo:Cocopine-300ml,,Vinywaji,6.203E+12,2,600,"1,200.00",417.29,834.58,365.42,,,,,,
6/4/2026,11:21:38,Azam-Malt-300ML,,Vinywaji,6.00964E+12,2,700,"1,400.00",496.79,993.59,406.41,,,,,,
6/4/2026,12:02:19,Jambo:Bolibo-300ml,,Vinywaji,6.203E+12,1,600,600,428.57,428.57,171.43,,,,,,
6/4/2026,12:02:19,Niceone-180g,,Usafi:Jumla,6.20302E+12,1,500,500,417.5,417.5,82.5,,,,,,
6/4/2026,12:46:56,Jambo:Bolibo-300ml,,Vinywaji,6.203E+12,1,600,600,428.57,428.57,171.43,,,,,,
6/4/2026,12:46:56,Niceone-180g,,Usafi:Jumla,6.20302E+12,1,500,500,417.5,417.5,82.5,,,,,,
6/4/2026,12:46:56,Diclopar-550mg,,Afya,0,3,100,300,60,180,120,,,,,,
6/4/2026,12:46:56,Winston(R),,Sigara & RIZLA,0,1,200,200,130.18,130.18,69.82,,,,,,
6/4/2026,12:46:56,Azam-Cola-300ML,,Vinywaji,6.20301E+12,1,600,600,423.55,423.55,176.45,,,,,,
6/4/2026,12:46:56,Winston(R),,Sigara & RIZLA,0,10,200,"2,000.00",130.53,"1,305.26",694.74,,,,,,
6/4/2026,13:34:46,Sukari(Kupima) - 50kg,,Viungo,0,0.3,"3,000.00",750,"2,360.00",590,160,,,,,,
6/4/2026,13:34:46,Smart Gin-200ML,,Vinywaji,6.20301E+12,0.5,"2,000.00","1,000.00","1,744.28",872.14,127.86,,,,,,
6/4/2026,13:34:46,"Tamu : Bakery Maandazi-12pcs@5,000",,Nafaka,0,5,500,"2,500.00",416.67,"2,083.33",416.67,,,,,,
6/4/2026,13:34:46,Azam-Cola-300ML,,Vinywaji,6.20301E+12,1,600,600,423.55,423.55,176.45,,,,,,
6/4/2026,13:34:46,"Tamu : Bakery Maandazi-24pcs@2,000",,Nafaka,0,4,100,400,83.33,333.33,66.67,,,,,,
6/4/2026,15:25:34,Jambo:Cocopine-300ml,,Vinywaji,6.203E+12,3,600,"1,800.00",417.29,"1,251.87",548.13,,,,,,
6/4/2026,15:25:34,Jambo:Bolibo-300ml,,Vinywaji,6.203E+12,1,600,600,428.57,428.57,171.43,,,,,,
6/4/2026,15:25:34,Azam-Malt-300ML,,Vinywaji,6.00964E+12,1,700,700,496.79,496.79,203.21,,,,,,
6/4/2026,15:25:34,Winston(R),,Sigara & RIZLA,0,2.5,200,500,130.53,326.32,173.68,,,,,,
6/4/2026,16:45:53,Smart Gin-200ML,,Vinywaji,6.20301E+12,0.5,"2,000.00","1,000.00","1,744.28",872.14,127.86,,,,,,
6/4/2026,16:45:53,Winston(R),,Sigara & RIZLA,0,1,200,200,130.53,130.53,69.47,,,,,,
6/4/2026,18:06:14,Mayai@Kizungu,,Viungo,0,2,350,700,266.67,533.33,166.67,,,,,,
6/4/2026,18:06:14,Sembe-25kg,,Nafaka,0,0.5,"1,500.00",750,"1,180.00",590,160,,,,,,
6/4/2026,18:06:14,Smart Gin-200ML,,Vinywaji,6.20301E+12,0.5,"2,000.00","1,000.00","1,744.28",872.14,127.86,,,,,,
6/4/2026,18:06:14,Azam-Cola-300ML,,Vinywaji,6.20301E+12,1,600,600,423.55,423.55,176.45,,,,,,
6/4/2026,18:12:27,Pipi/Bigijii@50,,Vitamu,0,31,50,"1,550.00",31.63,980.61,569.39,,,,,,
6/4/2026,19:41:03,Pipi/Bigijii@100,,Vitamu,0,3,100,300,59.76,179.27,120.73,,,,,,
6/4/2026,19:41:03,Pipi/Bigijii@50,,Vitamu,0,3,50,150,31.63,94.9,55.1,,,,,,
6/4/2026,19:41:03,Smart Gin-200ML,,Vinywaji,6.20301E+12,0.5,"2,000.00","1,000.00","1,744.28",872.14,127.86,,,,,,
6/4/2026,19:41:03,Neel-Salt-500g,,Viungo,6.20301E+12,1,500,500,287.5,287.5,212.5,,,,,,
6/4/2026,19:41:03,Mafuta/Kupikia-20L,,Viungo,0,0.5,"6,000.00","3,000.00","4,060.98","2,030.49",969.51,,,,,,
6/4/2026,19:41:03,Sembe-25kg,,Nafaka,0,0.5,"1,500.00",750,"1,180.00",590,160,,,,,,
6/4/2026,21:05:46,Azam-Malt-300ML,,Vinywaji,6.00964E+12,2,700,"1,400.00",496.79,993.59,406.41,,,,,,
6/4/2026,21:05:46,Pepsi : 600ML,,Vinywaji,6.2011E+12,1,"1,200.00","1,200.00",800,800,400,,,,,,
6/4/2026,21:05:46,Azam-Cola-300ML,,Vinywaji,6.20301E+12,2,600,"1,200.00",423.55,847.1,352.9,,,,,,
6/4/2026,21:05:46,Mosquito :COIL,,Afya,0,3,250,750,140,420,330,,,,,,
6/4/2026,21:05:46,Pipi/Bigijii@100,,Vitamu,0,10,100,"1,000.00",59.76,597.56,402.44,,,,,,
6/4/2026,21:05:46,Jobo-200ML,,Vinywaji,6.20304E+12,0.5,"2,000.00","1,000.00","1,723.96",861.98,138.02,,,,,,
6/4/2026,21:05:46,Sukari(Kupima) - 50kg,,Viungo,0,0.5,"3,000.00","1,500.00","2,360.00","1,180.00",320,,,,,,
6/4/2026,21:05:46,Mayai@Kizungu,,Viungo,0,3,350,"1,050.00",266.67,800,250,,,,,,
6/4/2026,21:05:46,Mirinda-Black : 350ml,,Vinywaji,0,1,700,700,500,500,200,,,,,,
6/4/2026,21:53:07,Jambo:Cocopine-300ml,,Vinywaji,6.203E+12,2,600,"1,200.00",417.29,834.58,365.42,,,,,,
6/4/2026,21:53:07,Embassy,,Sigara & RIZLA,0,1,400,400,278.03,278.03,121.97,,,,,,
6/4/2026,22:42:36,Ngano-25kg,,Nafaka,0,2,"2,000.00","4,000.00","1,507.14","3,014.29",985.71,,,,,,
6/4/2026,22:42:36,Portsman,,Sigara & RIZLA,0,1,300,300,220.88,220.88,79.12,,,,,,
6/4/2026,22:42:36,Jambo:Cocopine-300ml,,Vinywaji,6.203E+12,2,600,"1,200.00",417.29,834.58,365.42,,,,,,
6/4/2026,22:42:36,UDI : STIKI,,Usafi:Binafsi,0,2,50,100,23.81,47.62,52.38,,,,,,
6/5/2026,8:08:37,Sukari(Kupima) - 50kg,,Viungo,0,0.2,"3,000.00",630,"2,360.00",495.6,134.4,,,,,,
6/5/2026,8:08:37,Sembe-25kg,,Nafaka,0,1,"1,500.00","1,500.00","1,180.00","1,180.00",320,,,,,,
6/5/2026,8:08:37,Azam-Cola-300ML,,Vinywaji,6.20301E+12,1,600,600,423.55,423.55,176.45,,,,,,
6/5/2026,8:08:37,Azam-Malt-300ML,,Vinywaji,6.00964E+12,1,700,700,496.79,496.79,203.21,,,,,,
6/5/2026,8:08:37,Winston(R),,Sigara & RIZLA,0,31.5,200,"6,300.00",130.53,"4,111.58","2,188.42",,,,,,
6/5/2026,8:08:37,Mosquito :COIL,,Afya,0,6,250,"1,500.00",140,840,660,,,,,,
6/5/2026,10:50:22,Sembe-25kg,,Nafaka,0,5,"1,500.00","7,500.00","1,180.00","5,900.00","1,600.00",,,,,,
6/5/2026,10:50:22,Dalan- Soap-125g,,Usafi:Binafsi,0,1,"1,500.00","1,500.00","1,083.33","1,083.33",416.67,,,,,,
6/5/2026,10:50:22,Tambi-25kg (Kupima),,Nafaka,0,0.5,"2,800.00","1,400.00","2,140.00","1,070.00",330,,,,,,
6/5/2026,10:50:22,Uhai(W)-1.6L,,Vinywaji,6.20301E+12,1,800,800,498.15,498.15,301.85,,,,,,
6/5/2026,10:50:22,Pipi/Bigijii@50,,Vitamu,0,1,50,50,31.63,31.63,18.37,,,,,,
6/5/2026,10:50:22,Smart Gin-200ML,,Vinywaji,6.20301E+12,0.5,"2,000.00","1,000.00","1,744.28",872.14,127.86,,,,,,
6/5/2026,10:55:20,Sembe-25kg,,Nafaka,0,5,"1,500.00","7,500.00","1,180.00","5,900.00","1,600.00",,,,,,
6/5/2026,10:55:20,Dalan- Soap-125g,,Usafi:Binafsi,0,1,"1,500.00","1,500.00","1,083.33","1,083.33",416.67,,,,,,
6/5/2026,10:55:20,Tambi-25kg (Kupima),,Nafaka,0,0.5,"2,800.00","1,400.00","2,140.00","1,070.00",330,,,,,,
6/5/2026,10:55:20,Uhai(W)-1.6L,,Vinywaji,6.20301E+12,1,800,800,498.15,498.15,301.85,,,,,,
6/5/2026,10:55:20,Pipi/Bigijii@50,,Vitamu,0,1,50,50,31.63,31.63,18.37,,,,,,
6/5/2026,10:55:20,Smart Gin-200ML,,Vinywaji,6.20301E+12,0.5,"2,000.00","1,000.00","1,744.28",872.14,127.86,,,,,,
6/5/2026,10:55:20,Jambo:Cocopine-300ml,,Vinywaji,6.203E+12,1,600,600,417.29,417.29,182.71,,,,,,
6/5/2026,10:55:20,Azam-Cola-300ML,,Vinywaji,6.20301E+12,1,600,600,423.55,423.55,176.45,,,,,,
6/5/2026,11:28:26,Double(KK)-200ml,,Vinywaji,6.20301E+12,1,"2,000.00","2,000.00","1,794.67","1,794.67",205.33,,,,,,
6/5/2026,13:31:01,Mafuta/Kupikia-20L,,Viungo,0,0.3,"6,000.00","1,500.00","4,060.98","1,015.24",484.76,,,,,,
6/5/2026,13:31:01,Portsman,,Sigara & RIZLA,0,2,300,600,220.88,441.76,158.24,,,,,,
6/5/2026,13:31:01,Nyota/Kali,,Sigara & RIZLA,0,3,150,450,85.48,256.43,193.57,,,,,,
6/5/2026,15:22:56,Mirinda-Black : 350ml,,Vinywaji,0,1,700,700,500,500,200,,,,,,
6/5/2026,15:22:56,Winston(R),,Sigara & RIZLA,0,20,200,"4,000.00",130.53,"2,610.53","1,389.47",,,,,,
6/5/2026,15:22:56,Tambi-25kg (Kupima),,Nafaka,0,1,"2,800.00","2,800.00","2,140.00","2,140.00",660,,,,,,
6/5/2026,15:22:56,Uhai(W)-1L,,Vinywaji,6.20301E+12,1,600,600,417.49,417.49,182.51,,,,,,
6/5/2026,15:22:56,"Tamu : Bakery Maandazi-24pcs@2,000",,Nafaka,0,1,100,100,83.33,83.33,16.67,,,,,,
6/5/2026,16:41:59,Niceone-400g,,Usafi:Jumla,6.20302E+12,4,"1,000.00","4,000.00",837.5,"3,350.00",650,,,,,,
6/5/2026,16:41:59,Winston(R),,Sigara & RIZLA,0,3.5,200,700,130.53,456.84,243.16,,,,,,
6/5/2026,16:41:59,Azam-Cola-300ML,,Vinywaji,6.20301E+12,1,600,600,423.55,423.55,176.45,,,,,,
6/5/2026,16:41:59,Uhai(W)-1L,,Vinywaji,6.20301E+12,1,600,600,417.49,417.49,182.51,,,,,,
6/5/2026,18:25:36,Uhai(W)-1L,,Vinywaji,6.20301E+12,1,600,600,417.49,417.49,182.51,,,,,,
6/5/2026,18:25:36,Winston(R),,Sigara & RIZLA,0,2,200,400,130.53,261.05,138.95,,,,,,
6/5/2026,18:25:36,Pipi/Bigijii@50,,Vitamu,0,1,50,50,31.63,31.63,18.37,,,,,,
6/5/2026,18:25:36,Uhai(W)-1L,,Vinywaji,6.20301E+12,1,600,600,417.49,417.49,182.51,,,,,,
6/5/2026,18:25:36,Winston(R),,Sigara & RIZLA,0,2,200,400,130.53,261.05,138.95,,,,,,
6/5/2026,18:25:36,Pipi/Bigijii@50,,Vitamu,0,1,50,50,31.63,31.63,18.37,,,,,,
6/5/2026,18:45:14,Mayai@Kizungu,,Viungo,0,9,350,"3,150.00",266.67,"2,400.00",750,,,,,,
6/5/2026,18:45:14,Mafuta/Kupikia-20L,,Viungo,0,0.3,"6,000.00","1,500.00","4,060.98","1,015.24",484.76,,,,,,
6/5/2026,20:50:59,Mshumaa,,Jikoni,6.203E+12,1,500,500,277.78,277.78,222.22,,,,,,
6/5/2026,20:50:59,Winston(R),,Sigara & RIZLA,0,14.5,200,"2,900.00",130.53,"1,892.63","1,007.37",,,,,,
6/5/2026,20:50:59,Niceone-180g,,Usafi:Jumla,6.20302E+12,1,500,500,417.5,417.5,82.5,,,,,,
6/5/2026,20:50:59,Smart Gin-200ML,,Vinywaji,6.20301E+12,2,"2,000.00","4,000.00","1,744.28","3,488.56",511.44,,,,,,
6/5/2026,20:50:59,Konyagi(S)- 200ML,,Vinywaji,6.20301E+12,1.5,"4,500.00","6,750.00","3,523.81","5,285.71","1,464.29",,,,,,
6/5/2026,20:50:59,Azam-Cola-300ML,,Vinywaji,6.20301E+12,2,600,"1,200.00",423.55,847.1,352.9,,,,,,
6/5/2026,20:50:59,Master(R),,Sigara & RIZLA,0,3,150,450,104.65,313.96,136.04,,,,,,
6/5/2026,20:50:59,Jambo:Cocopine-300ml,,Vinywaji,6.203E+12,2,600,"1,200.00",417.29,834.58,365.42,,,,,,
6/5/2026,20:50:59,Jambo:Bolibo-300ml,,Vinywaji,6.203E+12,1,600,600,428.57,428.57,171.43,,,,,,
6/5/2026,21:06:30,Nyota/Kali,,Sigara & RIZLA,0,6,150,900,85.48,512.87,387.13,,,,,,
6/5/2026,21:06:30,Mirinda-Black : 350ml,,Vinywaji,0,1,700,700,500,500,200,,,,,,
6/5/2026,21:06:30,Double(KK)-200ml,,Vinywaji,6.20301E+12,1.5,"2,000.00","3,000.00","1,794.67","2,692.00",308,,,,,,
6/5/2026,21:06:30,Mafuta/Kupikia-20L,,Viungo,0,0.3,"6,000.00","1,500.00","4,060.98","1,015.24",484.76,,,,,,
6/5/2026,21:34:47,Diclopar-550mg,,Afya,0,8,100,800,60,480,320,,,,,,
6/5/2026,21:34:47,Paracetamol - 500mg,,Afya,0,10,50,500,30,300,200,,,,,,
6/5/2026,21:44:58,Smart Gin-200ML,,Vinywaji,6.20301E+12,1,"2,000.00","2,000.00","1,744.28","1,744.28",255.72,,,,,,
6/5/2026,22:11:05,Konyagi(S)- 200ML,,Vinywaji,6.20301E+12,0.5,"4,500.00","2,250.00","3,523.81","1,761.90",488.1,,,,,,
6/5/2026,22:11:05,Smart Gin-200ML,,Vinywaji,6.20301E+12,3,"2,000.00","6,000.00","1,744.28","5,232.84",767.16,,,,,,
6/5/2026,22:11:05,Nyota/Kali,,Sigara & RIZLA,0,2,150,300,85.48,170.96,129.04,,,,,,
6/5/2026,22:55:29,Embassy,,Sigara & RIZLA,0,1,400,400,278.03,278.03,121.97,,,,,,
6/6/2026,8:47:59,Niceone-400g,,Usafi:Jumla,6.20302E+12,1,"1,000.00","1,000.00",837.5,837.5,162.5,,,,,,
6/6/2026,8:47:59,Tambi-25kg (Kupima),,Nafaka,0,1,"2,800.00","2,800.00","2,140.00","2,140.00",660,,,,,,
6/6/2026,8:47:59,Winston(R),,Sigara & RIZLA,0,31,200,"6,200.00",130.53,"4,046.32","2,153.68",,,,,,
6/6/2026,8:47:59,Mafuta/Kupikia-20L,,Viungo,0,0.8,"6,000.00","4,500.00","4,060.98","3,045.73","1,454.27",,,,,,
6/6/2026,8:47:59,Sukari(Kupima) - 50kg,,Viungo,0,3.3,"3,000.00","9,750.00","2,360.00","7,670.00","2,080.00",,,,,,
6/6/2026,8:47:59,Smart Gin-200ML,,Vinywaji,6.20301E+12,0.5,"2,000.00","1,000.00","1,744.28",872.14,127.86,,,,,,
6/6/2026,9:14:32,Sukari(Kupima) - 50kg,,Viungo,0,0.5,"3,000.00","1,500.00","2,360.00","1,180.00",320,,,,,,
6/6/2026,9:26:37,Winston(R),,Sigara & RIZLA,0,13.5,166.67,"2,250.00",130.53,"1,762.11",487.89,,,,,,
6/6/2026,9:35:46,Jambo:Bolibo-300ml,,Vinywaji,6.203E+12,1,600,600,428.57,428.57,171.43,,,,,,
6/6/2026,10:02:32,Winston(R),,Sigara & RIZLA,0,1,200,200,130.53,130.53,69.47,,,,,,
6/6/2026,10:02:32,Niceone-180g,,Usafi:Jumla,6.20302E+12,2,500,"1,000.00",417.5,835,165,,,,,,
6/6/2026,10:04:27,Mayai@Kizungu,,Viungo,0,3,333.33,"1,000.00",266.67,800,200,,,,,,
6/6/2026,10:21:48,Sukari(Kupima) - 50kg,,Viungo,0,0.3,"3,000.00",750,"2,360.00",590,160,,,,,,
6/6/2026,10:21:48,Embassy,,Sigara & RIZLA,0,1,400,400,278.03,278.03,121.97,,,,,,
6/6/2026,10:26:31,Mayai@Kizungu,,Viungo,0,4,350,"1,400.00",266.67,"1,066.67",333.33,,,,,,
6/6/2026,10:41:40,Winston(R),,Sigara & RIZLA,0,3,166.67,500,130.53,391.58,108.42,,,,,,
6/6/2026,10:41:40,Winston(R),,Sigara & RIZLA,0,2,200,400,130.53,261.05,138.95,,,,,,
6/6/2026,11:15:51,Azam-Malt-300ML,,Vinywaji,6.00964E+12,1,700,700,496.79,496.79,203.21,,,,,,
6/6/2026,11:15:51,Jambo:Cocopine-300ml,,Vinywaji,6.203E+12,1,600,600,417.29,417.29,182.71,,,,,,
6/6/2026,11:56:53,Sembe-25kg,,Nafaka,0,0.3,"1,500.00",375,"1,180.00",295,80,,,,,,
6/6/2026,11:56:53,Kiwembe : Dorco,,Usafi:Binafsi,8.80104E+12,1,200,200,85,85,115,,,,,,
6/6/2026,11:56:53,Pipi/Bigijii@50,,Vitamu,0,1,50,50,31.63,31.63,18.37,,,,,,
6/6/2026,12:11:46,Winston(R),,Sigara & RIZLA,0,3,166.67,500,130.53,391.58,108.42,,,,,,
6/6/2026,12:11:46,Double(KK)-200ml,,Vinywaji,6.20301E+12,0.5,"2,000.00","1,000.00","1,794.67",897.33,102.67,,,,,,
6/6/2026,12:16:36,Master(R),,Sigara & RIZLA,0,2,150,300,104.65,209.31,90.69,,,,,,
6/6/2026,13:45:19,Portsman,,Sigara & RIZLA,0,1,300,300,220.88,220.88,79.12,,,,,,
6/6/2026,13:45:19,Sembe-25kg,,Nafaka,0,0.8,"1,500.00","1,125.00","1,180.00",885,240,,,,,,
6/6/2026,13:45:19,Embassy,,Sigara & RIZLA,0,1,400,400,278.03,278.03,121.97,,,,,,
6/6/2026,13:45:19,Niceone-400g,,Usafi:Jumla,6.20302E+12,1,"1,000.00","1,000.00",837.5,837.5,162.5,,,,,,
6/6/2026,13:45:19,Pipi/Bigijii@50,,Vitamu,0,4,50,200,31.63,126.53,73.47,,,,,,
6/6/2026,13:45:26,Portsman,,Sigara & RIZLA,0,1,300,300,220.88,220.88,79.12,,,,,,
6/6/2026,13:45:26,Sembe-25kg,,Nafaka,0,0.8,"1,500.00","1,125.00","1,180.00",885,240,,,,,,
6/6/2026,13:45:26,Embassy,,Sigara & RIZLA,0,1,400,400,278.03,278.03,121.97,,,,,,
6/6/2026,13:45:26,Niceone-400g,,Usafi:Jumla,6.20302E+12,1,"1,000.00","1,000.00",837.5,837.5,162.5,,,,,,
6/6/2026,13:45:26,Pipi/Bigijii@50,,Vitamu,0,4,50,200,31.63,126.53,73.47,,,,,,
6/6/2026,14:01:26,Pepsi : 350ml,,Vinywaji,0,2,700,"1,400.00",500,"1,000.00",400,,,,,,
6/6/2026,14:01:26,Mirinda-600mL,,Vinywaji,6.2011E+12,1,"1,200.00","1,200.00",830.3,830.3,369.7,,,,,,
6/6/2026,14:02:50,Pipi/Bigijii@100,,Vitamu,0,2,100,200,59.76,119.51,80.49,,,,,,
6/6/2026,14:14:12,Pipi/Bigijii@100,,Vitamu,0,2,100,200,59.76,119.51,80.49,,,,,,
6/6/2026,14:21:36,Winston(R),,Sigara & RIZLA,0,1,200,200,130.53,130.53,69.47,,,,,,
6/6/2026,14:44:44,Konyagi(S)- 200ML,,Vinywaji,6.20301E+12,1,"4,500.00","4,500.00","3,523.81","3,523.81",976.19,,,,,,
6/6/2026,14:44:44,Smart Gin-200ML,,Vinywaji,6.20301E+12,1,"2,000.00","2,000.00","1,744.28","1,744.28",255.72,,,,,,
6/6/2026,14:44:44,Pepsi : 350ml,,Vinywaji,0,1,700,700,500,500,200,,,,,,
6/6/2026,15:21:46,Winston(R),,Sigara & RIZLA,0,2,200,400,130.53,261.05,138.95,,,,,,
6/6/2026,15:21:46,Sembe-25kg,,Nafaka,0,0.5,"1,500.00",750,"1,180.00",590,160,,,,,,
6/6/2026,15:21:46,Jambo:Cocopine-300ml,,Vinywaji,6.203E+12,1,600,600,417.29,417.29,182.71,,,,,,
6/6/2026,15:21:46,Portsman,,Sigara & RIZLA,0,1,300,300,220.88,220.88,79.12,,,,,,
6/6/2026,15:26:41,Pipi/Bigijii@100,,Vitamu,0,1,100,100,59.76,59.76,40.24,,,,,,
6/6/2026,15:26:41,Pipi/Bigijii@50,,Vitamu,0,4,50,200,31.63,126.53,73.47,,,,,,
6/6/2026,16:22:08,Azam-Malt-300ML,,Vinywaji,6.00964E+12,1,700,700,496.79,496.79,203.21,,,,,,
6/6/2026,16:22:08,Diclopar-550mg,,Afya,0,2,100,200,60,120,80,,,,,,
6/6/2026,18:19:28,K-vant(L)- 750ML,,Vinywaji,6.204E+12,1,"12,000.00","12,000.00","9,574.67","9,574.67","2,425.33",,,,,,
6/6/2026,18:19:28,Winston(R),,Sigara & RIZLA,0,6,166.67,"1,000.00",130.53,783.16,216.84,,,,,,
6/6/2026,18:19:28,Mafuta/Kupikia-20L,,Viungo,0,0.3,"6,000.00","1,500.00","4,060.98","1,015.24",484.76,,,,,,
6/6/2026,18:19:28,Uhai(W)-1.6L,,Vinywaji,6.20301E+12,1,800,800,498.15,498.15,301.85,,,,,,
6/6/2026,18:41:40,Tambi-25kg (Kupima),,Nafaka,0,0.5,"2,800.00","1,400.00","2,140.00","1,070.00",330,,,,,,
6/6/2026,18:41:40,Ngano-25kg,,Nafaka,0,0.5,"2,000.00","1,000.00","1,507.14",753.57,246.43,,,,,,
6/6/2026,18:41:40,Mayai@Kizungu,,Viungo,0,7,350,"2,450.00",266.67,"1,866.67",583.33,,,,,,
6/6/2026,18:41:40,Mafuta/Kupikia-20L,,Viungo,0,0.3,"6,000.00","1,500.00","4,060.98","1,015.24",484.76,,,,,,
6/6/2026,18:41:40,U-Fresh Glass (Mango)-120ML,,Vinywaji,0,1,200,200,160.71,160.71,39.29,,,,,,
6/6/2026,18:41:40,Pipi/Bigijii@100,,Vitamu,0,3,100,300,59.76,179.27,120.73,,,,,,
6/6/2026,18:55:57,Smart Gin-200ML,,Vinywaji,6.20301E+12,0.5,"2,000.00","1,000.00","1,744.28",872.14,127.86,,,,,,
6/6/2026,18:55:57,Winston(R),,Sigara & RIZLA,0,3,166.67,500,130.53,391.58,108.42,,,,,,
6/6/2026,19:04:53,Mosquito :COIL,,Afya,0,2,250,500,140,280,220,,,,,,
6/6/2026,19:04:53,Winston(R),,Sigara & RIZLA,0,2,200,400,130.53,261.05,138.95,,,,,,
6/6/2026,20:04:18,Winston(R),,Sigara & RIZLA,0,3,200,600,130.53,391.58,208.42,,,,,,
6/6/2026,20:04:18,Mafuta/Kupikia-20L,,Viungo,0,0.5,"6,000.00","3,000.00","4,060.98","2,030.49",969.51,,,,,,
6/6/2026,20:04:18,Tressa :Shampoo - 10ML,,Usafi:Binafsi,6.20305E+12,1,200,200,125,125,75,,,,,,
6/6/2026,20:04:18,Sembe-25kg,,Nafaka,0,0.5,"1,500.00",750,"1,180.00",590,160,,,,,,
6/6/2026,20:04:18,Jambo:Cocopine-300ml,,Vinywaji,6.203E+12,1,600,600,417.29,417.29,182.71,,,,,,
6/6/2026,20:04:18,Embassy,,Sigara & RIZLA,0,1,400,400,278.03,278.03,121.97,,,,,,
6/6/2026,20:04:18,Smart Gin-200ML,,Vinywaji,6.20301E+12,0.5,"2,000.00","1,000.00","1,744.28",872.14,127.86,,,,,,
6/6/2026,20:04:18,Winston(R),,Sigara & RIZLA,0,6,166.67,"1,000.00",130.53,783.16,216.84,,,,,,
6/6/2026,20:04:18,Azam-Malt-300ML,,Vinywaji,6.00964E+12,1,700,700,496.79,496.79,203.21,,,,,,
6/6/2026,20:54:01,Niceone-180g,,Usafi:Jumla,6.20302E+12,3,500,"1,500.00",417.5,"1,252.50",247.5,,,,,,
6/6/2026,20:54:01,Pipi/Bigijii@50,,Vitamu,0,4,50,200,31.63,126.53,73.47,,,,,,
6/6/2026,20:54:01,Mirinda-600mL,,Vinywaji,6.2011E+12,1,"1,200.00","1,200.00",830.3,830.3,369.7,,,,,,
6/6/2026,20:54:01,Azam-Cola-300ML,,Vinywaji,6.20301E+12,2,600,"1,200.00",423.55,847.1,352.9,,,,,,
6/6/2026,20:54:01,Jambo:Bolibo-300ml,,Vinywaji,6.203E+12,1,600,600,428.57,428.57,171.43,,,,,,
6/6/2026,20:54:01,Smart Gin-200ML,,Vinywaji,6.20301E+12,0.5,"2,000.00","1,000.00","1,744.28",872.14,127.86,,,,,,
6/6/2026,20:54:01,Embassy,,Sigara & RIZLA,0,1,400,400,278.03,278.03,121.97,,,,,,
6/6/2026,20:54:01,Double(KK)-200ml,,Vinywaji,6.20301E+12,0.5,"2,000.00","1,000.00","1,794.67",897.33,102.67,,,,,,
6/6/2026,20:54:01,Mshumaa,,Jikoni,6.203E+12,1,500,500,277.78,277.78,222.22,,,,,,
6/6/2026,21:32:53,Nyota/Kali,,Sigara & RIZLA,0,2,150,300,85.48,170.96,129.04,,,,,,
6/6/2026,21:32:53,Jambo:Bolibo-300ml,,Vinywaji,6.203E+12,1,600,600,428.57,428.57,171.43,,,,,,
6/6/2026,21:32:53,Winston(R),,Sigara & RIZLA,0,2,200,400,130.53,261.05,138.95,,,,,,
6/6/2026,22:10:20,Uhai(W)-1.6L,,Vinywaji,6.20301E+12,1,800,800,498.15,498.15,301.85,,,,,,
6/6/2026,22:10:20,Winston(R),,Sigara & RIZLA,0,1,200,200,130.53,130.53,69.47,,,,,,
6/6/2026,22:10:20,Mosquito :COIL,,Afya,0,2,250,500,140,280,220,,,,,,
6/6/2026,22:10:20,Mafuta/Kupikia-20L,,Viungo,0,0.3,"6,000.00","1,500.00","4,060.98","1,015.24",484.76,,,,,,
6/6/2026,22:10:20,Embassy,,Sigara & RIZLA,0,1,400,400,278.03,278.03,121.97,,,,,,
6/6/2026,22:10:20,Pipi/Bigijii@100,,Vitamu,0,1,100,100,59.76,59.76,40.24,,,,,,
6/6/2026,22:30:26,Winston(R),,Sigara & RIZLA,0,3,166.67,500,130.53,391.58,108.42,,,,,,
6/6/2026,22:30:26,Winston(R),,Sigara & RIZLA,0,5,200,"1,000.00",130.53,652.63,347.37,,,,,,
6/6/2026,22:34:59,Azam-Cola-300ML,,Vinywaji,6.20301E+12,1,600,600,423.55,423.55,176.45,,,,,,
6/6/2026,22:34:59,Uhai(W)-1.6L,,Vinywaji,6.20301E+12,1,800,800,498.15,498.15,301.85,,,,,,
6/6/2026,22:36:25,Embassy,,Sigara & RIZLA,0,1,400,400,278.03,278.03,121.97,,,,,,
6/6/2026,23:08:48,Portsman,,Sigara & RIZLA,0,1,300,300,220.88,220.88,79.12,,,,,,
6/6/2026,23:08:48,Mosquito :COIL,,Afya,0,4,250,"1,000.00",140,560,440,,,,,,
6/6/2026,23:08:48,Mafuta/Kupikia-20L,,Viungo,0,0.5,"6,000.00","3,000.00","4,060.98","2,030.49",969.51,,,,,,
6/7/2026,9:23:37,Master(R),,Sigara & RIZLA,0,9,150,"1,350.00",104.65,941.88,408.13,,,,,,
6/7/2026,9:23:37,Winston(R),,Sigara & RIZLA,0,29,200,"5,800.00",130.53,"3,785.26","2,014.74",,,,,,
6/7/2026,9:23:37,Sukari(Kupima) - 50kg,,Viungo,0,0.5,"3,000.00","1,500.00","2,360.00","1,180.00",320,,,,,,
6/7/2026,9:23:37,Smart Gin-200ML,,Vinywaji,6.20301E+12,1,"2,000.00","2,000.00","1,744.28","1,744.28",255.72,,,,,,
6/7/2026,16:43:07,"Tamu : Bakery Maandazi-24pcs@2,000",,Nafaka,0,5,100,500,83.33,416.67,83.33,,,,,,
6/7/2026,16:43:07,"Tamu : Bakery Maandazi-12pcs@5,000",,Nafaka,0,2,500,"1,000.00",416.67,833.33,166.67,,,,,,
6/7/2026,16:43:07,Jambo:Bolibo-300ml,,Vinywaji,6.203E+12,3,600,"1,800.00",428.57,"1,285.71",514.29,,,,,,
6/7/2026,16:43:07,Jambo:Cocopine-300ml,,Vinywaji,6.203E+12,1,600,600,417.29,417.29,182.71,,,,,,
6/7/2026,16:43:07,Sembe-25kg,,Nafaka,0,0.5,"1,500.00",750,"1,180.00",590,160,,,,,,
6/7/2026,16:43:07,Niceone-400g,,Usafi:Jumla,6.20302E+12,1,"1,000.00","1,000.00",837.5,837.5,162.5,,,,,,
6/7/2026,16:43:07,Pepsi : 350ml,,Vinywaji,0,2,700,"1,400.00",500,"1,000.00",400,,,,,,
6/7/2026,16:43:07,Winston(R),,Sigara & RIZLA,0,6,166.67,"1,000.00",130.18,781.07,218.93,,,,,,
6/7/2026,16:43:07,Winston(R),,Sigara & RIZLA,0,7,200,"1,400.00",130.53,913.68,486.32,,,,,,
6/7/2026,16:43:07,Master(R),,Sigara & RIZLA,0,4,150,600,104.65,418.61,181.39,,,,,,
6/7/2026,16:43:07,Uhai(W)-1.6L,,Vinywaji,6.20301E+12,1,800,800,498.15,498.15,301.85,,,,,,
6/7/2026,18:10:37,Diclopar-550mg,,Afya,0,2,100,200,60,120,80,,,,,,
6/7/2026,18:10:37,Winston(R),,Sigara & RIZLA,0,1,200,200,130.53,130.53,69.47,,,,,,
6/7/2026,18:10:37,Embassy,,Sigara & RIZLA,0,2,400,800,278.03,556.06,243.94,,,,,,
6/7/2026,18:10:37,Uhai(W)-1L,,Vinywaji,6.20301E+12,1,600,600,417.49,417.49,182.51,,,,,,
6/7/2026,18:10:37,Jambo:Cocopine-300ml,,Vinywaji,6.203E+12,3,600,"1,800.00",417.29,"1,251.87",548.13,,,,,,
6/7/2026,18:10:37,"Tamu : Bakery Skonzi-4pcs@1,600",,Nafaka,0,4,500,"2,000.00",400,"1,600.00",400,,,,,,
6/7/2026,18:50:39,Ngano-25kg,,Nafaka,0,1,"2,000.00","2,000.00","1,507.14","1,507.14",492.86,,,,,,
6/7/2026,18:50:39,Mshumaa,,Jikoni,6.203E+12,1,500,500,277.78,277.78,222.22,,,,,,
6/7/2026,18:50:39,Dalan- Soap-125g,,Usafi:Binafsi,0,1,"1,500.00","1,500.00","1,083.33","1,083.33",416.67,,,,,,
6/7/2026,18:50:39,Pipi/Bigijii@100,,Vitamu,0,3,100,300,59.76,179.27,120.73,,,,,,
6/7/2026,18:50:39,Winston(R),,Sigara & RIZLA,0,3,166.67,500,130.53,391.58,108.42,,,,,,
6/7/2026,18:56:55,Pipi/Bigijii@100,,Vitamu,0,4,100,400,59.76,239.02,160.98,,,,,,
6/7/2026,18:56:55,Mafuta/Kupikia-20L,,Viungo,0,1,"6,000.00","6,000.00","4,060.98","4,060.98","1,939.02",,,,,,
6/7/2026,18:56:55,LED Bulb-5W,,Umeme/Ufundi,0,1,"1,500.00","1,500.00",721.79,721.79,778.21,,,,,,
6/7/2026,19:10:17,Mayai@Kizungu,,Viungo,0,4,350,"1,400.00",266.67,"1,066.67",333.33,,,,,,
6/7/2026,19:10:17,Mayai@Kizungu,,Viungo,0,3,333.33,"1,000.00",266.67,800,200,,,,,,
6/7/2026,19:10:17,Pipi/Bigijii@100,,Vitamu,0,1,100,100,59.76,59.76,40.24,,,,,,
6/7/2026,19:10:17,Sukari(Kupima) - 50kg,,Viungo,0,0.3,"3,000.00",750,"2,360.00",590,160,,,,,,
6/7/2026,19:42:56,Mosquito :COIL,,Afya,0,2,250,500,140,280,220,,,,,,
6/7/2026,19:42:56,Mirinda-Black : 350ml,,Vinywaji,0,1,700,700,500,500,200,,,,,,
6/7/2026,19:48:37,Sembe-25kg,,Nafaka,0,0.5,"1,500.00",750,"1,180.00",590,160,,,,,,
6/7/2026,19:48:37,Mosquito :COIL,,Afya,0,2,250,500,140,280,220,,,,,,
6/7/2026,20:26:37,Jambo:Bolibo-300ml,,Vinywaji,6.203E+12,2,600,"1,200.00",428.57,857.14,342.86,,,,,,
6/7/2026,20:26:37,Double(KK)-200ml,,Vinywaji,6.20301E+12,1,"2,000.00","2,000.00","1,794.67","1,794.67",205.33,,,,,,
6/7/2026,20:26:37,Winston(R),,Sigara & RIZLA,0,1,200,200,130.53,130.53,69.47,,,,,,
6/7/2026,20:26:37,Master(R),,Sigara & RIZLA,0,3,150,450,104.65,313.96,136.04,,,,,,
6/7/2026,20:26:37,Smart Gin-200ML,,Vinywaji,6.20301E+12,0.5,"2,000.00","1,000.00","1,744.28",872.14,127.86,,,,,,
6/7/2026,20:26:37,"Tamu : Bakery Maandazi-24pcs@2,000",,Nafaka,0,3,100,300,83.33,250,50,,,,,,
6/7/2026,20:26:37,Dodoki : Mkono,,Usafi:Binafsi,0,1,"1,000.00","1,000.00",666.67,666.67,333.33,,,,,,
6/7/2026,20:46:21,Winston(R),,Sigara & RIZLA,0,1,200,200,130.53,130.53,69.47,,,,,,
6/7/2026,20:46:21,Winston(R),,Sigara & RIZLA,0,3,166.67,500,130.53,391.58,108.42,,,,,,
6/7/2026,20:46:21,Portsman,,Sigara & RIZLA,0,2,300,600,220.88,441.76,158.24,,,,,,
6/7/2026,20:46:21,Nyota/Kali,,Sigara & RIZLA,0,2,150,300,85.48,170.96,129.04,,,,,,
6/7/2026,20:46:21,Uhai(W)-1.6L,,Vinywaji,6.20301E+12,1,800,800,498.15,498.15,301.85,,,,,,
6/7/2026,20:46:21,Double(KK)-200ml,,Vinywaji,6.20301E+12,1,"2,000.00","2,000.00","1,794.67","1,794.67",205.33,,,,,,
6/7/2026,20:46:21,Smart Gin-200ML,,Vinywaji,6.20301E+12,1,"2,000.00","2,000.00","1,744.28","1,744.28",255.72,,,,,,
6/7/2026,21:09:11,Smart Gin-200ML,,Vinywaji,6.20301E+12,1.5,"2,000.00","3,000.00","1,744.28","2,616.42",383.58,,,,,,
6/7/2026,21:09:11,S-Menthol(SM),,Sigara & RIZLA,0,2,300,600,213.5,427,173,,,,,,
6/7/2026,21:09:11,Mayai@Kizungu,,Viungo,0,3,333.33,"1,000.00",266.67,800,200,,,,,,
6/7/2026,21:09:11,Mayai@Kizungu,,Viungo,0,3,350,"1,050.00",266.67,800,250,,,,,,
6/7/2026,21:09:11,Portsman,,Sigara & RIZLA,0,1,300,300,220.88,220.88,79.12,,,,,,
6/7/2026,21:09:11,Superblack-MDLSPA,,Usafi:Binafsi,0,1,"1,000.00","1,000.00",700,700,300,,,,,,
6/7/2026,21:09:11,Double(KK)-200ml,,Vinywaji,6.20301E+12,0.5,"2,000.00","1,000.00","1,794.67",897.33,102.67,,,,,,
6/7/2026,21:09:11,Winston(R),,Sigara & RIZLA,0,3,166.67,500,130.53,391.58,108.42,,,,,,
6/7/2026,21:09:23,Smart Gin-200ML,,Vinywaji,6.20301E+12,1.5,"2,000.00","3,000.00","1,744.28","2,616.42",383.58,,,,,,
6/7/2026,21:09:23,S-Menthol(SM),,Sigara & RIZLA,0,2,300,600,213.5,427,173,,,,,,
6/7/2026,21:09:23,Mayai@Kizungu,,Viungo,0,3,333.33,"1,000.00",266.67,800,200,,,,,,
6/7/2026,21:09:23,Mayai@Kizungu,,Viungo,0,3,350,"1,050.00",266.67,800,250,,,,,,
6/7/2026,21:09:23,Portsman,,Sigara & RIZLA,0,1,300,300,220.88,220.88,79.12,,,,,,
6/7/2026,21:09:23,Superblack-MDLSPA,,Usafi:Binafsi,0,1,"1,000.00","1,000.00",700,700,300,,,,,,
6/7/2026,21:09:23,Double(KK)-200ml,,Vinywaji,6.20301E+12,0.5,"2,000.00","1,000.00","1,794.67",897.33,102.67,,,,,,
6/7/2026,21:09:23,Winston(R),,Sigara & RIZLA,0,3,166.67,500,130.53,391.58,108.42,,,,,,
6/7/2026,21:36:17,Smart Gin-200ML,,Vinywaji,6.20301E+12,1.5,"2,000.00","3,000.00","1,744.28","2,616.42",383.58,,,,,,
6/7/2026,21:36:17,Winston(R),,Sigara & RIZLA,0,10,200,"2,000.00",130.53,"1,305.26",694.74,,,,,,
6/7/2026,21:36:17,Double(KK)-200ml,,Vinywaji,6.20301E+12,1,"2,000.00","2,000.00","1,794.67","1,794.67",205.33,,,,,,
6/7/2026,21:36:17,Tamu : Bakery Mkate-1pcs@800,,Nafaka,0,1,"1,000.00","1,000.00",800,800,200,,,,,,
6/7/2026,21:36:17,Nyota/Kali,,Sigara & RIZLA,0,2,150,300,85.48,170.96,129.04,,,,,,
6/7/2026,22:43:40,Sukari(Kupima) - 50kg,,Viungo,0,0.5,"3,000.00","1,500.00","2,360.00","1,180.00",320,,,,,,
6/7/2026,22:43:40,Neel-Salt-500g,,Viungo,6.20301E+12,1,500,500,287.5,287.5,212.5,,,,,,
6/7/2026,22:43:40,Smart Gin-200ML,,Vinywaji,6.20301E+12,0.5,"2,000.00","1,000.00","1,744.28",872.14,127.86,,,,,,
6/7/2026,22:43:40,Winston(R),,Sigara & RIZLA,0,1,200,200,130.53,130.53,69.47,,,,,,
6/7/2026,22:43:40,Tamu : Bakery Mkate-1pcs@800,,Nafaka,0,1,"1,000.00","1,000.00",800,800,200,,,,,,
6/7/2026,23:01:37,Embassy,,Sigara & RIZLA,0,1,400,400,278.03,278.03,121.97,,,,,,
6/7/2026,23:01:37,Uhai(W)-1L,,Vinywaji,6.20301E+12,1,600,600,417.49,417.49,182.51,,,,,,
6/7/2026,23:01:37,Winston(R),,Sigara & RIZLA,0,1,200,200,130.53,130.53,69.47,,,,,,
6/8/2026,9:06:50,Sukari(Kupima) - 50kg,,Viungo,0,0.5,"3,000.00","1,500.00","2,360.00","1,180.00",320,,,,,,
6/8/2026,9:06:50,Uhai(W)-1L,,Vinywaji,6.20301E+12,1,600,600,417.49,417.49,182.51,,,,,,
6/8/2026,9:06:50,Jambo:Bolibo-300ml,,Vinywaji,6.203E+12,1,600,600,428.57,428.57,171.43,,,,,,
6/8/2026,9:06:50,Jambo:Cocopine-300ml,,Vinywaji,6.203E+12,1,600,600,417.29,417.29,182.71,,,,,,
6/8/2026,9:06:50,Smart Gin-200ML,,Vinywaji,6.20301E+12,0.5,"2,000.00","1,000.00","1,744.28",872.14,127.86,,,,,,
6/8/2026,9:06:50,Ngano-25kg,,Nafaka,0,0.3,"2,000.00",500,"1,507.14",376.79,123.21,,,,,,
6/8/2026,9:06:50,Embassy,,Sigara & RIZLA,0,1,400,400,278.03,278.03,121.97,,,,,,
6/8/2026,9:06:50,Portsman,,Sigara & RIZLA,0,1,300,300,220.88,220.88,79.12,,,,,,
6/8/2026,9:06:50,Winston(R),,Sigara & RIZLA,0,4,200,800,130.53,522.11,277.89,,,,,,
6/8/2026,9:06:50,S-Menthol(SM),,Sigara & RIZLA,0,2,300,600,213.5,427,173,,,,,,
6/8/2026,18:49:12,"Tamu : Bakery Maandazi-12pcs@5,000",,Nafaka,0,3,500,"1,500.00",416.67,"1,250.00",250,,,,,,
6/8/2026,18:49:12,Mafuta/Kupikia-20L,,Viungo,0,0.3,"6,000.00","1,500.00","4,060.98","1,015.24",484.76,,,,,,
6/8/2026,18:49:12,Pipi/Bigijii@50,,Vitamu,0,4,50,200,31.63,126.53,73.47,,,,,,
6/8/2026,18:49:12,Winston(R),,Sigara & RIZLA,0,3,166.67,500,130.53,391.58,108.42,,,,,,
6/8/2026,19:23:04,Double(KK)-200ml,,Vinywaji,6.20301E+12,0.5,"2,000.00","1,000.00","1,794.67",897.33,102.67,,,,,,
6/8/2026,19:23:04,Smart Gin-200ML,,Vinywaji,6.20301E+12,0.5,"2,000.00","1,000.00","1,744.28",872.14,127.86,,,,,,
6/8/2026,19:23:04,Winston(R),,Sigara & RIZLA,0,3,166.67,500,130.53,391.58,108.42,,,,,,
6/8/2026,19:23:04,Azam-Malt-300ML,,Vinywaji,6.00964E+12,2,700,"1,400.00",496.79,993.59,406.41,,,,,,
6/8/2026,19:28:27,Winston(R),,Sigara & RIZLA,0,1,200,200,130.53,130.53,69.47,,,,,,
6/8/2026,19:28:27,Tambi-25kg (Kupima),,Nafaka,0,0.3,"2,800.00",700,"2,140.00",535,165,,,,,,
6/8/2026,19:36:48,Winston(R),,Sigara & RIZLA,0,1,200,200,130.53,130.53,69.47,,,,,,
6/8/2026,19:36:48,Portsman,,Sigara & RIZLA,0,1,300,300,220.88,220.88,79.12,,,,,,
6/8/2026,19:36:48,Tamu : Bakery Mkate-1pcs@800,,Nafaka,0,1,"1,000.00","1,000.00",800,800,200,,,,,,
6/8/2026,19:36:48,Double(KK)-200ml,,Vinywaji,6.20301E+12,1,"2,000.00","2,000.00","1,794.67","1,794.67",205.33,,,,,,
6/8/2026,19:38:05,Winston(R),,Sigara & RIZLA,0,1,200,200,130.53,130.53,69.47,,,,,,
6/8/2026,19:38:05,Portsman,,Sigara & RIZLA,0,1,300,300,220.88,220.88,79.12,,,,,,
6/8/2026,19:38:05,Tamu : Bakery Mkate-1pcs@800,,Nafaka,0,1,"1,000.00","1,000.00",800,800,200,,,,,,
6/8/2026,19:38:05,Double(KK)-200ml,,Vinywaji,6.20301E+12,1,"2,000.00","2,000.00","1,794.67","1,794.67",205.33,,,,,,
6/8/2026,20:00:23,Jambo:Cocopine-300ml,,Vinywaji,6.203E+12,1,600,600,417.29,417.29,182.71,,,,,,
6/8/2026,20:00:23,Jambo:Bolibo-300ml,,Vinywaji,6.203E+12,1,600,600,428.57,428.57,171.43,,,,,,
6/8/2026,20:00:23,Pepsi : 350ml,,Vinywaji,0,1,700,700,500,500,200,,,,,,
6/8/2026,20:00:23,"Tamu : Bakery Maandazi-24pcs@2,000",,Nafaka,0,12,100,"1,200.00",83.33,"1,000.00",200,,,,,,
6/8/2026,20:00:23,Sukari(Kupima) - 50kg,,Viungo,0,0.3,"3,000.00",750,"2,360.00",590,160,,,,,,
6/8/2026,20:03:54,Jambo:Cocopine-300ml,,Vinywaji,6.203E+12,1,600,600,417.29,417.29,182.71,,,,,,
6/8/2026,20:03:54,Jambo:Bolibo-300ml,,Vinywaji,6.203E+12,1,600,600,428.57,428.57,171.43,,,,,,
6/8/2026,20:03:54,Pepsi : 350ml,,Vinywaji,0,1,700,700,500,500,200,,,,,,
6/8/2026,20:03:54,"Tamu : Bakery Maandazi-24pcs@2,000",,Nafaka,0,12,100,"1,200.00",83.33,"1,000.00",200,,,,,,
6/8/2026,20:03:54,Sukari(Kupima) - 50kg,,Viungo,0,0.3,"3,000.00",750,"2,360.00",590,160,,,,,,
6/8/2026,20:03:54,K-vant(S)-250ML,,Vinywaji,6.203E+12,1,"4,500.00","4,500.00","3,340.74","3,340.74","1,159.26",,,,,,
6/8/2026,20:11:50,Jambo:Cocopine-300ml,,Vinywaji,6.203E+12,1,600,600,417.29,417.29,182.71,,,,,,
6/8/2026,20:11:50,Jambo:Bolibo-300ml,,Vinywaji,6.203E+12,1,600,600,428.57,428.57,171.43,,,,,,
6/8/2026,20:11:50,Pepsi : 350ml,,Vinywaji,0,1,700,700,500,500,200,,,,,,
6/8/2026,20:11:50,"Tamu : Bakery Maandazi-24pcs@2,000",,Nafaka,0,12,100,"1,200.00",83.33,"1,000.00",200,,,,,,
6/8/2026,20:11:50,Sukari(Kupima) - 50kg,,Viungo,0,0.3,"3,000.00",750,"2,360.00",590,160,,,,,,
6/8/2026,20:11:50,K-vant(S)-250ML,,Vinywaji,6.203E+12,1,"4,500.00","4,500.00","3,340.74","3,340.74","1,159.26",,,,,,
6/8/2026,20:33:03,"Tamu : Bakery Skonzi-4pcs@1,600",,Nafaka,0,1,500,500,400,400,100,,,,,,
6/8/2026,20:33:03,Azam-Cola-300ML,,Vinywaji,6.20301E+12,2,600,"1,200.00",423.55,847.1,352.9,,,,,,
6/8/2026,20:33:03,Jambo:Bolibo-300ml,,Vinywaji,6.203E+12,1,600,600,428.57,428.57,171.43,,,,,,
6/8/2026,22:07:13,"Tamu : Bakery Skonzi-4pcs@1,600",,Nafaka,0,2,500,"1,000.00",400,800,200,,,,,,
6/8/2026,22:07:13,Winston(R),,Sigara & RIZLA,0,2,200,400,130.53,261.05,138.95,,,,,,
6/8/2026,22:07:13,Nyota/Kali,,Sigara & RIZLA,0,5,150,750,85.48,427.39,322.61,,,,,,
6/8/2026,22:07:13,Neel-Salt-500g,,Viungo,6.20301E+12,1,500,500,287.5,287.5,212.5,,,,,,
6/8/2026,22:07:13,Winston(R),,Sigara & RIZLA,0,3,166.67,500,130.53,391.58,108.42,,,,,,
6/8/2026,22:07:13,Uhai(W)-1L,,Vinywaji,6.20301E+12,1,600,600,417.49,417.49,182.51,,,,,,
6/8/2026,22:07:13,Jambo:Bolibo-300ml,,Vinywaji,6.203E+12,2,600,"1,200.00",428.57,857.14,342.86,,,,,,
6/8/2026,22:07:13,Tressa :Shampoo - 10ML,,Usafi:Binafsi,6.20305E+12,1,200,200,125,125,75,,,,,,
6/8/2026,22:07:13,U-Fresh Glass (Mango)-120ML,,Vinywaji,0,1,200,200,160.71,160.71,39.29,,,,,,
6/8/2026,22:07:13,Sparletta : 350mL,,Vinywaji,0,1,800,800,563,563,237,,,,,,
6/8/2026,22:07:13,Mayai@Kizungu,,Viungo,0,5,350,"1,750.00",266.67,"1,333.33",416.67,,,,,,
6/8/2026,22:07:13,Portsman,,Sigara & RIZLA,0,2,300,600,220.88,441.76,158.24,,,,,,
6/8/2026,22:08:00,"Tamu : Bakery Skonzi-4pcs@1,600",,Nafaka,0,2,500,"1,000.00",400,800,200,,,,,,
6/8/2026,22:08:00,Winston(R),,Sigara & RIZLA,0,2,200,400,130.53,261.05,138.95,,,,,,
6/8/2026,22:08:00,Nyota/Kali,,Sigara & RIZLA,0,5,150,750,85.48,427.39,322.61,,,,,,
6/8/2026,22:08:00,Neel-Salt-500g,,Viungo,6.20301E+12,1,500,500,287.5,287.5,212.5,,,,,,
6/8/2026,22:08:00,Winston(R),,Sigara & RIZLA,0,3,166.67,500,130.53,391.58,108.42,,,,,,
6/8/2026,22:08:00,Uhai(W)-1L,,Vinywaji,6.20301E+12,1,600,600,417.49,417.49,182.51,,,,,,
6/8/2026,22:08:00,Jambo:Bolibo-300ml,,Vinywaji,6.203E+12,2,600,"1,200.00",428.57,857.14,342.86,,,,,,
6/8/2026,22:08:00,Tressa :Shampoo - 10ML,,Usafi:Binafsi,6.20305E+12,1,200,200,125,125,75,,,,,,
6/8/2026,22:08:00,U-Fresh Glass (Mango)-120ML,,Vinywaji,0,1,200,200,160.71,160.71,39.29,,,,,,
6/8/2026,22:08:00,Sparletta : 350mL,,Vinywaji,0,1,800,800,563,563,237,,,,,,
6/8/2026,22:08:00,Mayai@Kizungu,,Viungo,0,5,350,"1,750.00",266.67,"1,333.33",416.67,,,,,,
6/8/2026,22:08:00,Portsman,,Sigara & RIZLA,0,2,300,600,220.88,441.76,158.24,,,,,,
6/8/2026,22:58:20,Jambo:Bolibo-300ml,,Vinywaji,6.203E+12,4,600,"2,400.00",428.57,"1,714.29",685.71,,,,,,
6/8/2026,22:58:20,Winston(R),,Sigara & RIZLA,0,2,200,400,130.53,261.05,138.95,,,,,,
6/9/2026,7:51:06,Niceone-180g,,Usafi:Jumla,6.20302E+12,2,500,"1,000.00",417.5,835,165,,,,,,
6/9/2026,7:51:06,Winston(R),,Sigara & RIZLA,0,3,200,600,130.53,391.58,208.42,,,,,,
6/9/2026,7:51:06,Winston(R),,Sigara & RIZLA,0,3,166.67,500,130.53,391.58,108.42,,,,,,
6/9/2026,7:51:06,Tressa :Shampoo - 10ML,,Usafi:Binafsi,6.20305E+12,1,200,200,125,125,75,,,,,,
6/9/2026,7:51:06,Mshumaa,,Jikoni,6.203E+12,1,500,500,277.78,277.78,222.22,,,,,,
6/9/2026,8:24:20,Pipi/Bigijii@100,,Vitamu,0,1,100,100,59.76,59.76,40.24,,,,,,
6/9/2026,8:24:20,Pipi/Bigijii@50,,Vitamu,0,13,50,650,31.63,411.22,238.78,,,,,,
6/9/2026,10:56:53,Sukari(Kupima) - 50kg,,Viungo,0,0.2,"3,000.00",600,"2,360.00",472,128,,,,,,
6/9/2026,10:56:53,Niceone-400g,,Usafi:Jumla,6.20302E+12,2,"1,000.00","2,000.00",837.5,"1,675.00",325,,,,,,
6/9/2026,10:56:53,Winston(R),,Sigara & RIZLA,0,3,166.67,500,130.53,391.58,108.42,,,,,,
6/9/2026,10:56:53,Smart Gin-200ML,,Vinywaji,6.20301E+12,0.5,"2,000.00","1,000.00","1,744.28",872.14,127.86,,,,,,
6/9/2026,10:56:53,Uhai(W)-1L,,Vinywaji,6.20301E+12,1,600,600,417.49,417.49,182.51,,,,,,
6/9/2026,10:56:53,"Tamu : Bakery Maandazi-24pcs@2,000",,Nafaka,0,6,100,600,83.33,500,100,,,,,,
6/9/2026,10:56:53,Azam-Cola-300ML,,Vinywaji,6.20301E+12,2,600,"1,200.00",423.55,847.1,352.9,,,,,,
6/9/2026,10:56:53,Mafuta/Kupikia-20L,,Viungo,0,0.5,"6,000.00","3,000.00","4,060.98","2,030.49",969.51,,,,,,
6/9/2026,11:06:29,Sukari(Kupima) - 50kg,,Viungo,0,0.2,"3,000.00",600,"2,360.00",472,128,,,,,,
6/9/2026,11:06:29,Niceone-400g,,Usafi:Jumla,6.20302E+12,2,"1,000.00","2,000.00",837.5,"1,675.00",325,,,,,,
6/9/2026,11:06:29,Winston(R),,Sigara & RIZLA,0,3,166.67,500,130.53,391.58,108.42,,,,,,
6/9/2026,11:06:29,Smart Gin-200ML,,Vinywaji,6.20301E+12,0.5,"2,000.00","1,000.00","1,744.28",872.14,127.86,,,,,,
6/9/2026,11:06:29,Uhai(W)-1L,,Vinywaji,6.20301E+12,1,600,600,417.49,417.49,182.51,,,,,,
6/9/2026,11:06:29,"Tamu : Bakery Maandazi-24pcs@2,000",,Nafaka,0,6,100,600,83.33,500,100,,,,,,
6/9/2026,11:06:29,Azam-Cola-300ML,,Vinywaji,6.20301E+12,2,600,"1,200.00",423.55,847.1,352.9,,,,,,
6/9/2026,11:06:29,Mafuta/Kupikia-20L,,Viungo,0,0.5,"6,000.00","3,000.00","4,060.98","2,030.49",969.51,,,,,,
6/9/2026,12:10:01,Pipi/Bigijii@100,,Vitamu,0,3,100,300,59.76,179.27,120.73,,,,,,
6/9/2026,12:10:01,Pipi/Bigijii@50,,Vitamu,0,6,50,300,31.63,189.8,110.2,,,,,,
6/9/2026,12:10:01,Azam-Cola-300ML,,Vinywaji,6.20301E+12,1,600,600,423.55,423.55,176.45,,,,,,
6/9/2026,12:10:01,Winston(R),,Sigara & RIZLA,0,3,166.67,500,130.53,391.58,108.42,,,,,,
6/9/2026,12:10:01,Winston(R),,Sigara & RIZLA,0,1,200,200,130.53,130.53,69.47,,,,,,
6/9/2026,13:35:10,Uhai(W)-1.6L,,Vinywaji,6.20301E+12,1,800,800,498.15,498.15,301.85,,,,,,
6/9/2026,13:35:10,Sembe-25kg,,Nafaka,0,0.5,"1,500.00",750,"1,180.00",590,160,,,,,,
6/9/2026,13:35:10,Diclopar-550mg,,Afya,0,3,100,300,60,180,120,,,,,,
6/9/2026,14:31:42,Smart Gin-200ML,,Vinywaji,6.20301E+12,0.5,"2,000.00","1,000.00","1,744.28",872.14,127.86,,,,,,
6/9/2026,14:31:42,Jobo-200ML,,Vinywaji,6.20304E+12,1,"2,000.00","2,000.00","1,723.96","1,723.96",276.04,,,,,,
6/9/2026,22:43:18,Jambo:Bolibo-300ml,,Vinywaji,6.203E+12,3,600,"1,800.00",428.57,"1,285.71",514.29,,,,,,
6/9/2026,22:43:18,Konyagi(S)- 200ML,,Vinywaji,6.20301E+12,3,"4,500.00","13,500.00","3,523.81","10,571.43","2,928.57",,,,,,
6/9/2026,22:43:18,Azam-Cola-300ML,,Vinywaji,6.20301E+12,2,600,"1,200.00",423.55,847.1,352.9,,,,,,
6/9/2026,22:43:18,Uhai(W)-1.6L,,Vinywaji,6.20301E+12,3,800,"2,400.00",498.15,"1,494.44",905.56,,,,,,
6/9/2026,22:43:18,Smart Gin-200ML,,Vinywaji,6.20301E+12,3,"2,000.00","6,000.00","1,744.28","5,232.84",767.16,,,,,,
6/9/2026,22:43:18,Jobo-200ML,,Vinywaji,6.20304E+12,1.5,"2,000.00","3,000.00","1,723.96","2,585.94",414.06,,,,,,
6/9/2026,22:43:18,Sembe-25kg,,Nafaka,0,0.3,"1,500.00",375,"1,180.00",295,80,,,,,,
6/9/2026,22:43:18,Master(K),,Sigara & RIZLA,0,6,150,900,100.76,604.58,295.42,,,,,,
6/9/2026,22:43:18,Winston(R),,Sigara & RIZLA,0,55,200,"11,000.00",130.53,"7,178.95","3,821.05",,,,,,
6/9/2026,22:43:18,Embassy,,Sigara & RIZLA,0,2,400,800,278.03,556.06,243.94,,,,,,
6/9/2026,22:43:18,Mayai@Kizungu,,Viungo,0,3,350,"1,050.00",266.67,800,250,,,,,,
6/9/2026,22:43:18,"Tamu : Bakery Skonzi-4pcs@1,600",,Nafaka,0,2,500,"1,000.00",400,800,200,,,,,,
6/9/2026,22:43:18,"Tamu : Bakery Maandazi-12pcs@5,000",,Nafaka,0,1,500,500,416.67,416.67,83.33,,,,,,
6/9/2026,22:43:18,Pipi/Bigijii@100,,Vitamu,0,5,100,500,59.76,298.78,201.22,,,,,,
6/9/2026,22:43:18,Nyota/Kali,,Sigara & RIZLA,0,18,150,"2,700.00",85.48,"1,538.60","1,161.40",,,,,,
6/9/2026,22:43:18,Jambo:Cocopine-300ml,,Vinywaji,6.203E+12,2,600,"1,200.00",417.29,834.58,365.42,,,,,,
6/9/2026,22:43:18,Mafuta/Kupikia-20L,,Viungo,0,0.5,"6,000.00","3,000.00","4,060.98","2,030.49",969.51,,,,,,
6/9/2026,22:43:18,Ngano-25kg,,Nafaka,0,0.3,"2,000.00",500,"1,507.14",376.79,123.21,,,,,,
6/9/2026,22:43:18,Mshumaa,,Jikoni,6.203E+12,1,500,500,277.78,277.78,222.22,,,,,,
6/9/2026,22:43:18,Niceone-180g,,Usafi:Jumla,6.20302E+12,1,500,500,417.5,417.5,82.5,,,,,,
6/9/2026,22:43:18,Robin-Thread,,Usafi:Binafsi,0,1,"1,500.00","1,500.00","1,000.00","1,000.00",500,,,,,,
6/9/2026,22:43:18,Pipi/Bigijii@50,,Vitamu,0,18,50,900,31.63,569.39,330.61,,,,,,
6/9/2026,22:43:18,U-Fresh Glass (Mango)-120ML,,Vinywaji,0,3,200,600,160.71,482.14,117.86,,,,,,
6/9/2026,22:43:18,Diclopar-550mg,,Afya,0,4,100,400,60,240,160,,,,,,
6/9/2026,22:43:18,Mosquito :COIL,,Afya,0,1,250,250,140,140,110,,,,,,
6/9/2026,22:43:18,Uhai(W)-1L,,Vinywaji,6.20301E+12,1,600,600,417.49,417.49,182.51,,,,,,
6/9/2026,22:43:51,Jambo:Bolibo-300ml,,Vinywaji,6.203E+12,3,600,"1,800.00",428.57,"1,285.71",514.29,,,,,,
6/9/2026,22:43:51,Konyagi(S)- 200ML,,Vinywaji,6.20301E+12,3,"4,500.00","13,500.00","3,523.81","10,571.43","2,928.57",,,,,,
6/9/2026,22:43:51,Azam-Cola-300ML,,Vinywaji,6.20301E+12,2,600,"1,200.00",423.55,847.1,352.9,,,,,,
6/9/2026,22:43:51,Uhai(W)-1.6L,,Vinywaji,6.20301E+12,3,800,"2,400.00",498.15,"1,494.44",905.56,,,,,,
6/9/2026,22:43:51,Smart Gin-200ML,,Vinywaji,6.20301E+12,3,"2,000.00","6,000.00","1,744.28","5,232.84",767.16,,,,,,
6/9/2026,22:43:51,Jobo-200ML,,Vinywaji,6.20304E+12,1.5,"2,000.00","3,000.00","1,723.96","2,585.94",414.06,,,,,,
6/9/2026,22:43:51,Sembe-25kg,,Nafaka,0,0.3,"1,500.00",375,"1,180.00",295,80,,,,,,
6/9/2026,22:43:51,Master(K),,Sigara & RIZLA,0,6,150,900,100.76,604.58,295.42,,,,,,
6/9/2026,22:43:51,Winston(R),,Sigara & RIZLA,0,55,200,"11,000.00",130.53,"7,178.95","3,821.05",,,,,,
6/9/2026,22:43:51,Embassy,,Sigara & RIZLA,0,2,400,800,278.03,556.06,243.94,,,,,,
6/9/2026,22:43:51,Mayai@Kizungu,,Viungo,0,3,350,"1,050.00",266.67,800,250,,,,,,
6/9/2026,22:43:51,"Tamu : Bakery Skonzi-4pcs@1,600",,Nafaka,0,2,500,"1,000.00",400,800,200,,,,,,
6/9/2026,22:43:51,"Tamu : Bakery Maandazi-12pcs@5,000",,Nafaka,0,1,500,500,416.67,416.67,83.33,,,,,,
6/9/2026,22:43:51,Pipi/Bigijii@100,,Vitamu,0,5,100,500,59.76,298.78,201.22,,,,,,
6/9/2026,22:43:51,Nyota/Kali,,Sigara & RIZLA,0,18,150,"2,700.00",85.48,"1,538.60","1,161.40",,,,,,
6/9/2026,22:43:51,Jambo:Cocopine-300ml,,Vinywaji,6.203E+12,2,600,"1,200.00",417.29,834.58,365.42,,,,,,
6/9/2026,22:43:51,Mafuta/Kupikia-20L,,Viungo,0,0.5,"6,000.00","3,000.00","4,060.98","2,030.49",969.51,,,,,,
6/9/2026,22:43:51,Ngano-25kg,,Nafaka,0,0.3,"2,000.00",500,"1,507.14",376.79,123.21,,,,,,
6/9/2026,22:43:51,Mshumaa,,Jikoni,6.203E+12,1,500,500,277.78,277.78,222.22,,,,,,
6/9/2026,22:43:51,Niceone-180g,,Usafi:Jumla,6.20302E+12,1,500,500,417.5,417.5,82.5,,,,,,
6/9/2026,22:43:51,Robin-Thread,,Usafi:Binafsi,0,1,"1,500.00","1,500.00","1,000.00","1,000.00",500,,,,,,
6/9/2026,22:43:51,Pipi/Bigijii@50,,Vitamu,0,18,50,900,31.63,569.39,330.61,,,,,,
6/9/2026,22:43:51,U-Fresh Glass (Mango)-120ML,,Vinywaji,0,3,200,600,160.71,482.14,117.86,,,,,,
6/9/2026,22:43:51,Diclopar-550mg,,Afya,0,4,100,400,60,240,160,,,,,,
6/9/2026,22:43:51,Mosquito :COIL,,Afya,0,1,250,250,140,140,110,,,,,,
6/9/2026,22:43:51,Uhai(W)-1L,,Vinywaji,6.20301E+12,1,600,600,417.49,417.49,182.51,,,,,,
6/9/2026,22:57:09,Nyota/Kali,,Sigara & RIZLA,0,6,150,900,85.48,512.87,387.13,,,,,,
6/9/2026,22:57:09,Embassy,,Sigara & RIZLA,0,1,400,400,278.03,278.03,121.97,,,,,,
6/9/2026,22:57:09,Portsman,,Sigara & RIZLA,0,2,300,600,220.88,441.76,158.24,,,,,,
6/9/2026,22:57:09,Winston(R),,Sigara & RIZLA,0,1,200,200,130.18,130.18,69.82,,,,,,
6/9/2026,22:57:09,Winston(R),,Sigara & RIZLA,0,4,200,800,130.53,522.11,277.89,,,,,,
6/9/2026,22:57:09,Pepsi : 350ml,,Vinywaji,0,1,700,700,500,500,200,,,,,,
6/10/2026,18:02:57,Smart Gin-200ML,,Vinywaji,6.20301E+12,0.5,"2,000.00","1,000.00","1,744.28",872.14,127.86,,,,,,
6/10/2026,18:02:57,Azam-Cola-300ML,,Vinywaji,6.20301E+12,1,600,600,423.55,423.55,176.45,,,,,,
6/10/2026,18:02:57,Fanta-Orange : 350mL,,Vinywaji,0,1,800,800,558.33,558.33,241.67,,,,,,
6/10/2026,18:02:57,Sembe-25kg,,Nafaka,0,4.3,"1,500.00","6,375.00","1,180.00","5,015.00","1,360.00",,,,,,
6/10/2026,18:02:57,Niceone-400g,,Usafi:Jumla,6.20302E+12,1,"1,000.00","1,000.00",837.5,837.5,162.5,,,,,,
6/10/2026,18:02:57,Ngano-25kg,,Nafaka,0,2,"2,000.00","4,000.00","1,507.14","3,014.29",985.71,,,,,,
6/10/2026,18:02:57,Pipi/Bigijii@50,,Vitamu,0,18,50,900,31.63,569.39,330.61,,,,,,
6/10/2026,18:02:57,Tambi-25kg (Kupima),,Nafaka,0,0.5,"2,800.00","1,400.00","2,140.00","1,070.00",330,,,,,,
6/10/2026,18:02:57,Neel-Salt-500g,,Viungo,6.20301E+12,1,500,500,287.5,287.5,212.5,,,,,,
6/10/2026,18:02:57,Pipi/Bigijii@100,,Vitamu,0,5,100,500,59.76,298.78,201.22,,,,,,
6/10/2026,18:02:57,UDI : STIKI,,Usafi:Binafsi,0,7,50,350,23.81,166.67,183.33,,,,,,
6/10/2026,18:02:57,Portsman,,Sigara & RIZLA,0,2,300,600,220.88,441.76,158.24,,,,,,
6/10/2026,18:02:57,Mayai@Kizungu,,Viungo,0,3,350,"1,050.00",266.67,800,250,,,,,,
6/10/2026,18:02:57,Kiwembe : RK,,Usafi:Binafsi,0,1,100,100,60,60,40,,,,,,
6/10/2026,18:02:57,Mafuta/Kupikia-20L,,Viungo,0,1,"6,000.00","6,000.00","4,060.98","4,060.98","1,939.02",,,,,,
6/10/2026,19:10:33,Sembe-25kg,,Nafaka,0,0.5,"1,500.00",750,"1,180.00",590,160,,,,,,
6/10/2026,19:25:19,Sembe-25kg,,Nafaka,0,0.5,"1,500.00",750,"1,180.00",590,160,,,,,,
6/10/2026,19:25:19,Portsman,,Sigara & RIZLA,0,5,300,"1,500.00",220.88,"1,104.41",395.59,,,,,,
6/10/2026,22:38:24,Jambo:Cocopine-300ml,,Vinywaji,6.203E+12,3,600,"1,800.00",417.29,"1,251.87",548.13,,,,,,
6/10/2026,22:38:24,K-vant(S)-250ML,,Vinywaji,6.203E+12,1,"4,500.00","4,500.00","3,340.74","3,340.74","1,159.26",,,,,,
6/10/2026,22:38:24,Ngano-25kg,,Nafaka,0,1.5,"2,000.00","3,000.00","1,507.14","2,260.71",739.29,,,,,,
6/10/2026,22:38:24,Diclopar-550mg,,Afya,0,4,100,400,60,240,160,,,,,,
6/10/2026,22:38:24,Mosquito :COIL,,Afya,0,1,250,250,140,140,110,,,,,,
6/10/2026,22:38:24,Sembe-25kg,,Nafaka,0,0.3,"1,500.00",375,"1,180.00",295,80,,,,,,
6/10/2026,22:38:24,Mafuta/Kupikia-20L,,Viungo,0,0.5,"6,000.00","3,000.00","4,060.98","2,030.49",969.51,,,,,,
6/10/2026,22:38:24,Mirinda-Black : 350ml,,Vinywaji,0,1,700,700,500,500,200,,,,,,
6/10/2026,22:38:24,Mirinda-600mL,,Vinywaji,6.2011E+12,1,"1,200.00","1,200.00",830.3,830.3,369.7,,,,,,
6/10/2026,22:38:24,Mayai@Kizungu,,Viungo,0,6,333.33,"2,000.00",266.67,"1,600.00",400,,,,,,
6/10/2026,22:38:24,Pipi/Bigijii@100,,Vitamu,0,29,100,"2,900.00",59.76,"1,732.93","1,167.07",,,,,,
6/10/2026,22:38:24,Pipi/Bigijii@50,,Vitamu,0,13,50,650,31.63,411.22,238.78,,,,,,
6/10/2026,22:44:33,Mayai@Kizungu,,Viungo,0,6,350,"2,100.00",266.67,"1,600.00",500,,,,,,
6/10/2026,23:08:03,Niceone-400g,,Usafi:Jumla,6.20302E+12,1,"1,000.00","1,000.00",837.5,837.5,162.5,,,,,,
6/11/2026,10:17:51,Niceone-400g,,Usafi:Jumla,6.20302E+12,1,"1,000.00","1,000.00",837.5,837.5,162.5,,,,,,
6/11/2026,10:17:51,Embassy,,Sigara & RIZLA,0,1,400,400,278.03,278.03,121.97,,,,,,
6/11/2026,10:17:51,Neel-Salt-200g,,Viungo,6.20301E+12,1,300,300,166.67,166.67,133.33,,,,,,
6/11/2026,10:17:51,Tamu : Bakery Mkate-1pcs@800,,Nafaka,0,2,"1,000.00","2,000.00",800,"1,600.00",400,,,,,,
6/11/2026,10:17:51,Mirinda-Black : 350ml,,Vinywaji,0,2,700,"1,400.00",500,"1,000.00",400,,,,,,
6/11/2026,10:17:51,Sukari(Kupima) - 50kg,,Viungo,0,0.5,"3,000.00","1,500.00","2,360.00","1,180.00",320,,,,,,
6/11/2026,10:17:51,Mayai@Kizungu,,Viungo,0,3,333.33,"1,000.00",266.67,800,200,,,,,,
6/11/2026,10:18:36,Niceone-400g,,Usafi:Jumla,6.20302E+12,1,"1,000.00","1,000.00",837.5,837.5,162.5,,,,,,
6/11/2026,10:18:36,Embassy,,Sigara & RIZLA,0,1,400,400,278.03,278.03,121.97,,,,,,
6/11/2026,10:18:36,Neel-Salt-200g,,Viungo,6.20301E+12,1,300,300,166.67,166.67,133.33,,,,,,
6/11/2026,10:18:36,Tamu : Bakery Mkate-1pcs@800,,Nafaka,0,2,"1,000.00","2,000.00",800,"1,600.00",400,,,,,,
6/11/2026,10:18:36,Mirinda-Black : 350ml,,Vinywaji,0,2,700,"1,400.00",500,"1,000.00",400,,,,,,
6/11/2026,10:18:36,Sukari(Kupima) - 50kg,,Viungo,0,0.5,"3,000.00","1,500.00","2,360.00","1,180.00",320,,,,,,
6/11/2026,10:18:36,Mayai@Kizungu,,Viungo,0,3,333.33,"1,000.00",266.67,800,200,,,,,,
6/11/2026,12:14:40,Jambo:Cocopine-300ml,,Vinywaji,6.203E+12,1,600,600,417.29,417.29,182.71,,,,,,
6/11/2026,12:14:40,Fanta-Orange : 350mL,,Vinywaji,0,1,800,800,558.33,558.33,241.67,,,,,,
6/11/2026,12:14:40,Winston(R),,Sigara & RIZLA,0,16,200,"3,200.00",130.53,"2,088.42","1,111.58",,,,,,
6/11/2026,12:14:40,Portsman,,Sigara & RIZLA,0,1,300,300,220.88,220.88,79.12,,,,,,
6/11/2026,12:14:40,Master(R),,Sigara & RIZLA,0,4,150,600,104.65,418.61,181.39,,,,,,
6/11/2026,13:05:18,Pepsi : 350ml,,Vinywaji,0,2,700,"1,400.00",500,"1,000.00",400,,,,,,
6/11/2026,13:05:18,"Tamu : Bakery Skonzi-4pcs@1,600",,Nafaka,0,1,500,500,400,400,100,,,,,,
6/11/2026,13:06:22,Pepsi : 350ml,,Vinywaji,0,2,700,"1,400.00",500,"1,000.00",400,,,,,,
6/11/2026,13:06:22,"Tamu : Bakery Skonzi-4pcs@1,600",,Nafaka,0,1,500,500,400,400,100,,,,,,
6/11/2026,13:35:00,Robin-Thread,,Usafi:Binafsi,0,1,"1,500.00","1,500.00","1,000.00","1,000.00",500,,,,,,
6/11/2026,13:35:00,Pipi/Bigijii@50,,Vitamu,0,4,50,200,31.63,126.53,73.47,,,,,,
6/11/2026,13:35:00,Mayai@Kizungu,,Viungo,0,6,333.33,"2,000.00",266.67,"1,600.00",400,,,,,,
6/11/2026,13:35:00,Mafuta/Kupikia-20L,,Viungo,0,1.5,"6,000.00","9,000.00","4,060.98","6,091.46","2,908.54",,,,,,
6/11/2026,14:49:45,Jambo:Cocopine-300ml,,Vinywaji,6.203E+12,2,600,"1,200.00",417.29,834.58,365.42,,,,,,
6/11/2026,14:49:45,Ngano-25kg,,Nafaka,0,0.3,"2,000.00",500,"1,507.14",376.79,123.21,,,,,,
6/11/2026,14:49:45,Mayai@Kizungu,,Viungo,0,3,333.33,"1,000.00",266.67,800,200,,,,,,
6/11/2026,16:22:55,Uhai(W)-1L,,Vinywaji,6.20301E+12,1,600,600,417.49,417.49,182.51,,,,,,
6/11/2026,16:22:55,Sembe-25kg,,Nafaka,0,0.5,"1,500.00",750,"1,180.00",590,160,,,,,,
6/11/2026,19:23:56,Niceone-180g,,Usafi:Jumla,6.20302E+12,1,500,500,417.5,417.5,82.5,,,,,,
6/11/2026,19:23:56,Mafuta/Kupikia-20L,,Viungo,0,2,"6,000.00","12,000.00","4,060.98","8,121.95","3,878.05",,,,,,
6/11/2026,19:23:56,Azam-Malt-300ML,,Vinywaji,6.00964E+12,1,700,700,496.79,496.79,203.21,,,,,,
6/11/2026,19:23:56,Mayai@Kizungu,,Viungo,0,3,350,"1,050.00",266.67,800,250,,,,,,
6/11/2026,19:23:56,Sembe-25kg,,Nafaka,0,1,"1,500.00","1,500.00","1,180.00","1,180.00",320,,,,,,
6/11/2026,19:23:56,Azam-Cola-300ML,,Vinywaji,6.20301E+12,3,600,"1,800.00",423.55,"1,270.65",529.35,,,,,,
6/11/2026,19:23:56,Pipi/Bigijii@100,,Vitamu,0,16,100,"1,600.00",59.76,956.1,643.9,,,,,,
6/11/2026,19:23:56,Pipi/Bigijii@50,,Vitamu,0,18,50,900,31.63,569.39,330.61,,,,,,
6/11/2026,19:45:58,Mafuta/Kupikia-20L,,Viungo,0,0.5,"6,000.00","3,000.00","4,060.98","2,030.49",969.51,,,,,,
6/11/2026,19:45:58,Sembe-25kg,,Nafaka,0,3,"1,500.00","4,500.00","1,180.00","3,540.00",960,,,,,,
6/11/2026,20:38:09,Mosquito :COIL,,Afya,0,13,250,"3,250.00",140,"1,820.00","1,430.00",,,,,,
6/11/2026,20:38:09,Sukari(Kupima) - 50kg,,Viungo,0,0.5,"3,000.00","1,500.00","2,360.00","1,180.00",320,,,,,,
6/11/2026,20:38:09,Mshumaa,,Jikoni,6.203E+12,1,500,500,277.78,277.78,222.22,,,,,,
6/11/2026,20:38:09,Jambo:Bolibo-300ml,,Vinywaji,6.203E+12,1,600,600,428.57,428.57,171.43,,,,,,
6/11/2026,20:38:09,Jambo:Cocopine-300ml,,Vinywaji,6.203E+12,1,600,600,417.29,417.29,182.71,,,,,,
6/11/2026,20:38:09,Niceone-180g,,Usafi:Jumla,6.20302E+12,8,500,"4,000.00",417.5,"3,340.00",660,,,,,,
6/11/2026,20:38:09,Winston(R),,Sigara & RIZLA,0,5,200,"1,000.00",130.53,652.63,347.37,,,,,,
6/11/2026,21:02:05,Azam-Cola-300ML,,Vinywaji,6.20301E+12,1,600,600,423.55,423.55,176.45,,,,,,
6/11/2026,21:02:05,Embassy,,Sigara & RIZLA,0,1,400,400,278.03,278.03,121.97,,,,,,
6/11/2026,21:02:05,Mirinda-Black : 350ml,,Vinywaji,0,1,700,700,500,500,200,,,,,,
6/11/2026,21:02:05,Pipi/Bigijii@50,,Vitamu,0,12,50,600,31.63,379.59,220.41,,,,,,
6/11/2026,21:59:17,Jambo:Bolibo-300ml,,Vinywaji,6.203E+12,2,600,"1,200.00",428.57,857.14,342.86,,,,,,
6/11/2026,21:59:17,Winston(R),,Sigara & RIZLA,0,7,200,"1,400.00",130.53,913.68,486.32,,,,,,
6/11/2026,21:59:17,Nyota/Kali,,Sigara & RIZLA,0,1,150,150,85.48,85.48,64.52,,,,,,
6/11/2026,21:59:17,Master(K),,Sigara & RIZLA,0,2,150,300,100.76,201.53,98.47,,,,,,
6/11/2026,22:39:20,Embassy,,Sigara & RIZLA,0,1,400,400,278.03,278.03,121.97,,,,,,
6/11/2026,22:39:20,Winston(R),,Sigara & RIZLA,0,12,200,"2,400.00",130.53,"1,566.32",833.68,,,,,,
6/11/2026,22:39:20,Uhai(W)-1L,,Vinywaji,6.20301E+12,1,600,600,417.49,417.49,182.51,,,,,,
6/11/2026,22:39:20,Nyota/Kali,,Sigara & RIZLA,0,7,150,"1,050.00",85.48,598.35,451.65,,,,,,
6/11/2026,23:01:34,Jambo:Cocopine-300ml,,Vinywaji,6.203E+12,1,600,600,417.29,417.29,182.71,,,,,,
6/11/2026,23:01:34,Jambo:Bolibo-300ml,,Vinywaji,6.203E+12,1,600,600,428.57,428.57,171.43,,,,,,
6/11/2026,23:01:34,Niceone-180g,,Usafi:Jumla,6.20302E+12,1,500,500,417.5,417.5,82.5,,,,,,
6/11/2026,23:01:34,Mosquito :COIL,,Afya,0,3,250,750,140,420,330,,,,,,
6/11/2026,23:13:41,"Tamu : Bakery Skonzi-4pcs@1,600",,Nafaka,0,2,500,"1,000.00",400,800,200,,,,,,
6/11/2026,23:13:41,"Tamu : Bakery Maandazi-12pcs@5,000",,Nafaka,0,1,500,500,416.67,416.67,83.33,,,,,,
6/11/2026,23:13:41,Jambo:Cocopine-300ml,,Vinywaji,6.203E+12,1,600,600,417.29,417.29,182.71,,,,,,
6/11/2026,23:13:41,Mayai@Kizungu,,Viungo,0,1,350,350,266.67,266.67,83.33,,,,,,
6/12/2026,10:01:09,Sukari(Kupima) - 50kg,,Viungo,0,1.5,"3,000.00","4,500.00","2,360.00","3,540.00",960,,,,,,
6/12/2026,10:01:09,Niceone-180g,,Usafi:Jumla,6.20302E+12,1,500,500,417.5,417.5,82.5,,,,,,
6/12/2026,10:01:09,Azam-Cola-300ML,,Vinywaji,6.20301E+12,2,600,"1,200.00",423.55,847.1,352.9,,,,,,
6/12/2026,10:01:09,Winston(R),,Sigara & RIZLA,0,11,200,"2,200.00",130.53,"1,435.79",764.21,,,,,,
6/12/2026,10:01:09,Nyota/Kali,,Sigara & RIZLA,0,3,150,450,85.48,256.43,193.57,,,,,,
6/12/2026,10:01:09,Ngano-25kg,,Nafaka,0,0.8,"2,000.00","1,500.00","1,507.14","1,130.36",369.64,,,,,,
6/12/2026,17:02:56,Mayai@Kizungu,,Viungo,0,6,333.33,"2,000.00",266.67,"1,600.00",400,,,,,,
6/12/2026,17:02:56,Smart Gin-200ML,,Vinywaji,6.20301E+12,1,"2,000.00","2,000.00","1,744.28","1,744.28",255.72,,,,,,
6/12/2026,17:02:56,Winston(R),,Sigara & RIZLA,0,3,200,600,130.53,391.58,208.42,,,,,,
6/12/2026,19:18:35,Fanta-Orange-600ML,,Vinywaji,5.449E+12,1,"1,000.00","1,000.00",833.33,833.33,166.67,,,,,,
6/12/2026,19:18:35,Mshumaa,,Jikoni,6.203E+12,1,500,500,277.78,277.78,222.22,,,,,,
6/12/2026,19:18:35,Winston(R),,Sigara & RIZLA,0,1,200,200,130.53,130.53,69.47,,,,,,
6/12/2026,19:18:35,Tambi-25kg (Kupima),,Nafaka,0,1,"2,800.00","2,800.00","2,140.00","2,140.00",660,,,,,,
6/12/2026,19:18:35,K-vant(S)-250ML,,Vinywaji,6.203E+12,1,"4,500.00","4,500.00","3,340.74","3,340.74","1,159.26",,,,,,
6/12/2026,19:18:35,Mafuta/Kupikia-20L,,Viungo,0,1,"6,000.00","6,000.00","4,060.98","4,060.98","1,939.02",,,,,,
6/12/2026,19:18:35,Jambo:Bolibo-300ml,,Vinywaji,6.203E+12,1,600,600,428.57,428.57,171.43,,,,,,
6/12/2026,19:18:35,Pipi/Bigijii@50,,Vitamu,0,4,50,200,31.63,126.53,73.47,,,,,,
6/12/2026,19:18:35,Sembe-25kg,,Nafaka,0,1,"1,500.00","1,500.00","1,180.00","1,180.00",320,,,,,,
6/12/2026,19:42:05,RIZLA,,Sigara & RIZLA,0,2,800,"1,600.00",550,"1,100.00",500,,,,,,
6/12/2026,19:42:05,Smart Gin-200ML,,Vinywaji,6.20301E+12,1,"2,000.00","2,000.00","1,744.28","1,744.28",255.72,,,,,,
6/12/2026,19:42:05,Mosquito :COIL,,Afya,0,2,250,500,140,280,220,,,,,,
6/12/2026,20:54:20,Paracetamol - 500mg,,Afya,0,22,50,"1,100.00",30,660,440,,,,,,
6/12/2026,20:54:20,Mayai@Kizungu,,Viungo,0,3,333.33,"1,000.00",266.67,800,200,,,,,,
6/12/2026,20:54:20,Pipi/Bigijii@50,,Vitamu,0,6,50,300,31.63,189.8,110.2,,,,,,
6/12/2026,21:49:50,Pepsi : 600ML,,Vinywaji,6.2011E+12,1,"1,200.00","1,200.00",800,800,400,,,,,,
6/12/2026,21:49:50,Mirinda-Black : 350ml,,Vinywaji,0,2,700,"1,400.00",500,"1,000.00",400,,,,,,
6/12/2026,22:20:14,Ngano-25kg,,Nafaka,0,1.5,"2,000.00","3,000.00","1,507.14","2,260.71",739.29,,,,,,
6/12/2026,22:20:14,Winston(R),,Sigara & RIZLA,0,5,200,"1,000.00",130.53,652.63,347.37,,,,,,
6/12/2026,22:20:14,Smart Gin-200ML,,Vinywaji,6.20301E+12,1,"2,000.00","2,000.00","1,744.28","1,744.28",255.72,,,,,,
6/12/2026,22:20:14,Sembe-25kg,,Nafaka,0,0.5,"1,500.00",750,"1,180.00",590,160,,,,,,
6/12/2026,22:20:14,Kiwembe : Dorco,,Usafi:Binafsi,8.80104E+12,1,200,200,85,85,115,,,,,,
6/12/2026,22:41:15,Uhai(W)-1.6L,,Vinywaji,6.20301E+12,1,800,800,498.15,498.15,301.85,,,,,,
6/12/2026,22:41:15,Azam-Cola-300ML,,Vinywaji,6.20301E+12,1,600,600,423.55,423.55,176.45,,,,,,
6/12/2026,22:41:15,Dodoki : Mkono,,Usafi:Binafsi,0,1,"1,000.00","1,000.00",666.67,666.67,333.33,,,,,,
6/13/2026,8:24:04,Ngano-25kg,,Nafaka,0,1,"2,000.00","2,000.00","1,507.14","1,507.14",492.86,,,,,,
6/13/2026,8:24:04,Mafuta/Kupikia-20L,,Viungo,0,1,"6,000.00","6,000.00","4,060.98","4,060.98","1,939.02",,,,,,
6/13/2026,8:24:04,Uhai(W)-1L,,Vinywaji,6.20301E+12,1,600,600,417.49,417.49,182.51,,,,,,
6/13/2026,8:24:04,Sukari(Kupima) - 50kg,,Viungo,0,0.5,"3,000.00","1,500.00","2,360.00","1,180.00",320,,,,,,
6/13/2026,8:24:04,Niceone-400g,,Usafi:Jumla,6.20302E+12,1,"1,000.00","1,000.00",837.5,837.5,162.5,,,,,,
6/13/2026,8:24:04,Winston(R),,Sigara & RIZLA,0,16,200,"3,200.00",130.53,"2,088.42","1,111.58",,,,,,
6/13/2026,9:22:33,Pipi/Bigijii@50,,Vitamu,0,10,50,500,31.63,316.33,183.67,,,,,,
6/13/2026,10:55:27,Sembe-25kg,,Nafaka,0,0.5,"1,500.00",750,"1,180.00",590,160,,,,,,
6/13/2026,10:55:27,Pipi/Bigijii@50,,Vitamu,0,33,50,"1,650.00",31.63,"1,043.88",606.12,,,,,,
6/13/2026,10:55:27,Winston(R),,Sigara & RIZLA,0,3,166.67,500,130.53,391.58,108.42,,,,,,
6/13/2026,10:55:27,Embassy,,Sigara & RIZLA,0,1,400,400,278.03,278.03,121.97,,,,,,
6/13/2026,10:55:27,Double(KK)-200ml,,Vinywaji,6.20301E+12,1.5,"2,000.00","3,000.00","1,794.67","2,692.00",308,,,,,,
6/13/2026,12:03:19,Sembe-25kg,,Nafaka,0,1,"1,500.00","1,500.00","1,180.00","1,180.00",320,,,,,,
6/13/2026,12:03:19,Mafuta/Kupikia-20L,,Viungo,0,1,"6,000.00","6,000.00","4,060.98","4,060.98","1,939.02",,,,,,
6/13/2026,12:03:19,Jambo:Bolibo-300ml,,Vinywaji,6.203E+12,1,600,600,428.57,428.57,171.43,,,,,,
6/13/2026,12:03:19,Smart Gin-200ML,,Vinywaji,6.20301E+12,1,"2,000.00","2,000.00","1,744.28","1,744.28",255.72,,,,,,
6/13/2026,13:01:57,Jambo:Cocopine-300ml,,Vinywaji,6.203E+12,1,600,600,417.29,417.29,182.71,,,,,,
6/13/2026,13:01:57,Jambo:Lemon-300ml,,Vinywaji,0,1,600,600,433.33,433.33,166.67,,,,,,
6/13/2026,16:01:06,Master(R),,Sigara & RIZLA,0,13,150,"1,950.00",104.65,"1,360.49",589.51,,,,,,
6/13/2026,16:01:06,Master(K),,Sigara & RIZLA,0,6,150,900,100.76,604.58,295.42,,,,,,
6/13/2026,18:18:45,Azam-Malt-300ML,,Vinywaji,6.00964E+12,1,700,700,496.79,496.79,203.21,,,,,,
6/13/2026,18:18:45,Mayai@Kizungu,,Viungo,0,6,333.33,"2,000.00",266.67,"1,600.00",400,,,,,,
6/13/2026,18:18:45,Jambo:Cocopine-300ml,,Vinywaji,6.203E+12,1,600,600,417.29,417.29,182.71,,,,,,
6/13/2026,18:35:55,Double(KK)-200ml,,Vinywaji,6.20301E+12,0.5,"2,000.00","1,000.00","1,794.67",897.33,102.67,,,,,,
6/13/2026,19:48:27,Winston(R),,Sigara & RIZLA,0,14,200,"2,800.00",130.53,"1,827.37",972.63,,,,,,
6/13/2026,19:48:27,Jambo:Cocopine-300ml,,Vinywaji,6.203E+12,1,600,600,417.29,417.29,182.71,,,,,,
6/13/2026,20:59:37,Double(KK)-200ml,,Vinywaji,6.20301E+12,0.3,"2,000.00",500,"1,794.67",448.67,51.33,,,,,,
6/13/2026,20:59:37,K-vant(L)- 750ML,,Vinywaji,6.204E+12,1,"12,000.00","12,000.00","9,574.67","9,574.67","2,425.33",,,,,,
6/13/2026,20:59:37,Mayai@Kizungu,,Viungo,0,5,350,"1,750.00",266.67,"1,333.33",416.67,,,,,,
6/13/2026,21:00:13,Double(KK)-200ml,,Vinywaji,6.20301E+12,0.3,"2,000.00",500,"1,794.67",448.67,51.33,,,,,,
6/13/2026,21:00:13,K-vant(L)- 750ML,,Vinywaji,6.204E+12,1,"12,000.00","12,000.00","9,574.67","9,574.67","2,425.33",,,,,,
6/13/2026,21:00:13,Mayai@Kizungu,,Viungo,0,5,350,"1,750.00",266.67,"1,333.33",416.67,,,,,,
6/13/2026,21:34:23,Nyota/Kali,,Sigara & RIZLA,0,3,150,450,85.48,256.43,193.57,,,,,,
6/13/2026,21:34:23,Azam-Cola-300ML,,Vinywaji,6.20301E+12,1,600,600,423.55,423.55,176.45,,,,,,
6/13/2026,21:34:23,Uhai(W)-1.6L,,Vinywaji,6.20301E+12,2,800,"1,600.00",498.15,996.3,603.7,,,,,,
6/13/2026,21:34:23,Winston(R),,Sigara & RIZLA,0,3,200,600,130.53,391.58,208.42,,,,,,
6/13/2026,22:00:59,Niceone-180g,,Usafi:Jumla,6.20302E+12,1,500,500,417.5,417.5,82.5,,,,,,
6/13/2026,22:00:59,Jambo:Lemon-300ml,,Vinywaji,0,1,600,600,433.33,433.33,166.67,,,,,,
6/13/2026,22:00:59,Azam-Cola-300ML,,Vinywaji,6.20301E+12,1,600,600,423.55,423.55,176.45,,,,,,
6/13/2026,22:00:59,K-vant(S)-250ML,,Vinywaji,6.203E+12,0.5,"4,500.00","2,250.00","3,340.74","1,670.37",579.63,,,,,,
6/13/2026,22:32:14,Jambo:Cocopine-300ml,,Vinywaji,6.203E+12,1,600,600,417.29,417.29,182.71,,,,,,
6/13/2026,22:32:14,Jambo:Bolibo-300ml,,Vinywaji,6.203E+12,1,600,600,428.57,428.57,171.43,,,,,,
6/13/2026,22:32:14,Azam-Malt-300ML,,Vinywaji,6.00964E+12,1,700,700,496.79,496.79,203.21,,,,,,
6/13/2026,22:32:14,Sembe-25kg,,Nafaka,0,0.8,"1,500.00","1,125.00","1,180.00",885,240,,,,,,
6/13/2026,22:32:14,Winston(R),,Sigara & RIZLA,0,3,166.67,500,130.53,391.58,108.42,,,,,,
6/13/2026,22:52:49,Nyota/Kali,,Sigara & RIZLA,0,2,150,300,85.48,170.96,129.04,,,,,,
6/13/2026,22:52:49,Embassy,,Sigara & RIZLA,0,1,400,400,278.03,278.03,121.97,,,,,,
6/13/2026,23:07:35,Jambo:Bolibo-300ml,,Vinywaji,6.203E+12,1,600,600,428.57,428.57,171.43,,,,,,
6/14/2026,19:43:23,Smart Gin-200ML,,Vinywaji,6.20301E+12,9.5,"2,000.00","19,000.00","1,744.28","16,570.65","2,429.35",,,,,,
6/14/2026,19:43:23,Winston(R),,Sigara & RIZLA,0,27,200,"5,400.00",130.53,"3,524.21","1,875.79",,,,,,
6/14/2026,19:43:23,Diclopar-550mg,,Afya,0,5,100,500,60,300,200,,,,,,
6/14/2026,19:43:23,Sembe-25kg,,Nafaka,0,3.3,"1,500.00","4,875.00","1,180.00","3,835.00","1,040.00",,,,,,
6/14/2026,19:43:23,K-vant(L)- 750ML,,Vinywaji,6.204E+12,1,"12,000.00","12,000.00","9,574.67","9,574.67","2,425.33",,,,,,
6/14/2026,19:43:23,Uhai(W)-1.6L,,Vinywaji,6.20301E+12,2,800,"1,600.00",498.15,996.3,603.7,,,,,,
6/14/2026,19:43:23,Mshumaa,,Jikoni,6.203E+12,2,500,"1,000.00",277.78,555.56,444.44,,,,,,
6/14/2026,19:43:23,Pepsi : 350ml,,Vinywaji,0,1,700,700,500,500,200,,,,,,
6/14/2026,19:43:23,Mafuta/Kupikia-20L,,Viungo,0,1.3,"6,000.00","7,500.00","4,060.98","5,076.22","2,423.78",,,,,,
6/14/2026,19:43:23,Mchele@2000,,Nafaka,0,3,"2,200.00","6,600.00","2,000.00","6,000.00",600,,,,,,
6/14/2026,19:43:23,Pepsi : 600ML,,Vinywaji,6.2011E+12,5,"1,200.00","6,000.00",800,"4,000.00","2,000.00",,,,,,
6/14/2026,19:43:23,Winston(R),,Sigara & RIZLA,0,6,200,"1,200.00",130.18,781.07,418.93,,,,,,
6/14/2026,19:43:23,Azam-Cola-300ML,,Vinywaji,6.20301E+12,5,600,"3,000.00",423.55,"2,117.75",882.25,,,,,,
6/14/2026,19:43:23,Niceone-180g,,Usafi:Jumla,6.20302E+12,1,500,500,417.5,417.5,82.5,,,,,,
6/14/2026,19:43:23,"Tamu : Bakery Maandazi-12pcs@5,000",,Nafaka,0,5,500,"2,500.00",416.67,"2,083.33",416.67,,,,,,
6/14/2026,19:43:23,K-vant(S)-250ML,,Vinywaji,6.203E+12,1,"4,500.00","4,500.00","3,340.74","3,340.74","1,159.26",,,,,,
6/14/2026,19:43:23,Jambo:Bolibo-300ml,,Vinywaji,6.203E+12,1,600,600,428.57,428.57,171.43,,,,,,
6/14/2026,19:43:23,Double(KK)-200ml,,Vinywaji,6.20301E+12,1,"2,000.00","2,000.00","1,794.67","1,794.67",205.33,,,,,,
6/14/2026,19:43:23,Mayai@Kizungu,,Viungo,0,7,350,"2,450.00",266.67,"1,866.67",583.33,,,,,,
6/14/2026,19:43:23,Pipi/Bigijii@50,,Vitamu,0,26,50,"1,300.00",31.63,822.45,477.55,,,,,,
6/14/2026,19:43:23,Pipi/Bigijii@100,,Vitamu,0,24,100,"2,400.00",59.76,"1,434.15",965.85,,,,,,
6/14/2026,19:43:23,Uhai(W)-1L,,Vinywaji,6.20301E+12,1,600,600,417.49,417.49,182.51,,,,,,
6/14/2026,19:43:23,Jambo:Cocopine-300ml,,Vinywaji,6.203E+12,1,600,600,417.29,417.29,182.71,,,,,,
6/14/2026,19:43:23,Nyota/Kali,,Sigara & RIZLA,0,7,150,"1,050.00",85.48,598.35,451.65,,,,,,
6/14/2026,19:43:23,Sukari(Kupima) - 50kg,,Viungo,0,1.3,"3,000.00","3,750.00","2,360.00","2,950.00",800,,,,,,
6/14/2026,19:43:23,Tamu : Bakery Mkate-1pcs@800,,Nafaka,0,1,"1,000.00","1,000.00",800,800,200,,,,,,
6/14/2026,19:43:23,Ngano-25kg,,Nafaka,0,2,"2,000.00","4,000.00","1,507.14","3,014.29",985.71,,,,,,
6/14/2026,19:43:23,UDI : STIKI,,Usafi:Binafsi,0,10,50,500,23.81,238.1,261.9,,,,,,
6/14/2026,19:57:36,Mafuta/Kupikia-20L,,Viungo,0,0.5,"6,000.00","3,000.00","4,060.98","2,030.49",969.51,,,,,,
6/14/2026,19:57:36,Uhai(W)-1.6L,,Vinywaji,6.20301E+12,1,800,800,498.15,498.15,301.85,,,,,,
6/14/2026,19:57:36,Pepsi : 600ML,,Vinywaji,6.2011E+12,2,"1,200.00","2,400.00",800,"1,600.00",800,,,,,,
6/14/2026,19:57:36,Sukari(Kupima) - 50kg,,Viungo,0,1,"3,000.00","3,000.00","2,360.00","2,360.00",640,,,,,,
6/14/2026,19:57:36,Mosquito :COIL,,Afya,0,11,250,"2,750.00",140,"1,540.00","1,210.00",,,,,,
6/14/2026,21:30:59,"Tamu : Bakery Maandazi-12pcs@5,000",,Nafaka,0,5,500,"2,500.00",416.67,"2,083.33",416.67,,,,,,
6/14/2026,21:30:59,Sparletta : 350mL,,Vinywaji,0,1,800,800,563,563,237,,,,,,
6/14/2026,21:30:59,Mosquito :COIL,,Afya,0,2,250,500,140,280,220,,,,,,
6/14/2026,21:30:59,Double(KK)-200ml,,Vinywaji,6.20301E+12,0.5,"2,000.00","1,000.00","1,794.67",897.33,102.67,,,,,,
6/14/2026,21:30:59,Tressa :Shampoo - 10ML,,Usafi:Binafsi,6.20305E+12,1,200,200,125,125,75,,,,,,
6/14/2026,21:30:59,Jambo:Bolibo-300ml,,Vinywaji,6.203E+12,1,600,600,428.57,428.57,171.43,,,,,,
6/14/2026,21:30:59,Sembe-25kg,,Nafaka,0,0.8,"1,500.00","1,125.00","1,180.00",885,240,,,,,,
6/14/2026,21:30:59,Embassy,,Sigara & RIZLA,0,1,400,400,278.03,278.03,121.97,,,,,,
6/14/2026,21:30:59,Pipi/Bigijii@50,,Vitamu,0,8,50,400,31.63,253.06,146.94,,,,,,
6/14/2026,21:30:59,Pipi/Bigijii@100,,Vitamu,0,3,100,300,59.76,179.27,120.73,,,,,,
6/14/2026,21:30:59,Sukari(Kupima) - 50kg,,Viungo,0,0.3,"3,000.00",750,"2,360.00",590,160,,,,,,
6/14/2026,21:30:59,Jambo:Lemon-300ml,,Vinywaji,0,2,600,"1,200.00",433.33,866.67,333.33,,,,,,
6/14/2026,21:30:59,Dalan- Soap-125g,,Usafi:Binafsi,0,1,"1,500.00","1,500.00","1,083.33","1,083.33",416.67,,,,,,
6/14/2026,21:30:59,Uhai(W)-1L,,Vinywaji,6.20301E+12,1,600,600,417.49,417.49,182.51,,,,,,
6/14/2026,22:38:12,Konyagi(S)- 200ML,,Vinywaji,6.20301E+12,1,"4,500.00","4,500.00","3,523.81","3,523.81",976.19,,,,,,
6/14/2026,22:38:12,Smart Gin-200ML,,Vinywaji,6.20301E+12,2,"2,000.00","4,000.00","1,744.28","3,488.56",511.44,,,,,,
6/14/2026,22:38:12,Uhai(W)-1L,,Vinywaji,6.20301E+12,1,600,600,417.49,417.49,182.51,,,,,,
6/14/2026,22:38:12,Embassy,,Sigara & RIZLA,0,4,400,"1,600.00",278.03,"1,112.12",487.88,,,,,,
6/14/2026,22:38:12,Niceone-180g,,Usafi:Jumla,6.20302E+12,1,500,500,417.5,417.5,82.5,,,,,,
6/15/2026,20:16:04,Azam-Cola-300ML,,Vinywaji,6.20301E+12,5,600,"3,000.00",423.55,"2,117.75",882.25,,,,,,
6/15/2026,20:16:04,Winston(R),,Sigara & RIZLA,0,29,200,"5,800.00",130.53,"3,785.26","2,014.74",,,,,,
6/15/2026,20:16:04,K-vant(S)-250ML,,Vinywaji,6.203E+12,1,"4,500.00","4,500.00","3,340.74","3,340.74","1,159.26",,,,,,
6/15/2026,20:16:04,Winston(R),,Sigara & RIZLA,0,9,166.67,"1,500.00",130.18,"1,171.61",328.39,,,,,,
6/15/2026,20:16:04,Mayai@Kizungu,,Viungo,0,12,333.33,"4,000.00",266.67,"3,200.00",800,,,,,,
6/15/2026,20:16:04,Double(KK)-200ml,,Vinywaji,6.20301E+12,2,"2,000.00","4,000.00","1,794.67","3,589.33",410.67,,,,,,
6/15/2026,20:16:04,Diclopar-550mg,,Afya,0,9,100,900,60,540,360,,,,,,
6/15/2026,20:16:04,Mirinda-600mL,,Vinywaji,6.2011E+12,1,"1,200.00","1,200.00",830.3,830.3,369.7,,,,,,
6/15/2026,20:16:04,Azam-Malt-300ML,,Vinywaji,6.00964E+12,1,700,700,496.79,496.79,203.21,,,,,,
6/15/2026,20:16:04,Uhai(W)-1.6L,,Vinywaji,6.20301E+12,1,800,800,498.15,498.15,301.85,,,,,,
6/15/2026,20:16:04,Niceone-400g,,Usafi:Jumla,6.20302E+12,1,"1,000.00","1,000.00",837.5,837.5,162.5,,,,,,
6/15/2026,20:16:04,Smart Gin-200ML,,Vinywaji,6.20301E+12,0.5,"2,000.00","1,000.00","1,744.28",872.14,127.86,,,,,,
6/15/2026,20:16:04,Tambi-25kg (Kupima),,Nafaka,0,0.8,"2,800.00","2,100.00","2,140.00","1,605.00",495,,,,,,
6/15/2026,20:16:04,Pepsi : 350ml,,Vinywaji,0,2,700,"1,400.00",500,"1,000.00",400,,,,,,
6/15/2026,20:16:04,Pepsi : 600ML,,Vinywaji,6.2011E+12,1,"1,200.00","1,200.00",800,800,400,,,,,,
6/15/2026,20:16:04,Mchele@2000,,Nafaka,0,1,"2,200.00","2,200.00","2,000.00","2,000.00",200,,,,,,
6/15/2026,20:16:04,Embassy,,Sigara & RIZLA,0,1,400,400,278.03,278.03,121.97,,,,,,
6/15/2026,20:16:04,Niceone-180g,,Usafi:Jumla,6.20302E+12,1,500,500,417.5,417.5,82.5,,,,,,
6/15/2026,20:16:04,RIZLA,,Sigara & RIZLA,0,2,800,"1,600.00",550,"1,100.00",500,,,,,,
6/15/2026,20:18:32,Master(R),,Sigara & RIZLA,0,3,150,450,104.65,313.96,136.04,,,,,,
6/15/2026,22:05:13,Mosquito :COIL,,Afya,0,3,250,750,140,420,330,,,,,,
6/15/2026,22:05:13,K-vant(S)-250ML,,Vinywaji,6.203E+12,2.5,"4,500.00","11,250.00","3,340.74","8,351.85","2,898.15",,,,,,
6/15/2026,22:05:13,Pipi/Bigijii@100,,Vitamu,0,57,100,"5,700.00",59.76,"3,406.10","2,293.90",,,,,,
6/15/2026,22:05:13,Pipi/Bigijii@50,,Vitamu,0,66,50,"3,300.00",31.63,"2,087.76","1,212.24",,,,,,
6/15/2026,22:05:13,Superblack-MDLSPA,,Usafi:Binafsi,0,1,"1,000.00","1,000.00",700,700,300,,,,,,
6/15/2026,22:05:13,Smart Gin-200ML,,Vinywaji,6.20301E+12,0.5,"2,000.00","1,000.00","1,744.28",872.14,127.86,,,,,,
6/15/2026,22:05:13,Uhai(W)-1.6L,,Vinywaji,6.20301E+12,1,800,800,498.15,498.15,301.85,,,,,,
6/15/2026,22:05:13,Uhai(W)-1L,,Vinywaji,6.20301E+12,1,600,600,417.49,417.49,182.51,,,,,,
6/15/2026,22:05:13,Azam-Cola-300ML,,Vinywaji,6.20301E+12,2,600,"1,200.00",423.55,847.1,352.9,,,,,,
6/15/2026,22:05:13,Ngano-25kg,,Nafaka,0,1.5,"2,000.00","3,000.00","1,507.14","2,260.71",739.29,,,,,,
6/15/2026,22:06:59,Mosquito :COIL,,Afya,0,3,250,750,140,420,330,,,,,,
6/15/2026,22:06:59,K-vant(S)-250ML,,Vinywaji,6.203E+12,2.5,"4,500.00","11,250.00","3,340.74","8,351.85","2,898.15",,,,,,
6/15/2026,22:06:59,Pipi/Bigijii@100,,Vitamu,0,57,100,"5,700.00",59.76,"3,406.10","2,293.90",,,,,,
6/15/2026,22:06:59,Pipi/Bigijii@50,,Vitamu,0,66,50,"3,300.00",31.63,"2,087.76","1,212.24",,,,,,
6/15/2026,22:06:59,Superblack-MDLSPA,,Usafi:Binafsi,0,1,"1,000.00","1,000.00",700,700,300,,,,,,
6/15/2026,22:06:59,Smart Gin-200ML,,Vinywaji,6.20301E+12,0.5,"2,000.00","1,000.00","1,744.28",872.14,127.86,,,,,,
6/15/2026,22:06:59,Uhai(W)-1.6L,,Vinywaji,6.20301E+12,1,800,800,498.15,498.15,301.85,,,,,,
6/15/2026,22:06:59,Uhai(W)-1L,,Vinywaji,6.20301E+12,1,600,600,417.49,417.49,182.51,,,,,,
6/15/2026,22:06:59,Azam-Cola-300ML,,Vinywaji,6.20301E+12,2,600,"1,200.00",423.55,847.1,352.9,,,,,,
6/15/2026,22:06:59,Ngano-25kg,,Nafaka,0,1.5,"2,000.00","3,000.00","1,507.14","2,260.71",739.29,,,,,,
6/15/2026,22:54:47,Sembe-25kg,,Nafaka,0,1.8,"1,500.00","2,625.00","1,180.00","2,065.00",560,,,,,,
6/15/2026,22:54:47,Winston(R),,Sigara & RIZLA,0,15,200,"3,000.00",130.53,"1,957.89","1,042.11",,,,,,
6/15/2026,22:54:47,"Tamu : Bakery Skonzi-4pcs@1,600",,Nafaka,0,1,500,500,400,400,100,,,,,,
6/15/2026,22:54:47,Uhai(W)-1L,,Vinywaji,6.20301E+12,1,600,600,417.49,417.49,182.51,,,,,,
6/15/2026,22:54:47,Smart Gin-200ML,,Vinywaji,6.20301E+12,0.5,"2,000.00","1,000.00","1,744.28",872.14,127.86,,,,,,
6/15/2026,22:56:01,Sembe-25kg,,Nafaka,0,1.8,"1,500.00","2,625.00","1,180.00","2,065.00",560,,,,,,
6/15/2026,22:56:01,Winston(R),,Sigara & RIZLA,0,15,200,"3,000.00",130.53,"1,957.89","1,042.11",,,,,,
6/15/2026,22:56:01,"Tamu : Bakery Skonzi-4pcs@1,600",,Nafaka,0,1,500,500,400,400,100,,,,,,
6/15/2026,22:56:01,Uhai(W)-1L,,Vinywaji,6.20301E+12,1,600,600,417.49,417.49,182.51,,,,,,
6/15/2026,22:56:01,Smart Gin-200ML,,Vinywaji,6.20301E+12,0.5,"2,000.00","1,000.00","1,744.28",872.14,127.86,,,,,,
6/16/2026,14:34:17,Sembe-25kg,,Nafaka,0,3,"1,500.00","4,500.00","1,180.00","3,540.00",960,,,,,,
6/16/2026,14:34:17,Niceone-400g,,Usafi:Jumla,6.20302E+12,1,"1,000.00","1,000.00",837.5,837.5,162.5,,,,,,
6/16/2026,14:34:17,Mchele@2000,,Nafaka,0,3,"2,200.00","6,600.00","2,000.00","6,000.00",600,,,,,,
6/16/2026,14:34:17,Mafuta/Kupikia-20L,,Viungo,0,0.8,"6,000.00","4,500.00","4,060.98","3,045.73","1,454.27",,,,,,
6/16/2026,14:34:17,Uhai(W)-1.6L,,Vinywaji,6.20301E+12,1,800,800,498.15,498.15,301.85,,,,,,
6/16/2026,14:34:17,Mayai@Kizungu,,Viungo,0,6,333.33,"2,000.00",266.67,"1,600.00",400,,,,,,
6/16/2026,14:34:17,Mayai@Kizungu,,Viungo,0,1,350,350,266.67,266.67,83.33,,,,,,
6/16/2026,14:34:17,Azam-Malt-300ML,,Vinywaji,6.00964E+12,1,700,700,496.79,496.79,203.21,,,,,,
6/16/2026,14:34:17,Jambo:Lemon-300ml,,Vinywaji,0,3,600,"1,800.00",433.33,"1,300.00",500,,,,,,
6/16/2026,14:34:17,Ngano-25kg,,Nafaka,0,0.5,"2,000.00","1,000.00","1,507.14",753.57,246.43,,,,,,
6/16/2026,14:34:17,Jambo:Cocopine-300ml,,Vinywaji,6.203E+12,1,600,600,417.29,417.29,182.71,,,,,,
6/16/2026,14:34:17,Dalan- Soap-125g,,Usafi:Binafsi,0,1,"1,500.00","1,500.00","1,083.33","1,083.33",416.67,,,,,,
6/16/2026,14:34:17,"Tamu : Bakery Skonzi-4pcs@1,600",,Nafaka,0,1,500,500,400,400,100,,,,,,
6/16/2026,14:34:17,Tamu : Bakery Mkate-1pcs@800,,Nafaka,0,1,"1,000.00","1,000.00",800,800,200,,,,,,
6/16/2026,15:07:21,Winston(R),,Sigara & RIZLA,0,21,200,"4,200.00",130.53,"2,741.05","1,458.95",,,,,,
6/16/2026,15:07:21,Azam-Cola-300ML,,Vinywaji,6.20301E+12,2,600,"1,200.00",423.55,847.1,352.9,,,,,,
6/16/2026,15:07:21,Embassy,,Sigara & RIZLA,0,3,400,"1,200.00",278.03,834.09,365.91,,,,,,
6/16/2026,15:07:21,Niceone-180g,,Usafi:Jumla,6.20302E+12,3,500,"1,500.00",417.5,"1,252.50",247.5,,,,,,
6/16/2026,15:07:21,Niceone-400g,,Usafi:Jumla,6.20302E+12,1,"1,000.00","1,000.00",837.5,837.5,162.5,,,,,,
6/16/2026,15:07:21,Kiwembe : Dorco,,Usafi:Binafsi,8.80104E+12,3,200,600,85,255,345,,,,,,
6/16/2026,17:44:50,Smart Gin-200ML,,Vinywaji,6.20301E+12,2,"2,000.00","4,000.00","1,744.28","3,488.56",511.44,,,,,,
6/16/2026,17:44:50,Sukari(Kupima) - 50kg,,Viungo,0,0.5,"3,000.00","1,500.00","2,360.00","1,180.00",320,,,,,,
6/16/2026,17:44:50,Azam-Cola-300ML,,Vinywaji,6.20301E+12,3,600,"1,800.00",423.55,"1,270.65",529.35,,,,,,
6/16/2026,17:44:50,Jambo:Bolibo-300ml,,Vinywaji,6.203E+12,2,600,"1,200.00",428.57,857.14,342.86,,,,,,
6/16/2026,17:44:50,"Tamu : Bakery Skonzi-4pcs@1,600",,Nafaka,0,1,500,500,400,400,100,,,,,,
6/16/2026,17:44:50,Double(KK)-200ml,,Vinywaji,6.20301E+12,0.5,"2,000.00","1,000.00","1,794.67",897.33,102.67,,,,,,
6/16/2026,17:45:11,Smart Gin-200ML,,Vinywaji,6.20301E+12,2,"2,000.00","4,000.00","1,744.28","3,488.56",511.44,,,,,,
6/16/2026,17:45:11,Sukari(Kupima) - 50kg,,Viungo,0,0.5,"3,000.00","1,500.00","2,360.00","1,180.00",320,,,,,,
6/16/2026,17:45:11,Azam-Cola-300ML,,Vinywaji,6.20301E+12,3,600,"1,800.00",423.55,"1,270.65",529.35,,,,,,
6/16/2026,17:45:11,Jambo:Bolibo-300ml,,Vinywaji,6.203E+12,2,600,"1,200.00",428.57,857.14,342.86,,,,,,
6/16/2026,17:45:11,"Tamu : Bakery Skonzi-4pcs@1,600",,Nafaka,0,1,500,500,400,400,100,,,,,,
6/16/2026,17:45:11,Double(KK)-200ml,,Vinywaji,6.20301E+12,0.5,"2,000.00","1,000.00","1,794.67",897.33,102.67,,,,,,
6/16/2026,18:57:13,Smart Gin-200ML,,Vinywaji,6.20301E+12,1,"2,000.00","2,000.00","1,744.28","1,744.28",255.72,,,,,,
6/16/2026,18:57:13,Konyagi(S)- 200ML,,Vinywaji,6.20301E+12,0.5,"4,500.00","2,250.00","3,523.81","1,761.90",488.1,,,,,,
6/16/2026,18:57:13,Tambi-25kg (Kupima),,Nafaka,0,1,"2,800.00","2,800.00","2,140.00","2,140.00",660,,,,,,
6/16/2026,18:57:13,Sukari(Kupima) - 50kg,,Viungo,0,0.5,"3,000.00","1,500.00","2,360.00","1,180.00",320,,,,,,
6/16/2026,18:57:13,Winston(R),,Sigara & RIZLA,0,15,200,"3,000.00",130.53,"1,957.89","1,042.11",,,,,,
6/16/2026,20:23:01,Sembe-25kg,,Nafaka,0,1,"1,500.00","1,500.00","1,180.00","1,180.00",320,,,,,,
6/16/2026,20:23:01,RIZLA,,Sigara & RIZLA,0,2,800,"1,600.00",550,"1,100.00",500,,,,,,
6/16/2026,20:23:01,Smart Gin-200ML,,Vinywaji,6.20301E+12,1,"2,000.00","2,000.00","1,744.28","1,744.28",255.72,,,,,,
6/16/2026,20:23:01,Konyagi(S)- 200ML,,Vinywaji,6.20301E+12,1,"4,500.00","4,500.00","3,523.81","3,523.81",976.19,,,,,,
6/16/2026,22:31:13,Sukari(Kupima) - 50kg,,Viungo,0,0.3,"3,000.00",750,"2,360.00",590,160,,,,,,
6/16/2026,22:31:13,Azam-Cola-300ML,,Vinywaji,6.20301E+12,1,600,600,423.55,423.55,176.45,,,,,,
6/16/2026,22:31:13,Konyagi(S)- 200ML,,Vinywaji,6.20301E+12,0.5,"4,500.00","2,250.00","3,523.81","1,761.90",488.1,,,,,,
6/16/2026,22:31:13,Uhai(W)-1.6L,,Vinywaji,6.20301E+12,2,800,"1,600.00",498.15,996.3,603.7,,,,,,
6/16/2026,22:31:13,Winston(R),,Sigara & RIZLA,0,6,200,"1,200.00",130.53,783.16,416.84,,,,,,
6/16/2026,22:31:13,Nyota/Kali,,Sigara & RIZLA,0,17,150,"2,550.00",85.48,"1,453.13","1,096.88",,,,,,
6/16/2026,22:31:13,Jambo:Lemon-300ml,,Vinywaji,0,1,600,600,433.33,433.33,166.67,,,,,,
6/16/2026,22:31:13,Mosquito :COIL,,Afya,0,3,250,750,140,420,330,,,,,,
6/16/2026,22:31:13,Smart Gin-200ML,,Vinywaji,6.20301E+12,3,"2,000.00","6,000.00","1,744.28","5,232.84",767.16,,,,,,
6/16/2026,22:31:13,Ngano-25kg,,Nafaka,0,1.5,"2,000.00","3,000.00","1,507.14","2,260.71",739.29,,,,,,
6/16/2026,22:31:13,Jambo:Cocopine-300ml,,Vinywaji,6.203E+12,1,600,600,417.29,417.29,182.71,,,,,,
6/16/2026,22:31:13,Winston(R),,Sigara & RIZLA,0,3,166.67,500,130.53,391.58,108.42,,,,,,
6/16/2026,22:44:36,Sukari(Kupima) - 50kg,,Viungo,0,0.3,"3,000.00",750,"2,360.00",590,160,,,,,,
6/16/2026,22:44:36,Azam-Cola-300ML,,Vinywaji,6.20301E+12,1,600,600,423.55,423.55,176.45,,,,,,
6/16/2026,22:44:36,Konyagi(S)- 200ML,,Vinywaji,6.20301E+12,0.5,"4,500.00","2,250.00","3,523.81","1,761.90",488.1,,,,,,
6/16/2026,22:44:36,Uhai(W)-1.6L,,Vinywaji,6.20301E+12,2,800,"1,600.00",498.15,996.3,603.7,,,,,,
6/16/2026,22:44:36,Winston(R),,Sigara & RIZLA,0,6,200,"1,200.00",130.53,783.16,416.84,,,,,,
6/16/2026,22:44:36,Nyota/Kali,,Sigara & RIZLA,0,19,150,"2,850.00",85.48,"1,624.08","1,225.92",,,,,,
6/16/2026,22:44:36,Jambo:Lemon-300ml,,Vinywaji,0,1,600,600,433.33,433.33,166.67,,,,,,
6/16/2026,22:44:36,Mosquito :COIL,,Afya,0,3,250,750,140,420,330,,,,,,
6/16/2026,22:44:36,Smart Gin-200ML,,Vinywaji,6.20301E+12,3,"2,000.00","6,000.00","1,744.28","5,232.84",767.16,,,,,,
6/16/2026,22:44:36,Ngano-25kg,,Nafaka,0,1.5,"2,000.00","3,000.00","1,507.14","2,260.71",739.29,,,,,,
6/16/2026,22:44:36,Jambo:Cocopine-300ml,,Vinywaji,6.203E+12,1,600,600,417.29,417.29,182.71,,,,,,
6/16/2026,22:44:36,Winston(R),,Sigara & RIZLA,0,3,166.67,500,130.53,391.58,108.42,,,,,,
6/16/2026,22:44:36,Tambi-25kg (Kupima),,Nafaka,0,0.5,"2,800.00","1,400.00","2,140.00","1,070.00",330,,,,,,
6/16/2026,22:47:38,Winston(R),,Sigara & RIZLA,0,3,200,600,130.53,391.58,208.42,,,,,,
6/16/2026,22:47:38,Uhai(W)-1L,,Vinywaji,6.20301E+12,1,600,600,417.49,417.49,182.51,,,,,,
6/16/2026,22:47:38,Pepsi : 600ML,,Vinywaji,6.2011E+12,1,"1,200.00","1,200.00",800,800,400,,,,,,
6/17/2026,10:37:50,Sukari(Kupima) - 50kg,,Viungo,0,0.3,"3,000.00",750,"2,360.00",590,160,,,,,,
6/17/2026,10:37:50,Sembe-25kg,,Nafaka,0,0.5,"1,500.00",750,"1,180.00",590,160,,,,,,
6/17/2026,10:37:50,Winston(R),,Sigara & RIZLA,0,3,166.67,500,130.18,390.54,109.46,,,,,,
6/17/2026,10:37:50,K-vant(S)-250ML,,Vinywaji,6.203E+12,0.5,"4,500.00","2,250.00","3,340.74","1,670.37",579.63,,,,,,
6/17/2026,10:37:50,Mafuta/Kupikia-20L,,Viungo,0,0.3,"6,000.00","1,500.00","4,060.98","1,015.24",484.76,,,,,,
6/17/2026,10:37:50,Mchele@2000,,Nafaka,0,0.5,"2,400.00","1,200.00","2,000.00","1,000.00",200,,,,,,
6/17/2026,16:20:14,Azam-Cola-300ML,,Vinywaji,6.20301E+12,1,600,600,423.55,423.55,176.45,,,,,,
6/17/2026,16:20:14,Pepsi : 600ML,,Vinywaji,6.2011E+12,1,"1,200.00","1,200.00",800,800,400,,,,,,
6/17/2026,16:20:14,Uhai(W)-1.6L,,Vinywaji,6.20301E+12,2,800,"1,600.00",498.15,996.3,603.7,,,,,,
6/17/2026,16:20:14,Mafuta/Kupikia-20L,,Viungo,0,0.3,"6,000.00","1,500.00","4,060.98","1,015.24",484.76,,,,,,
6/17/2026,16:20:14,Fanta-Orange-600ML,,Vinywaji,5.449E+12,1,"1,000.00","1,000.00",833.33,833.33,166.67,,,,,,
6/17/2026,16:20:14,Winston(R),,Sigara & RIZLA,0,12,166.67,"2,000.00",130.53,"1,566.32",433.68,,,,,,
6/17/2026,16:20:14,Pipi/Bigijii@100,,Vitamu,0,3,100,300,59.76,179.27,120.73,,,,,,
6/17/2026,16:20:14,Mayai@Kizungu,,Viungo,0,3,333.33,"1,000.00",266.67,800,200,,,,,,
6/17/2026,16:20:14,Sembe-25kg,,Nafaka,0,0.5,"1,500.00",750,"1,180.00",590,160,,,,,,
6/17/2026,16:20:14,"Tamu : Bakery Skonzi-4pcs@1,600",,Nafaka,0,1,500,500,400,400,100,,,,,,
6/17/2026,16:20:14,Jambo:Lemon-300ml,,Vinywaji,0,1,600,600,433.33,433.33,166.67,,,,,,
6/17/2026,17:18:27,Kiwembe : Dorco,,Usafi:Binafsi,8.80104E+12,1,200,200,85,85,115,,,,,,
6/17/2026,17:18:27,Azam-Cola-300ML,,Vinywaji,6.20301E+12,2,600,"1,200.00",423.55,847.1,352.9,,,,,,
6/17/2026,17:18:27,Uhai(W)-1.6L,,Vinywaji,6.20301E+12,2,800,"1,600.00",498.15,996.3,603.7,,,,,,
6/17/2026,17:18:27,Mafuta/Kupikia-20L,,Viungo,0,1,"6,000.00","6,000.00","4,060.98","4,060.98","1,939.02",,,,,,
6/17/2026,17:18:27,Winston(R),,Sigara & RIZLA,0,9,166.67,"1,500.00",130.53,"1,174.74",325.26,,,,,,
6/17/2026,17:18:27,Mayai@Kizungu,,Viungo,0,1,350,350,266.67,266.67,83.33,,,,,,
6/17/2026,17:32:11,Nyota/Kali,,Sigara & RIZLA,0,4,150,600,85.48,341.91,258.09,,,,,,
6/17/2026,17:32:11,Mchele@2000,,Nafaka,0,0.8,"2,400.00","1,800.00","2,000.00","1,500.00",300,,,,,,
6/17/2026,17:48:29,Tressa :Shampoo - 10ML,,Usafi:Binafsi,6.20305E+12,1,200,200,125,125,75,,,,,,
6/17/2026,19:22:58,Sembe-25kg,,Nafaka,0,0.5,"1,500.00",750,"1,180.00",590,160,,,,,,
6/17/2026,19:22:58,Mafuta/Kupikia-20L,,Viungo,0,0.3,"6,000.00","1,500.00","4,060.98","1,015.24",484.76,,,,,,
6/17/2026,19:22:58,Sukari(Kupima) - 50kg,,Viungo,0,0.3,"3,000.00",750,"2,360.00",590,160,,,,,,
6/17/2026,19:22:58,Uhai(W)-1L,,Vinywaji,6.20301E+12,1,600,600,417.49,417.49,182.51,,,,,,
6/17/2026,19:22:58,Mayai@Kizungu,,Viungo,0,3,333.33,"1,000.00",266.67,800,200,,,,,,
6/17/2026,19:22:58,Winston(R),,Sigara & RIZLA,0,5,200,"1,000.00",130.18,650.89,349.11,,,,,,
6/17/2026,21:04:49,Double(KK)-200ml,,Vinywaji,6.20301E+12,1,"2,000.00","2,000.00","1,794.67","1,794.67",205.33,,,,,,
6/17/2026,21:04:49,Jambo:Cocopine-300ml,,Vinywaji,6.203E+12,2,600,"1,200.00",417.29,834.58,365.42,,,,,,
6/17/2026,21:04:49,Smart Gin-200ML,,Vinywaji,6.20301E+12,1,"2,000.00","2,000.00","1,744.28","1,744.28",255.72,,,,,,
6/17/2026,21:04:49,"Tamu : Bakery Skonzi-4pcs@1,600",,Nafaka,0,4,500,"2,000.00",400,"1,600.00",400,,,,,,
6/17/2026,21:04:49,Jambo:Bolibo-300ml,,Vinywaji,6.203E+12,2,600,"1,200.00",428.57,857.14,342.86,,,,,,
6/17/2026,21:04:49,Mosquito :COIL,,Afya,0,1,250,250,140,140,110,,,,,,
6/17/2026,21:14:27,Smart Gin-200ML,,Vinywaji,6.20301E+12,1,"2,000.00","2,000.00","1,744.28","1,744.28",255.72,,,,,,
6/17/2026,22:39:02,Smart Gin-200ML,,Vinywaji,6.20301E+12,0.5,"2,000.00","1,000.00","1,744.28",872.14,127.86,,,,,,
6/17/2026,22:39:02,Uhai(W)-1L,,Vinywaji,6.20301E+12,1,600,600,417.49,417.49,182.51,,,,,,
6/17/2026,22:39:02,Azam-Cola-300ML,,Vinywaji,6.20301E+12,1,600,600,423.55,423.55,176.45,,,,,,
6/17/2026,22:39:02,Uhai(W)-1.6L,,Vinywaji,6.20301E+12,1,800,800,498.15,498.15,301.85,,,,,,
6/17/2026,22:39:02,U-Fresh Glass (Mango)-120ML,,Vinywaji,0,4,200,800,160.71,642.86,157.14,,,,,,
6/17/2026,22:39:02,Winston(R),,Sigara & RIZLA,0,30,200,"6,000.00",130.53,"3,915.79","2,084.21",,,,,,
6/17/2026,22:39:02,Embassy,,Sigara & RIZLA,0,1,400,400,278.03,278.03,121.97,,,,,,
6/17/2026,22:39:02,Diclopar-550mg,,Afya,0,4,100,400,60,240,160,,,,,,
6/17/2026,22:51:55,Tamu : Bakery Mkate-1pcs@800,,Nafaka,0,1,"1,000.00","1,000.00",800,800,200,,,,,,
6/17/2026,22:51:55,Jambo:Cocopine-300ml,,Vinywaji,6.203E+12,1,600,600,417.29,417.29,182.71,,,,,,
6/17/2026,22:51:55,Winston(R),,Sigara & RIZLA,0,6,166.67,"1,000.00",130.53,783.16,216.84,,,,,,
6/17/2026,22:52:39,Tamu : Bakery Mkate-1pcs@800,,Nafaka,0,1,"1,000.00","1,000.00",800,800,200,,,,,,
6/17/2026,22:52:39,Jambo:Cocopine-300ml,,Vinywaji,6.203E+12,1,600,600,417.29,417.29,182.71,,,,,,
6/17/2026,22:52:39,Winston(R),,Sigara & RIZLA,0,6,166.67,"1,000.00",130.53,783.16,216.84,,,,,,
6/17/2026,23:08:11,Ngano-25kg,,Nafaka,0,1.5,"2,000.00","3,000.00","1,507.14","2,260.71",739.29,,,,,,
6/18/2026,17:13:59,Double(KK)-200ml,,Vinywaji,6.20301E+12,1.5,"2,000.00","3,000.00","1,794.67","2,692.00",308,,,,,,
6/18/2026,17:13:59,Mayai@Kizungu,,Viungo,0,6,333.33,"2,000.00",266.67,"1,600.00",400,,,,,,
6/18/2026,17:13:59,Pepsi : 600ML,,Vinywaji,6.2011E+12,1,"1,200.00","1,200.00",800,800,400,,,,,,
6/18/2026,17:13:59,Smart Gin-200ML,,Vinywaji,6.20301E+12,1.5,"2,000.00","3,000.00","1,744.28","2,616.42",383.58,,,,,,
6/18/2026,17:13:59,Uhai(W)-1.6L,,Vinywaji,6.20301E+12,2,800,"1,600.00",498.15,996.3,603.7,,,,,,
6/18/2026,17:13:59,Jambo:Bolibo-300ml,,Vinywaji,6.203E+12,1,600,600,428.57,428.57,171.43,,,,,,
6/18/2026,17:13:59,Mirinda-600mL,,Vinywaji,6.2011E+12,1,"1,200.00","1,200.00",830.3,830.3,369.7,,,,,,
6/18/2026,17:13:59,Niceone-400g,,Usafi:Jumla,6.20302E+12,1,"1,000.00","1,000.00",837.5,837.5,162.5,,,,,,
6/18/2026,17:13:59,Ngano-25kg,,Nafaka,0,1,"2,000.00","2,000.00","1,507.14","1,507.14",492.86,,,,,,
6/18/2026,17:13:59,Tambi-25kg (Kupima),,Nafaka,0,0.8,"2,800.00","2,100.00","2,140.00","1,605.00",495,,,,,,
6/18/2026,17:13:59,Sukari(Kupima) - 50kg,,Viungo,0,0.3,"3,000.00",750,"2,360.00",590,160,,,,,,
6/18/2026,17:13:59,Mchele@2000,,Nafaka,0,3,"2,400.00","7,200.00","2,000.00","6,000.00","1,200.00",,,,,,
6/18/2026,17:13:59,Mafuta/Kupikia-20L,,Viungo,0,1.3,"6,000.00","7,500.00","4,060.98","5,076.22","2,423.78",,,,,,
6/18/2026,17:13:59,Tamu : Bakery Mkate-1pcs@800,,Nafaka,0,3,"1,000.00","3,000.00",800,"2,400.00",600,,,,,,
6/18/2026,17:13:59,Niceone-180g,,Usafi:Jumla,6.20302E+12,1,500,500,417.5,417.5,82.5,,,,,,
6/18/2026,17:13:59,Uhai(W)-1L,,Vinywaji,6.20301E+12,3,600,"1,800.00",417.49,"1,252.48",547.52,,,,,,
6/18/2026,17:13:59,Robin-Thread,,Usafi:Binafsi,0,2,"1,500.00","3,000.00","1,000.00","2,000.00","1,000.00",,,,,,
6/18/2026,18:45:14,Double(KK)-200ml,,Vinywaji,6.20301E+12,0.5,"2,000.00","1,000.00","1,794.67",897.33,102.67,,,,,,
6/18/2026,18:45:14,Mafuta/Kupikia-20L,,Viungo,0,1,"6,000.00","6,000.00","4,060.98","4,060.98","1,939.02",,,,,,
6/18/2026,18:45:14,Sembe-25kg,,Nafaka,0,1.8,"1,500.00","2,625.00","1,180.00","2,065.00",560,,,,,,
6/18/2026,18:45:14,Azam-Cola-300ML,,Vinywaji,6.20301E+12,1,600,600,423.55,423.55,176.45,,,,,,
6/18/2026,18:45:14,Winston(R),,Sigara & RIZLA,0,38,200,"7,600.00",130.53,"4,960.00","2,640.00",,,,,,
6/18/2026,21:05:14,Smart Gin-200ML,,Vinywaji,6.20301E+12,2.5,"2,000.00","5,000.00","1,744.28","4,360.70",639.3,,,,,,
6/18/2026,21:05:14,Mosquito :COIL,,Afya,0,6,250,"1,500.00",140,840,660,,,,,,
6/18/2026,21:05:14,Azam-Cola-300ML,,Vinywaji,6.20301E+12,1,600,600,423.55,423.55,176.45,,,,,,
6/18/2026,21:05:14,Uhai(W)-1L,,Vinywaji,6.20301E+12,1,600,600,417.49,417.49,182.51,,,,,,
6/18/2026,21:05:14,Superblack-MDLSPA,,Usafi:Binafsi,0,1,"1,000.00","1,000.00",700,700,300,,,,,,
6/18/2026,21:05:14,Sukari(Kupima) - 50kg,,Viungo,0,0.5,"3,000.00","1,500.00","2,360.00","1,180.00",320,,,,,,
6/18/2026,21:05:14,Sembe-25kg,,Nafaka,0,0.8,"1,500.00","1,125.00","1,180.00",885,240,,,,,,
6/18/2026,21:05:14,Double(KK)-200ml,,Vinywaji,6.20301E+12,0.5,"2,000.00","1,000.00","1,794.67",897.33,102.67,,,,,,
6/18/2026,21:05:14,Winston(R),,Sigara & RIZLA,0,4,200,800,130.53,522.11,277.89,,,,,,
6/18/2026,21:35:57,Mosquito :COIL,,Afya,0,2,250,500,140,280,220,,,,,,
6/18/2026,21:35:57,Uhai(W)-1.6L,,Vinywaji,6.20301E+12,1,800,800,498.15,498.15,301.85,,,,,,
6/18/2026,21:35:57,Smart Gin-200ML,,Vinywaji,6.20301E+12,3.5,"2,000.00","7,000.00","1,744.28","6,104.98",895.02,,,,,,
6/18/2026,21:35:57,Double(KK)-200ml,,Vinywaji,6.20301E+12,1,"2,000.00","2,000.00","1,794.67","1,794.67",205.33,,,,,,
6/18/2026,21:35:57,Sembe-25kg,,Nafaka,0,0.8,"1,500.00","1,125.00","1,180.00",885,240,,,,,,
6/18/2026,21:35:57,K-vant(S)-250ML,,Vinywaji,6.203E+12,0.5,"4,500.00","2,250.00","3,340.74","1,670.37",579.63,,,,,,
6/18/2026,22:37:19,Smart Gin-200ML,,Vinywaji,6.20301E+12,0.5,"2,000.00","1,000.00","1,744.28",872.14,127.86,,,,,,
6/18/2026,22:37:19,Fanta-Orange-600ML,,Vinywaji,5.449E+12,1,"1,000.00","1,000.00",833.33,833.33,166.67,,,,,,
6/18/2026,22:37:19,Ngano-25kg,,Nafaka,0,2.3,"2,000.00","4,500.00","1,507.14","3,391.07","1,108.93",,,,,,
6/18/2026,22:37:19,Winston(R),,Sigara & RIZLA,0,12,166.67,"2,000.00",130.53,"1,566.32",433.68,,,,,,
6/18/2026,22:37:19,"Tamu : Bakery Skonzi-4pcs@1,600",,Nafaka,0,1,500,500,400,400,100,,,,,,
6/18/2026,22:37:19,Jambo:Cocopine-300ml,,Vinywaji,6.203E+12,1,600,600,417.29,417.29,182.71,,,,,,
6/18/2026,22:37:19,Mosquito :COIL,,Afya,0,2,250,500,140,280,220,,,,,,
6/18/2026,22:37:19,Sembe-25kg,,Nafaka,0,1.3,"1,500.00","1,875.00","1,180.00","1,475.00",400,,,,,,
6/18/2026,22:37:19,Niceone-180g,,Usafi:Jumla,6.20302E+12,1,500,500,417.5,417.5,82.5,,,,,,
6/19/2026,18:48:30,Mchele@2000,,Nafaka,0,1.5,"2,400.00","3,600.00","2,000.00","3,000.00",600,,,,,,
6/19/2026,18:48:30,Jambo:Cocopine-300ml,,Vinywaji,6.203E+12,1,600,600,417.29,417.29,182.71,,,,,,
6/19/2026,18:48:30,Smart Gin-200ML,,Vinywaji,6.20301E+12,1,"2,000.00","2,000.00","1,744.28","1,744.28",255.72,,,,,,
6/19/2026,18:48:30,Kiwembe : Dorco,,Usafi:Binafsi,8.80104E+12,1,200,200,85,85,115,,,,,,
6/19/2026,18:48:30,Kiwembe : RK,,Usafi:Binafsi,0,1,100,100,60,60,40,,,,,,
6/19/2026,18:48:30,Uhai(W)-1.6L,,Vinywaji,6.20301E+12,2,800,"1,600.00",498.15,996.3,603.7,,,,,,
6/19/2026,18:48:30,Sukari(Kupima) - 50kg,,Viungo,0,0.5,"3,000.00","1,500.00","2,360.00","1,180.00",320,,,,,,
6/19/2026,18:48:30,Double(KK)-200ml,,Vinywaji,6.20301E+12,2,"2,000.00","4,000.00","1,794.67","3,589.33",410.67,,,,,,
6/19/2026,18:48:30,Paracetamol - 500mg,,Afya,0,10,50,500,30,300,200,,,,,,
6/19/2026,18:48:30,Mafuta/Kupikia-20L,,Viungo,0,1,"6,000.00","6,000.00","4,060.98","4,060.98","1,939.02",,,,,,
6/19/2026,18:48:30,Uhai(W)-1L,,Vinywaji,6.20301E+12,3,600,"1,800.00",417.49,"1,252.48",547.52,,,,,,
6/19/2026,18:48:30,Niceone-400g,,Usafi:Jumla,6.20302E+12,1,"1,000.00","1,000.00",837.5,837.5,162.5,,,,,,
6/19/2026,18:48:30,Niceone-180g,,Usafi:Jumla,6.20302E+12,1,500,500,417.5,417.5,82.5,,,,,,
6/19/2026,18:48:30,Sembe-25kg,,Nafaka,0,0.8,"1,500.00","1,125.00","1,180.00",885,240,,,,,,
6/19/2026,18:48:30,Azam-Cola-300ML,,Vinywaji,6.20301E+12,1,600,600,423.55,423.55,176.45,,,,,,
6/19/2026,18:48:30,Mosquito :COIL,,Afya,0,1,250,250,140,140,110,,,,,,
6/19/2026,18:48:30,Neel-Salt-200g,,Viungo,6.20301E+12,1,300,300,166.67,166.67,133.33,,,,,,
6/19/2026,18:48:30,Winston(R),,Sigara & RIZLA,0,1,200,200,130.18,130.18,69.82,,,,,,
6/19/2026,18:48:30,Winston(R),,Sigara & RIZLA,0,43,200,"8,600.00",130.53,"5,612.63","2,987.37",,,,,,
6/19/2026,18:53:17,Niceone-180g,,Usafi:Jumla,6.20302E+12,3,500,"1,500.00",417.5,"1,252.50",247.5,,,,,,
6/19/2026,18:53:17,Niceone-400g,,Usafi:Jumla,6.20302E+12,2,"1,000.00","2,000.00",837.5,"1,675.00",325,,,,,,
6/19/2026,18:53:17,Azam-Malt-300ML,,Vinywaji,6.00964E+12,3,700,"2,100.00",496.79,"1,490.38",609.62,,,,,,
6/19/2026,18:56:16,UDI : STIKI,,Usafi:Binafsi,0,4,50,200,23.81,95.24,104.76,,,,,,
6/19/2026,18:56:16,Tressa :Shampoo - 10ML,,Usafi:Binafsi,6.20305E+12,1,200,200,125,125,75,,,,,,
6/19/2026,19:13:42,Double(KK)-200ml,,Vinywaji,6.20301E+12,1,"2,000.00","2,000.00","1,794.67","1,794.67",205.33,,,,,,
6/19/2026,19:13:42,Smart Gin-200ML,,Vinywaji,6.20301E+12,3.5,"2,000.00","7,000.00","1,744.28","6,104.98",895.02,,,,,,
6/19/2026,19:13:42,Azam-Cola-300ML,,Vinywaji,6.20301E+12,2,600,"1,200.00",423.55,847.1,352.9,,,,,,
6/19/2026,21:20:16,Smart Gin-200ML,,Vinywaji,6.20301E+12,3,"2,000.00","6,000.00","1,744.28","5,232.84",767.16,,,,,,
6/19/2026,21:20:16,Uhai(W)-1.6L,,Vinywaji,6.20301E+12,2,800,"1,600.00",498.15,996.3,603.7,,,,,,
6/19/2026,21:20:16,Sukari(Kupima) - 50kg,,Viungo,0,0.3,"3,000.00",750,"2,360.00",590,160,,,,,,
6/19/2026,21:20:16,Sembe-25kg,,Nafaka,0,2,"1,500.00","3,000.00","1,180.00","2,360.00",640,,,,,,
6/19/2026,21:20:16,Winston(R),,Sigara & RIZLA,0,30,166.67,"5,000.00",130.53,"3,915.79","1,084.21",,,,,,
6/19/2026,21:20:16,Double(KK)-200ml,,Vinywaji,6.20301E+12,2,"2,000.00","4,000.00","1,794.67","3,589.33",410.67,,,,,,
6/19/2026,21:20:16,RIZLA,,Sigara & RIZLA,0,2,800,"1,600.00",550,"1,100.00",500,,,,,,
6/19/2026,21:20:16,Mosquito :COIL,,Afya,0,2,250,500,140,280,220,,,,,,
6/19/2026,21:20:16,LED Bulb-5W,,Umeme/Ufundi,0,2,"1,500.00","3,000.00",721.79,"1,443.58","1,556.42",,,,,,
6/19/2026,21:20:16,Azam-Malt-300ML,,Vinywaji,6.00964E+12,2,700,"1,400.00",496.79,993.59,406.41,,,,,,
6/19/2026,21:20:16,K-vant(S)-250ML,,Vinywaji,6.203E+12,1,"4,500.00","4,500.00","3,340.74","3,340.74","1,159.26",,,,,,
6/19/2026,21:20:16,UDI : STIKI,,Usafi:Binafsi,0,1,50,50,23.81,23.81,26.19,,,,,,
6/19/2026,21:20:16,Winston(R),,Sigara & RIZLA,0,1,200,200,130.18,130.18,69.82,,,,,,
6/19/2026,21:20:16,Winston(R),,Sigara & RIZLA,0,2,200,400,130.53,261.05,138.95,,,,,,
6/19/2026,21:20:16,Paracetamol - 500mg,,Afya,0,4,50,200,30,120,80,,,,,,
6/19/2026,22:01:11,Mosquito :COIL,,Afya,0,8,250,"2,000.00",140,"1,120.00",880,,,,,,
6/19/2026,22:01:11,Double(KK)-200ml,,Vinywaji,6.20301E+12,0.5,"2,000.00","1,000.00","1,794.67",897.33,102.67,,,,,,
6/19/2026,22:01:11,Jambo:Cocopine-300ml,,Vinywaji,6.203E+12,1,600,600,417.29,417.29,182.71,,,,,,
6/19/2026,22:01:11,Uhai(W)-1L,,Vinywaji,6.20301E+12,1,600,600,417.49,417.49,182.51,,,,,,
6/19/2026,22:37:02,Uhai(W)-1.6L,,Vinywaji,6.20301E+12,1,800,800,498.15,498.15,301.85,,,,,,
6/19/2026,22:37:02,Uhai(W)-1L,,Vinywaji,6.20301E+12,1,600,600,417.49,417.49,182.51,,,,,,
6/19/2026,22:37:02,Azam-Cola-300ML,,Vinywaji,6.20301E+12,1,600,600,423.55,423.55,176.45,,,,,,
6/19/2026,22:37:02,Ngano-25kg,,Nafaka,0,1.8,"2,000.00","3,500.00","1,507.14","2,637.50",862.5,,,,,,
6/19/2026,22:44:32,Master(R),,Sigara & RIZLA,0,14,150,"2,100.00",104.65,"1,465.14",634.86,,,,,,
6/19/2026,22:44:32,Jambo:Bolibo-300ml,,Vinywaji,6.203E+12,1,600,600,428.57,428.57,171.43,,,,,,
6/19/2026,22:44:32,Uhai(W)-1L,,Vinywaji,6.20301E+12,1,600,600,417.49,417.49,182.51,,,,,,
6/20/2026,15:58:07,Sembe-25kg,,Nafaka,0,0.3,"1,500.00",375,"1,180.00",295,80,,,,,,
6/20/2026,16:09:28,Pipi/Bigijii@100,,Vitamu,0,1,100,100,59.76,59.76,40.24,,,,,,
6/20/2026,16:09:28,Winston(R),,Sigara & RIZLA,0,1,200,200,130.53,130.53,69.47,,,,,,
6/20/2026,16:25:39,Pipi/Bigijii@50,,Vitamu,0,16,50,800,31.63,506.12,293.88,,,,,,
6/20/2026,16:25:39,Sembe-25kg,,Nafaka,0,1.5,"1,500.00","2,250.00","1,180.00","1,770.00",480,,,,,,
6/20/2026,16:25:39,Niceone-180g,,Usafi:Jumla,6.20302E+12,2,500,"1,000.00",417.5,835,165,,,,,,
6/20/2026,16:25:39,Azam-Malt-300ML,,Vinywaji,6.00964E+12,2,700,"1,400.00",496.79,993.59,406.41,,,,,,
6/20/2026,16:25:39,Sukari(Kupima) - 50kg,,Viungo,0,1,"3,000.00","3,000.00","2,360.00","2,360.00",640,,,,,,
6/20/2026,16:25:39,Ngano-25kg,,Nafaka,0,0.8,"2,000.00","1,500.00","1,507.14","1,130.36",369.64,,,,,,
6/20/2026,16:25:39,Mafuta/Kupikia-20L,,Viungo,0,0.5,"6,000.00","3,000.00","4,060.98","2,030.49",969.51,,,,,,
6/20/2026,16:25:39,Tambi-25kg (Kupima),,Nafaka,0,0.8,"2,800.00","2,100.00","2,140.00","1,605.00",495,,,,,,
6/20/2026,16:25:39,Niceone-400g,,Usafi:Jumla,6.20302E+12,1,"1,000.00","1,000.00",837.5,837.5,162.5,,,,,,
6/20/2026,16:25:39,Smart Gin-200ML,,Vinywaji,6.20301E+12,1,"2,000.00","2,000.00","1,744.28","1,744.28",255.72,,,,,,
6/20/2026,16:25:39,Uhai(W)-1L,,Vinywaji,6.20301E+12,1,600,600,417.49,417.49,182.51,,,,,,
6/20/2026,16:25:39,Mchele@2000,,Nafaka,0,3,"2,400.00","7,200.00","2,000.00","6,000.00","1,200.00",,,,,,
6/20/2026,16:25:39,Winston(R),,Sigara & RIZLA,0,16,200,"3,200.00",130.53,"2,088.42","1,111.58",,,,,,
6/20/2026,16:25:39,Pepsi : 600ML,,Vinywaji,6.2011E+12,1,"1,200.00","1,200.00",800,800,400,,,,,,
6/20/2026,16:25:39,Azam-Cola-300ML,,Vinywaji,6.20301E+12,2,600,"1,200.00",423.55,847.1,352.9,,,,,,
6/28/2026,9:15:08,Niceone-180g,,Usafi:Jumla,6.20302E+12,1,500,500,417.5,417.5,82.5,,,,,,
6/28/2026,10:17:19,Smart Gin-200ML,,Vinywaji,6.20301E+12,0.5,"2,000.00","1,000.00","1,744.28",872.14,127.86,,,,,,
6/28/2026,10:17:19,Jambo:Cocopine-300ml,,Vinywaji,6.203E+12,1,600,600,417.29,417.29,182.71,,,,,,
6/28/2026,11:57:49,Kiwembe : Dorco,,Usafi:Binafsi,8.80104E+12,1,200,200,85,85,115,,,,,,
6/28/2026,11:57:49,Azam-Cola-300ML,,Vinywaji,6.20301E+12,1,600,600,423.55,423.55,176.45,,,,,,
6/28/2026,11:57:49,Smart Gin-200ML,,Vinywaji,6.20301E+12,1,"2,000.00","2,000.00","1,744.28","1,744.28",255.72,,,,,,
6/28/2026,12:27:42,Smart Gin-200ML,,Vinywaji,6.20301E+12,1,"2,000.00","2,000.00","1,744.28","1,744.28",255.72,,,,,,
6/28/2026,13:07:22,K-vant(S)-250ML,,Vinywaji,6.203E+12,1,"4,500.00","4,500.00","3,340.74","3,340.74","1,159.26",,,,,,
6/28/2026,13:07:22,Fanta-Orange : 350mL,,Vinywaji,0,1,800,800,558.33,558.33,241.67,,,,,,
6/28/2026,13:19:42,Uhai(W)-1.6L,,Vinywaji,6.20301E+12,1,800,800,498.15,498.15,301.85,,,,,,
6/28/2026,13:19:42,Uhai(W)-1L,,Vinywaji,6.20301E+12,1,600,600,417.49,417.49,182.51,,,,,,
6/28/2026,13:28:38,Winston(R),,Sigara & RIZLA,0,1,200,200,130.53,130.53,69.47,,,,,,
6/28/2026,20:30:27,Mosquito :COIL,,Afya,0,6,250,"1,500.00",140,840,660,,,,,,
6/28/2026,20:30:27,Winston(R),,Sigara & RIZLA,0,18,166.67,"3,000.00",130.53,"2,349.47",650.53,,,,,,
6/28/2026,20:30:27,Uhai(W)-1.6L,,Vinywaji,6.20301E+12,3,800,"2,400.00",498.15,"1,494.44",905.56,,,,,,
6/28/2026,20:30:27,Uhai(W)-1L,,Vinywaji,6.20301E+12,1,600,600,417.49,417.49,182.51,,,,,,
6/28/2026,20:30:27,Master(R),,Sigara & RIZLA,0,3,150,450,104.65,313.96,136.04,,,,,,
6/28/2026,20:30:27,Jambo:Bolibo-300ml,,Vinywaji,6.203E+12,7,600,"4,200.00",428.57,"3,000.00","1,200.00",,,,,,
6/28/2026,20:30:27,K-vant(S)-250ML,,Vinywaji,6.203E+12,1,"4,500.00","4,500.00","3,340.74","3,340.74","1,159.26",,,,,,
6/28/2026,20:30:27,Smart Gin-200ML,,Vinywaji,6.20301E+12,6,"2,000.00","12,000.00","1,744.28","10,465.67","1,534.33",,,,,,
6/28/2026,20:30:27,Fanta-Orange : 350mL,,Vinywaji,0,2,800,"1,600.00",558.33,"1,116.66",483.34,,,,,,
6/28/2026,20:30:27,Mayai@Kizungu,,Viungo,0,3,333.33,"1,000.00",266.67,800,200,,,,,,
6/28/2026,20:30:27,Jambo:Ginger-300ml,,Vinywaji,0,2,600,"1,200.00",450,900,300,,,,,,
6/28/2026,20:30:27,Jambo:Cocopine-300ml,,Vinywaji,6.203E+12,1,600,600,417.29,417.29,182.71,,,,,,
6/28/2026,20:30:27,Double(KK)-200ml,,Vinywaji,6.20301E+12,1,"2,000.00","2,000.00","1,794.67","1,794.67",205.33,,,,,,
6/28/2026,20:30:27,Niceone-180g,,Usafi:Jumla,6.20302E+12,1,500,500,417.5,417.5,82.5,,,,,,
6/28/2026,20:30:27,Mshumaa,,Jikoni,6.203E+12,1,500,500,277.78,277.78,222.22,,,,,,
6/28/2026,22:19:32,Uhai(W)-1.6L,,Vinywaji,6.20301E+12,5,800,"4,000.00",498.15,"2,490.74","1,509.26",,,,,,
6/28/2026,22:19:32,Niceone-400g,,Usafi:Jumla,6.20302E+12,1,"1,000.00","1,000.00",837.5,837.5,162.5,,,,,,
6/28/2026,22:19:32,Jobo-200ML,,Vinywaji,6.20304E+12,1,"2,000.00","2,000.00","1,723.96","1,723.96",276.04,,,,,,
6/28/2026,22:19:32,Double(KK)-200ml,,Vinywaji,6.20301E+12,1,"2,000.00","2,000.00","1,794.67","1,794.67",205.33,,,,,,
6/28/2026,22:19:32,Winston(R),,Sigara & RIZLA,0,9,200,"1,800.00",130.53,"1,174.74",625.26,,,,,,
6/28/2026,22:19:32,Embassy,,Sigara & RIZLA,0,1,400,400,278.03,278.03,121.97,,,,,,
6/28/2026,22:57:49,Azam-Cola-300ML,,Vinywaji,6.20301E+12,1,600,600,423.55,423.55,176.45,,,,,,
6/28/2026,22:57:49,Winston(R),,Sigara & RIZLA,0,3,166.67,500,130.53,391.58,108.42,,,,,,
6/28/2026,22:57:49,Jambo:Cocopine-300ml,,Vinywaji,6.203E+12,1,600,600,417.29,417.29,182.71,,,,,,
6/28/2026,22:57:49,Smart Gin-200ML,,Vinywaji,6.20301E+12,0.5,"2,000.00","1,000.00","1,744.28",872.14,127.86,,,,,,
6/29/2026,10:35:33,Azam-Cola-300ML,,Vinywaji,6.20301E+12,1,600,600,423.55,423.55,176.45,,,,,,
6/29/2026,10:35:33,Nyota/Kali,,Sigara & RIZLA,0,16,150,"2,400.00",85.48,"1,367.65","1,032.35",,,,,,
6/29/2026,10:35:33,Neel-Salt-200g,,Viungo,6.20301E+12,1,300,300,166.67,166.67,133.33,,,,,,
6/29/2026,10:35:33,Niceone-400g,,Usafi:Jumla,6.20302E+12,4,"1,000.00","4,000.00",837.5,"3,350.00",650,,,,,,
6/29/2026,10:35:33,Haswa -Nazi-150ML,,Usafi:Binafsi,6.2011E+12,1,"2,000.00","2,000.00","1,250.00","1,250.00",750,,,,,,
6/29/2026,10:35:33,Pepsi : 350ml,,Vinywaji,0,1,700,700,500,500,200,,,,,,
6/29/2026,10:35:33,Fanta-Orange : 350mL,,Vinywaji,0,2,800,"1,600.00",558.33,"1,116.66",483.34,,,,,,
6/29/2026,15:25:10,Pepsi : 350ml,,Vinywaji,0,1,700,700,500,500,200,,,,,,
6/29/2026,15:25:10,Azam-Cola-300ML,,Vinywaji,6.20301E+12,2,600,"1,200.00",423.55,847.1,352.9,,,,,,
6/29/2026,15:25:10,Smart Gin-200ML,,Vinywaji,6.20301E+12,2,"2,000.00","4,000.00","1,744.28","3,488.56",511.44,,,,,,
6/29/2026,15:25:10,Uhai(W)-1.6L,,Vinywaji,6.20301E+12,2,800,"1,600.00",498.15,996.3,603.7,,,,,,
6/30/2026,15:50:02,Mshumaa,,Jikoni,6.203E+12,1,500,500,277.78,277.78,222.22,,,,,,
6/30/2026,15:50:02,Jambo:Bolibo-300ml,,Vinywaji,6.203E+12,10,600,"6,000.00",428.57,"4,285.71","1,714.29",,,,,,
6/30/2026,15:50:02,Jambo:Cocopine-300ml,,Vinywaji,6.203E+12,3,600,"1,800.00",417.29,"1,251.87",548.13,,,,,,
6/30/2026,15:50:02,Azam-Cola-300ML,,Vinywaji,6.20301E+12,4,600,"2,400.00",423.55,"1,694.20",705.8,,,,,,
6/30/2026,15:50:02,Mayai@Kizungu,,Viungo,0,12,333.33,"4,000.00",266.67,"3,200.00",800,,,,,,
6/30/2026,15:50:02,Mayai@Kizungu,,Viungo,0,1,350,350,266.67,266.67,83.33,,,,,,
6/30/2026,15:50:02,Uhai(W)-1L,,Vinywaji,6.20301E+12,5,600,"3,000.00",417.49,"2,087.46",912.54,,,,,,
6/30/2026,15:50:02,Uhai(W)-1.6L,,Vinywaji,6.20301E+12,3,800,"2,400.00",498.15,"1,494.44",905.56,,,,,,
6/30/2026,15:50:02,Pepsi : 600ML,,Vinywaji,6.2011E+12,2,"1,200.00","2,400.00",800,"1,600.00",800,,,,,,
6/30/2026,15:50:02,Niceone-180g,,Usafi:Jumla,6.20302E+12,5,500,"2,500.00",417.5,"2,087.50",412.5,,,,,,
6/30/2026,15:50:02,Niceone-400g,,Usafi:Jumla,6.20302E+12,2,"1,000.00","2,000.00",837.5,"1,675.00",325,,,,,,
6/30/2026,15:50:02,Tressa :Shampoo - 10ML,,Usafi:Binafsi,6.20305E+12,2,200,400,125,250,150,,,,,,
6/30/2026,15:50:02,Double(KK)-200ml,,Vinywaji,6.20301E+12,1,"2,000.00","2,000.00","1,794.67","1,794.67",205.33,,,,,,
6/30/2026,15:50:02,Jobo-200ML,,Vinywaji,6.20304E+12,0.5,"2,000.00","1,000.00","1,723.96",861.98,138.02,,,,,,
6/30/2026,15:50:02,Smart Gin-200ML,,Vinywaji,6.20301E+12,11,"2,000.00","22,000.00","1,744.28","19,187.06","2,812.94",,,,,,
6/30/2026,15:50:02,Kiwembe : Dorco,,Usafi:Binafsi,8.80104E+12,3,200,600,85,255,345,,,,,,
6/30/2026,15:50:02,Fanta-Orange : 350mL,,Vinywaji,0,2,800,"1,600.00",558.33,"1,116.66",483.34,,,,,,
6/30/2026,15:50:02,Sparletta : 350mL,,Vinywaji,0,3,800,"2,400.00",563,"1,689.00",711,,,,,,
6/30/2026,15:50:02,Fanta-Passion : 350mL,,Vinywaji,0,1,800,800,558.33,558.33,241.67,,,,,,
6/30/2026,15:50:02,Winston(R),,Sigara & RIZLA,0,90,200,"18,000.00",130.53,"11,747.37","6,252.63",,,,,,
6/30/2026,15:50:02,Embassy,,Sigara & RIZLA,0,2,400,800,278.03,556.06,243.94,,,,,,
6/30/2026,15:50:02,Portsman,,Sigara & RIZLA,0,8,300,"2,400.00",220.88,"1,767.06",632.94,,,,,,
6/30/2026,15:50:02,Master(R),,Sigara & RIZLA,0,9,150,"1,350.00",104.65,941.88,408.13,,,,,,
6/30/2026,15:50:02,Master(K),,Sigara & RIZLA,0,4,150,600,100.76,403.05,196.95,,,,,,
6/30/2026,15:50:02,UDI : STIKI,,Usafi:Binafsi,0,2,50,100,23.81,47.62,52.38,,,,,,
6/30/2026,19:56:51,Pepsi : 600ML,,Vinywaji,6.2011E+12,1,"1,200.00","1,200.00",800,800,400,,,,,,
6/30/2026,19:56:51,Winston(R),,Sigara & RIZLA,0,10,200,"2,000.00",130.53,"1,305.26",694.74,,,,,,
6/30/2026,19:56:51,Azam-Cola-300ML,,Vinywaji,6.20301E+12,3,600,"1,800.00",423.55,"1,270.65",529.35,,,,,,
6/30/2026,19:56:51,Niceone-400g,,Usafi:Jumla,6.20302E+12,1,"1,000.00","1,000.00",837.5,837.5,162.5,,,,,,
6/30/2026,19:56:51,Mosquito :COIL,,Afya,0,2,250,500,140,280,220,,,,,,
6/30/2026,19:56:51,LED Bulb-5W,,Umeme/Ufundi,0,1,"1,500.00","1,500.00",721.79,721.79,778.21,,,,,,
6/30/2026,19:56:51,Mayai@Kizungu,,Viungo,0,21,350,"7,350.00",266.67,"5,600.00","1,750.00",,,,,,
6/30/2026,19:56:51,Jambo:Lemon-300ml,,Vinywaji,0,2,600,"1,200.00",433.33,866.67,333.33,,,,,,
6/30/2026,19:56:51,Mshumaa,,Jikoni,6.203E+12,1,500,500,277.78,277.78,222.22,,,,,,
6/30/2026,19:56:51,Jambo:Cocopine-300ml,,Vinywaji,6.203E+12,2,600,"1,200.00",417.29,834.58,365.42,,,,,,
6/30/2026,22:24:51,Smart Gin-200ML,,Vinywaji,6.20301E+12,1.5,"2,000.00","3,000.00","1,744.28","2,616.42",383.58,,,,,,
6/30/2026,22:24:51,Mosquito :COIL,,Afya,0,2,250,500,140,280,220,,,,,,
6/30/2026,22:24:51,Azam-Cola-300ML,,Vinywaji,6.20301E+12,1,600,600,423.55,423.55,176.45,,,,,,
6/30/2026,22:24:51,Jambo:Bolibo-300ml,,Vinywaji,6.203E+12,3,600,"1,800.00",428.57,"1,285.71",514.29,,,,,,
6/30/2026,22:24:51,Portsman,,Sigara & RIZLA,0,3,300,900,220.88,662.65,237.35,,,,,,
6/30/2026,22:24:51,Winston(R),,Sigara & RIZLA,0,18,166.67,"3,000.00",130.53,"2,349.47",650.53,,,,,,
6/30/2026,22:24:51,Jambo:Cocopine-300ml,,Vinywaji,6.203E+12,1,600,600,417.29,417.29,182.71,,,,,,
6/30/2026,22:24:51,Double(KK)-200ml,,Vinywaji,6.20301E+12,0.5,"2,000.00","1,000.00","1,794.67",897.33,102.67,,,,,,
6/30/2026,22:24:51,Winston(R),,Sigara & RIZLA,0,1,200,200,130.53,130.53,69.47,,,,,,
6/30/2026,22:24:51,Winston(R),,Sigara & RIZLA,0,3,166.67,500,130.18,390.54,109.46,,,,,,
6/30/2026,22:24:51,Uhai(W)-1.6L,,Vinywaji,6.20301E+12,1,800,800,498.15,498.15,301.85,,,,,,
6/30/2026,22:24:51,Uhai(W)-1L,,Vinywaji,6.20301E+12,1,600,600,417.49,417.49,182.51,,,,,,
7/1/2026,15:57:53,Winston(R),,Sigara & RIZLA,0,21,200,"4,200.00",130.53,"2,741.05","1,458.95",,,,,,
7/1/2026,15:57:53,Pepsi : 600ML,,Vinywaji,6.2011E+12,1,"1,200.00","1,200.00",800,800,400,,,,,,
7/1/2026,15:57:53,Niceone-400g,,Usafi:Jumla,6.20302E+12,1,"1,000.00","1,000.00",837.5,837.5,162.5,,,,,,
7/1/2026,16:09:29,U-Fresh Glass (Mango)-120ML,,Vinywaji,0,2,200,400,160.71,321.43,78.57,,,,,,
7/1/2026,16:09:29,Azam-Cola-300ML,,Vinywaji,6.20301E+12,1,600,600,423.55,423.55,176.45,,,,,,
7/1/2026,16:09:29,Uhai(W)-1L,,Vinywaji,6.20301E+12,6,600,"3,600.00",417.49,"2,504.95","1,095.05",,,,,,
7/1/2026,16:09:29,Embassy,,Sigara & RIZLA,0,3,400,"1,200.00",278.03,834.09,365.91,,,,,,
7/1/2026,16:09:29,Winston(R),,Sigara & RIZLA,0,3,166.67,500,130.18,390.54,109.46,,,,,,
7/1/2026,16:09:29,Winston(R),,Sigara & RIZLA,0,19,200,"3,800.00",130.53,"2,480.00","1,320.00",,,,,,
7/1/2026,16:09:29,Portsman,,Sigara & RIZLA,0,3,300,900,220.88,662.65,237.35,,,,,,
7/1/2026,16:09:29,Master(R),,Sigara & RIZLA,0,3,150,450,104.65,313.96,136.04,,,,,,
7/1/2026,16:09:29,Niceone-180g,,Usafi:Jumla,6.20302E+12,1,500,500,417.5,417.5,82.5,,,,,,
7/1/2026,19:01:23,Uhai(W)-1.6L,,Vinywaji,6.20301E+12,1,800,800,498.15,498.15,301.85,,,,,,
7/1/2026,19:01:23,Smart Gin-200ML,,Vinywaji,6.20301E+12,0.5,"2,000.00","1,000.00","1,744.28",872.14,127.86,,,,,,
7/1/2026,19:01:23,Winston(R),,Sigara & RIZLA,0,3,200,600,130.53,391.58,208.42,,,,,,
7/1/2026,19:01:23,Mshumaa,,Jikoni,6.203E+12,1,500,500,277.78,277.78,222.22,,,,,,
7/1/2026,19:11:44,Uhai(W)-13L,,Vinywaji,0,1,"4,500.00","4,500.00","3,400.00","3,400.00","1,100.00",,,,,,
7/1/2026,19:12:35,Niceone-400g,,Usafi:Jumla,6.20302E+12,1,"1,000.00","1,000.00",837.5,837.5,162.5,,,,,,
7/1/2026,19:27:53,Jobo-200ML,,Vinywaji,6.20304E+12,1,"2,000.00","2,000.00","1,723.96","1,723.96",276.04,,,,,,
7/1/2026,19:27:53,Mosquito :COIL,,Afya,0,2,250,500,140,280,220,,,,,,
7/1/2026,19:38:01,Winston(R),,Sigara & RIZLA,0,1,200,200,130.53,130.53,69.47,,,,,,
7/1/2026,19:45:45,Pepsi : 600ML,,Vinywaji,6.2011E+12,2,"1,200.00","2,400.00",800,"1,600.00",800,,,,,,
7/1/2026,22:28:35,Jobo-200ML,,Vinywaji,6.20304E+12,0.5,"2,000.00","1,000.00","1,723.96",861.98,138.02,,,,,,
7/1/2026,22:28:35,Embassy,,Sigara & RIZLA,0,1,400,400,278.03,278.03,121.97,,,,,,
7/1/2026,22:28:35,Winston(R),,Sigara & RIZLA,0,17,200,"3,400.00",130.53,"2,218.95","1,181.05",,,,,,
7/1/2026,22:28:35,Mosquito :COIL,,Afya,0,10,250,"2,500.00",140,"1,400.00","1,100.00",,,,,,
7/1/2026,22:28:35,Azam-Cola-300ML,,Vinywaji,6.20301E+12,1,600,600,423.55,423.55,176.45,,,,,,
7/1/2026,22:28:35,UDI : STIKI,,Usafi:Binafsi,0,2,50,100,23.81,47.62,52.38,,,,,,
7/1/2026,22:28:35,Winston(R),,Sigara & RIZLA,0,3,166.67,500,130.53,391.58,108.42,,,,,,
7/1/2026,22:28:35,Smart Gin-200ML,,Vinywaji,6.20301E+12,1,"2,000.00","2,000.00","1,744.28","1,744.28",255.72,,,,,,
7/1/2026,22:28:35,Jambo:Bolibo-300ml,,Vinywaji,6.203E+12,1,600,600,428.57,428.57,171.43,,,,,,
7/1/2026,22:53:01,Winston(R),,Sigara & RIZLA,0,3,166.67,500,130.53,391.58,108.42,,,,,,
7/1/2026,22:53:01,Mayai@Kizungu,,Viungo,0,11,350,"3,850.00",266.67,"2,933.33",916.67,,,,,,
7/1/2026,22:53:01,Mirinda-Black : 350ml,,Vinywaji,0,2,700,"1,400.00",500,"1,000.00",400,,,,,,
7/2/2026,12:27:54,K-vant(L)- 750ML,,Vinywaji,6.204E+12,2,"12,000.00","24,000.00","9,574.67","19,149.33","4,850.67",,,,,,
7/2/2026,12:27:54,Uhai(W)-1L,,Vinywaji,6.20301E+12,1,600,600,417.49,417.49,182.51,,,,,,
7/2/2026,12:27:54,Smart Gin-200ML,,Vinywaji,6.20301E+12,1,"2,000.00","2,000.00","1,744.28","1,744.28",255.72,,,,,,
7/2/2026,12:27:54,Jobo-200ML,,Vinywaji,6.20304E+12,2.5,"2,000.00","5,000.00","1,723.96","4,309.90",690.1,,,,,,
7/2/2026,12:27:54,Double(KK)-200ml,,Vinywaji,6.20301E+12,2,"2,000.00","4,000.00","1,794.67","3,589.33",410.67,,,,,,
7/2/2026,12:27:54,Azam-Cola-300ML,,Vinywaji,6.20301E+12,1,600,600,423.55,423.55,176.45,,,,,,
7/2/2026,12:27:54,Winston(R),,Sigara & RIZLA,0,26,200,"5,200.00",130.53,"3,393.68","1,806.32",,,,,,
7/2/2026,12:27:54,Uhai(W)-1.6L,,Vinywaji,6.20301E+12,1,800,800,498.15,498.15,301.85,,,,,,
7/2/2026,12:27:54,Niceone-180g,,Usafi:Jumla,6.20302E+12,2,500,"1,000.00",417.5,835,165,,,,,,
7/2/2026,12:27:54,Mayai@Kizungu,,Viungo,0,15,350,"5,250.00",266.67,"4,000.00","1,250.00",,,,,,
7/2/2026,19:16:40,Pepsi : 350ml,,Vinywaji,0,2,700,"1,400.00",500,"1,000.00",400,,,,,,
7/2/2026,19:16:40,Mayai@Kizungu,,Viungo,0,3,350,"1,050.00",266.67,800,250,,,,,,
7/2/2026,19:16:40,Double(KK)-200ml,,Vinywaji,6.20301E+12,1,"2,000.00","2,000.00","1,794.67","1,794.67",205.33,,,,,,
7/2/2026,19:16:40,Uhai(W)-1L,,Vinywaji,6.20301E+12,3,600,"1,800.00",417.49,"1,252.48",547.52,,,,,,
7/2/2026,19:16:40,Neel-Salt-200g,,Viungo,6.20301E+12,1,300,300,166.67,166.67,133.33,,,,,,
7/2/2026,20:22:39,Uhai(W)-1L,,Vinywaji,6.20301E+12,1,600,600,417.49,417.49,182.51,,,,,,
7/2/2026,20:22:39,Winston(R),,Sigara & RIZLA,0,10,200,"2,000.00",130.53,"1,305.26",694.74,,,,,,
7/2/2026,20:22:39,Tamu : Bakery Mkate-1pcs@800,,Nafaka,0,1,"1,000.00","1,000.00",800,800,200,,,,,,
7/2/2026,20:22:39,U-Fresh Glass (Mango)-120ML,,Vinywaji,0,2,200,400,160.71,321.43,78.57,,,,,,
7/2/2026,20:22:39,Mshumaa,,Jikoni,6.203E+12,1,500,500,277.78,277.78,222.22,,,,,,
7/2/2026,22:52:16,Winston(R),,Sigara & RIZLA,0,3,166.67,500,130.53,391.58,108.42,,,,,,
7/2/2026,22:52:16,Winston(R),,Sigara & RIZLA,0,28,200,"5,600.00",130.53,"3,654.74","1,945.26",,,,,,
7/2/2026,22:52:16,Uhai(W)-1.6L,,Vinywaji,6.20301E+12,1,800,800,498.15,498.15,301.85,,,,,,
7/2/2026,22:52:16,Uhai(W)-13L,,Vinywaji,0,1,"4,500.00","4,500.00","3,400.00","3,400.00","1,100.00",,,,,,
7/2/2026,22:52:16,Mosquito :COIL,,Afya,0,5,250,"1,250.00",140,700,550,,,,,,
7/3/2026,14:07:55,Fanta-Orange-600ML,,Vinywaji,5.449E+12,2,"1,000.00","2,000.00",833.33,"1,666.67",333.33,,,,,,
7/3/2026,14:07:55,Jambo:Cocopine-300ml,,Vinywaji,6.203E+12,2,600,"1,200.00",417.29,834.58,365.42,,,,,,
7/3/2026,14:07:55,Jambo:Bolibo-300ml,,Vinywaji,6.203E+12,4,600,"2,400.00",428.57,"1,714.29",685.71,,,,,,
7/3/2026,14:07:55,Jambo:Lemon-300ml,,Vinywaji,0,1,600,600,433.33,433.33,166.67,,,,,,
7/3/2026,14:07:55,Uhai(W)-13L,,Vinywaji,0,1,"4,500.00","4,500.00","3,400.00","3,400.00","1,100.00",,,,,,
7/3/2026,14:07:55,Winston(R),,Sigara & RIZLA,0,53,200,"10,600.00",130.53,"6,917.89","3,682.11",,,,,,
7/3/2026,14:07:55,Mayai@Kizungu,,Viungo,0,18,350,"6,300.00",266.67,"4,800.00","1,500.00",,,,,,
7/3/2026,14:07:55,U-Fresh Glass (Mango)-120ML,,Vinywaji,0,1,200,200,160.71,160.71,39.29,,,,,,
7/3/2026,14:07:55,Niceone-400g,,Usafi:Jumla,6.20302E+12,3,"1,000.00","3,000.00",837.5,"2,512.50",487.5,,,,,,
7/3/2026,14:07:55,Niceone-180g,,Usafi:Jumla,6.20302E+12,1,500,500,417.5,417.5,82.5,,,,,,
7/3/2026,14:07:55,Uhai(W)-1L,,Vinywaji,6.20301E+12,1,600,600,417.49,417.49,182.51,,,,,,
7/3/2026,14:07:55,Dalan- Soap-125g,,Usafi:Binafsi,0,1,"1,500.00","1,500.00","1,083.33","1,083.33",416.67,,,,,,
7/3/2026,14:07:55,Azam-Cola-300ML,,Vinywaji,6.20301E+12,2,600,"1,200.00",423.55,847.1,352.9,,,,,,
7/3/2026,20:07:25,Winston(R),,Sigara & RIZLA,0,3,166.67,500,130.53,391.58,108.42,,,,,,
7/3/2026,20:07:25,Smart Gin-200ML,,Vinywaji,6.20301E+12,3,"2,000.00","6,000.00","1,744.28","5,232.84",767.16,,,,,,
7/3/2026,20:07:25,Nyota/Kali,,Sigara & RIZLA,0,4,150,600,85.48,341.91,258.09,,,,,,
7/3/2026,20:07:25,Master(R),,Sigara & RIZLA,0,9,150,"1,350.00",104.65,941.88,408.13,,,,,,
7/3/2026,20:07:25,K-vant(L)- 750ML,,Vinywaji,6.204E+12,1,"12,000.00","12,000.00","9,574.67","9,574.67","2,425.33",,,,,,
7/3/2026,20:07:25,Winston(R),,Sigara & RIZLA,0,1,200,200,130.18,130.18,69.82,,,,,,
7/3/2026,20:07:25,Niceone-180g,,Usafi:Jumla,6.20302E+12,1,500,500,417.5,417.5,82.5,,,,,,
7/3/2026,20:07:25,Pepsi : 600ML,,Vinywaji,6.2011E+12,1,"1,200.00","1,200.00",800,800,400,,,,,,
7/3/2026,20:07:25,Winston(R),,Sigara & RIZLA,0,3,166.67,500,130.18,390.54,109.46,,,,,,
7/3/2026,20:20:43,Tamu : Bakery Mkate-1pcs@800,,Nafaka,0,1,"1,000.00","1,000.00",800,800,200,,,,,,
7/3/2026,20:27:01,K-vant(S)-250ML,,Vinywaji,6.203E+12,1,"4,500.00","4,500.00","3,340.74","3,340.74","1,159.26",,,,,,
7/3/2026,20:27:01,Winston(R),,Sigara & RIZLA,0,3,166.67,500,130.18,390.54,109.46,,,,,,
7/3/2026,20:37:50,Mosquito :COIL,,Afya,0,2,250,500,140,280,220,,,,,,
7/3/2026,20:37:50,Uhai(W)-1.6L,,Vinywaji,6.20301E+12,1,800,800,498.15,498.15,301.85,,,,,,
7/3/2026,20:37:50,Azam-Cola-300ML,,Vinywaji,6.20301E+12,1,600,600,423.55,423.55,176.45,,,,,,
7/3/2026,20:47:37,Smart Gin-200ML,,Vinywaji,6.20301E+12,5,"2,000.00","10,000.00","1,744.28","8,721.39","1,278.61",,,,,,
7/3/2026,20:50:48,Double(KK)-200ml,,Vinywaji,6.20301E+12,0.5,"2,000.00","1,000.00","1,794.67",897.33,102.67,,,,,,
7/3/2026,20:50:48,Winston(R),,Sigara & RIZLA,0,1,200,200,130.53,130.53,69.47,,,,,,
7/3/2026,20:53:59,Smart Gin-200ML,,Vinywaji,6.20301E+12,5,"2,000.00","10,000.00","1,744.28","8,721.39","1,278.61",,,,,,
7/3/2026,21:04:34,Winston(R),,Sigara & RIZLA,0,3,166.67,500,130.18,390.54,109.46,,,,,,
7/3/2026,21:09:18,Pipi/Bigijii@100,,Vitamu,0,1,100,100,59.76,59.76,40.24,,,,,,
7/3/2026,21:24:54,K-vant(S)-250ML,,Vinywaji,6.203E+12,1,"4,500.00","4,500.00","3,340.74","3,340.74","1,159.26",,,,,,
7/3/2026,21:24:54,Double(KK)-200ml,,Vinywaji,6.20301E+12,0.5,"2,000.00","1,000.00","1,794.67",897.33,102.67,,,,,,
7/3/2026,21:26:23,Winston(R),,Sigara & RIZLA,0,2,200,400,130.53,261.05,138.95,,,,,,
7/3/2026,22:59:36,Mshumaa,,Jikoni,6.203E+12,2,500,"1,000.00",277.78,555.56,444.44,,,,,,
7/3/2026,22:59:36,Mirinda-600mL,,Vinywaji,6.2011E+12,1,"1,200.00","1,200.00",830.3,830.3,369.7,,,,,,
7/3/2026,22:59:36,Uhai(W)-1.6L,,Vinywaji,6.20301E+12,2,800,"1,600.00",498.15,996.3,603.7,,,,,,
7/3/2026,22:59:36,Double(KK)-200ml,,Vinywaji,6.20301E+12,2.5,"2,000.00","5,000.00","1,794.67","4,486.67",513.33,,,,,,
7/3/2026,22:59:36,Smart Gin-200ML,,Vinywaji,6.20301E+12,5.5,"2,000.00","11,000.00","1,744.28","9,593.53","1,406.47",,,,,,
7/3/2026,22:59:36,Jambo:Bolibo-300ml,,Vinywaji,6.203E+12,2,600,"1,200.00",428.57,857.14,342.86,,,,,,
7/4/2026,10:38:41,Winston(R),,Sigara & RIZLA,0,41,200,"8,200.00",130.53,"5,351.58","2,848.42",,,,,,
7/4/2026,10:38:41,Jambo:Cocopine-300ml,,Vinywaji,6.203E+12,1,600,600,417.29,417.29,182.71,,,,,,
7/4/2026,10:38:41,Uhai(W)-1.6L,,Vinywaji,6.20301E+12,4,800,"3,200.00",498.15,"1,992.59","1,207.41",,,,,,
7/4/2026,10:38:41,Jambo:Lemon-300ml,,Vinywaji,0,1,600,600,433.33,433.33,166.67,,,,,,
7/4/2026,10:38:41,Double(KK)-200ml,,Vinywaji,6.20301E+12,0.5,"2,000.00","1,000.00","1,794.67",897.33,102.67,,,,,,
7/4/2026,10:38:41,Smart Gin-200ML,,Vinywaji,6.20301E+12,0.5,"2,000.00","1,000.00","1,744.28",872.14,127.86,,,,,,
7/4/2026,10:45:13,Double(KK)-200ml,,Vinywaji,6.20301E+12,0.5,"2,000.00","1,000.00","1,794.67",897.33,102.67,,,,,,
7/4/2026,12:27:05,Pepsi : 350ml,,Vinywaji,0,1,700,700,500,500,200,,,,,,
7/4/2026,12:27:05,Master(R),,Sigara & RIZLA,0,2,150,300,104.65,209.31,90.69,,,,,,
7/4/2026,13:24:45,Niceone-180g,,Usafi:Jumla,6.20302E+12,1,500,500,417.5,417.5,82.5,,,,,,
7/4/2026,13:28:38,Winston(R),,Sigara & RIZLA,0,1,200,200,130.53,130.53,69.47,,,,,,
7/4/2026,14:00:42,Jambo:Bolibo-300ml,,Vinywaji,6.203E+12,2,600,"1,200.00",428.57,857.14,342.86,,,,,,
7/4/2026,14:00:42,Fanta-Passion : 350mL,,Vinywaji,0,1,800,800,558.33,558.33,241.67,,,,,,
7/4/2026,19:48:44,Jambo:Cocopine-300ml,,Vinywaji,6.203E+12,6,600,"3,600.00",417.29,"2,503.74","1,096.26",,,,,,
7/4/2026,19:48:44,Jambo:Ginger-300ml,,Vinywaji,0,2,600,"1,200.00",450,900,300,,,,,,
7/4/2026,19:48:44,U-Fresh Glass (Mango)-120ML,,Vinywaji,0,2,200,400,160.71,321.43,78.57,,,,,,
7/4/2026,19:48:44,Winston(R),,Sigara & RIZLA,0,19,200,"3,800.00",130.53,"2,480.00","1,320.00",,,,,,
7/4/2026,19:48:44,Smart Gin-200ML,,Vinywaji,6.20301E+12,1.5,"2,000.00","3,000.00","1,744.28","2,616.42",383.58,,,,,,
7/4/2026,19:48:44,Mshumaa,,Jikoni,6.203E+12,2,500,"1,000.00",277.78,555.56,444.44,,,,,,
7/4/2026,19:48:44,Nyota/Kali,,Sigara & RIZLA,0,5,150,750,85.48,427.39,322.61,,,,,,
7/4/2026,19:48:44,Uhai(W)-1L,,Vinywaji,6.20301E+12,1,600,600,417.49,417.49,182.51,,,,,,
7/4/2026,19:48:44,Double(KK)-200ml,,Vinywaji,6.20301E+12,1,"2,000.00","2,000.00","1,794.67","1,794.67",205.33,,,,,,
7/4/2026,19:48:44,Azam-Cola-300ML,,Vinywaji,6.20301E+12,1,600,600,423.55,423.55,176.45,,,,,,
7/4/2026,20:44:12,Double(KK)-200ml,,Vinywaji,6.20301E+12,2,"2,000.00","4,000.00","1,794.67","3,589.33",410.67,,,,,,
7/4/2026,20:44:12,Winston(R),,Sigara & RIZLA,0,4,200,800,130.53,522.11,277.89,,,,,,
7/4/2026,20:44:12,Uhai(W)-1L,,Vinywaji,6.20301E+12,1,600,600,417.49,417.49,182.51,,,,,,
7/4/2026,20:44:12,Nyota/Kali,,Sigara & RIZLA,0,1,150,150,85.48,85.48,64.52,,,,,,
7/4/2026,21:45:43,Smart Gin-200ML,,Vinywaji,6.20301E+12,0.5,"2,000.00","1,000.00","1,744.28",872.14,127.86,,,,,,
7/4/2026,21:45:43,Embassy,,Sigara & RIZLA,0,2,400,800,278.03,556.06,243.94,,,,,,
7/4/2026,22:51:42,Winston(R),,Sigara & RIZLA,0,2,200,400,130.53,261.05,138.95,,,,,,
7/4/2026,22:51:42,Tamu : Bakery Mkate-1pcs@800,,Nafaka,0,2,"1,000.00","2,000.00",800,"1,600.00",400,,,,,,
7/4/2026,22:51:42,RIZLA,,Sigara & RIZLA,0,5,800,"4,000.00",550,"2,750.00","1,250.00",,,,,,
7/4/2026,22:51:42,Mosquito :COIL,,Afya,0,2,250,500,140,280,220,,,,,,
7/4/2026,22:51:42,Smart Gin-200ML,,Vinywaji,6.20301E+12,0.5,"2,000.00","1,000.00","1,744.28",872.14,127.86,,,,,,
7/4/2026,22:51:42,Mshumaa,,Jikoni,6.203E+12,1,500,500,277.78,277.78,222.22,,,,,,
7/4/2026,22:51:42,Niceone-400g,,Usafi:Jumla,6.20302E+12,1,"1,000.00","1,000.00",837.5,837.5,162.5,,,,,,
7/4/2026,22:53:40,Winston(R),,Sigara & RIZLA,0,2,200,400,130.53,261.05,138.95,,,,,,
7/4/2026,22:53:40,Tamu : Bakery Mkate-1pcs@800,,Nafaka,0,2,"1,000.00","2,000.00",800,"1,600.00",400,,,,,,
7/4/2026,22:53:40,RIZLA,,Sigara & RIZLA,0,5,800,"4,000.00",550,"2,750.00","1,250.00",,,,,,
7/4/2026,22:53:40,Mosquito :COIL,,Afya,0,2,250,500,140,280,220,,,,,,
7/4/2026,22:53:40,Smart Gin-200ML,,Vinywaji,6.20301E+12,0.5,"2,000.00","1,000.00","1,744.28",872.14,127.86,,,,,,
7/4/2026,22:53:40,Mshumaa,,Jikoni,6.203E+12,1,500,500,277.78,277.78,222.22,,,,,,
7/4/2026,22:53:40,Niceone-400g,,Usafi:Jumla,6.20302E+12,1,"1,000.00","1,000.00",837.5,837.5,162.5,,,,,,
7/5/2026,19:02:01,Niceone-400g,,Usafi:Jumla,6.20302E+12,2,"1,000.00","2,000.00",837.5,"1,675.00",325,,,,,,
7/5/2026,19:02:01,Pepsi : 600ML,,Vinywaji,6.2011E+12,1,"1,200.00","1,200.00",800,800,400,,,,,,
7/5/2026,19:02:01,Uhai(W)-1.6L,,Vinywaji,6.20301E+12,1,800,800,498.15,498.15,301.85,,,,,,
7/5/2026,19:02:01,Mshumaa,,Jikoni,6.203E+12,1,500,500,277.78,277.78,222.22,,,,,,
7/5/2026,19:02:01,Uhai(W)-13L,,Vinywaji,0,1,"4,500.00","4,500.00","3,400.00","3,400.00","1,100.00",,,,,,
7/5/2026,19:02:01,Kiwembe : RK,,Usafi:Binafsi,0,1,100,100,60,60,40,,,,,,
7/5/2026,19:02:01,Jobo-200ML,,Vinywaji,6.20304E+12,0.5,"2,000.00","1,000.00","1,723.96",861.98,138.02,,,,,,
7/5/2026,19:02:01,Jambo:Cocopine-300ml,,Vinywaji,6.203E+12,2,600,"1,200.00",417.29,834.58,365.42,,,,,,
7/5/2026,19:02:01,Fanta-Orange-600ML,,Vinywaji,5.449E+12,1,"1,000.00","1,000.00",833.33,833.33,166.67,,,,,,
7/5/2026,19:02:01,Jambo:Bolibo-300ml,,Vinywaji,6.203E+12,1,600,600,428.57,428.57,171.43,,,,,,
7/5/2026,19:02:01,Pepsi : 350ml,,Vinywaji,0,1,700,700,500,500,200,,,,,,
7/5/2026,19:02:01,Azam-Cola-300ML,,Vinywaji,6.20301E+12,1,600,600,423.55,423.55,176.45,,,,,,
7/5/2026,19:02:01,Uhai(W)-1L,,Vinywaji,6.20301E+12,1,600,600,417.49,417.49,182.51,,,,,,
7/5/2026,19:02:01,Portsman,,Sigara & RIZLA,0,1,300,300,220.88,220.88,79.12,,,,,,
7/5/2026,19:02:01,Smart Gin-200ML,,Vinywaji,6.20301E+12,6,"2,000.00","12,000.00","1,744.28","10,465.67","1,534.33",,,,,,
7/5/2026,19:02:01,Winston(R),,Sigara & RIZLA,0,28,200,"5,600.00",130.53,"3,654.74","1,945.26",,,,,,
7/5/2026,19:02:01,Niceone-180g,,Usafi:Jumla,6.20302E+12,1,500,500,417.5,417.5,82.5,,,,,,
7/5/2026,19:02:01,Mayai@Kizungu,,Viungo,0,9,333.33,"3,000.00",266.67,"2,400.00",600,,,,,,
7/5/2026,19:02:01,Winston(R),,Sigara & RIZLA,0,1,200,200,130.18,130.18,69.82,,,,,,
7/5/2026,19:12:32,Diclopar-550mg,,Afya,0,1,100,100,60,60,40,,,,,,
7/5/2026,19:12:32,Tressa :Shampoo - 10ML,,Usafi:Binafsi,6.20305E+12,1,200,200,125,125,75,,,,,,
7/5/2026,19:12:32,Jambo:Bolibo-300ml,,Vinywaji,6.203E+12,1,600,600,428.57,428.57,171.43,,,,,,
7/5/2026,19:12:32,Nyota/Kali,,Sigara & RIZLA,0,4,150,600,85.48,341.91,258.09,,,,,,
7/5/2026,21:06:32,Niceone-400g,,Usafi:Jumla,6.20302E+12,1,"1,000.00","1,000.00",837.5,837.5,162.5,,,,,,
7/5/2026,21:06:32,Nyota/Kali,,Sigara & RIZLA,0,5,150,750,85.48,427.39,322.61,,,,,,
7/5/2026,21:06:32,Portsman,,Sigara & RIZLA,0,1,300,300,220.88,220.88,79.12,,,,,,
7/5/2026,21:06:32,Double(KK)-200ml,,Vinywaji,6.20301E+12,3,"2,000.00","6,000.00","1,794.67","5,384.00",616,,,,,,
7/5/2026,21:06:32,Mayai@Kizungu,,Viungo,0,6,333.33,"2,000.00",266.67,"1,600.00",400,,,,,,
7/5/2026,21:06:32,Tamu : Bakery Mkate-1pcs@800,,Nafaka,0,1,"1,000.00","1,000.00",800,800,200,,,,,,
7/5/2026,21:06:32,Mosquito :COIL,,Afya,0,1,250,250,140,140,110,,,,,,
7/5/2026,21:06:32,"Tamu : Bakery Maandazi-12pcs@5,000",,Nafaka,0,2,500,"1,000.00",416.67,833.33,166.67,,,,,,
7/5/2026,21:06:32,Uhai(W)-13L,,Vinywaji,0,1,"4,500.00","4,500.00","3,400.00","3,400.00","1,100.00",,,,,,
7/5/2026,21:06:32,K-vant(S)-250ML,,Vinywaji,6.203E+12,1,"4,500.00","4,500.00","3,340.74","3,340.74","1,159.26",,,,,,
7/5/2026,21:06:32,Pepsi : 350ml,,Vinywaji,0,1,700,700,500,500,200,,,,,,
7/5/2026,21:06:32,Winston(R),,Sigara & RIZLA,0,0.5,200,100,130.53,65.26,34.74,,,,,,
7/5/2026,21:07:26,Niceone-400g,,Usafi:Jumla,6.20302E+12,1,"1,000.00","1,000.00",837.5,837.5,162.5,,,,,,
7/5/2026,21:07:26,Nyota/Kali,,Sigara & RIZLA,0,5,150,750,85.48,427.39,322.61,,,,,,
7/5/2026,21:07:26,Portsman,,Sigara & RIZLA,0,1,300,300,220.88,220.88,79.12,,,,,,
7/5/2026,21:07:26,Double(KK)-200ml,,Vinywaji,6.20301E+12,3,"2,000.00","6,000.00","1,794.67","5,384.00",616,,,,,,
7/5/2026,21:07:26,Mayai@Kizungu,,Viungo,0,6,333.33,"2,000.00",266.67,"1,600.00",400,,,,,,
7/5/2026,21:07:26,Tamu : Bakery Mkate-1pcs@800,,Nafaka,0,1,"1,000.00","1,000.00",800,800,200,,,,,,
7/5/2026,21:07:26,Mosquito :COIL,,Afya,0,1,250,250,140,140,110,,,,,,
7/5/2026,21:07:26,"Tamu : Bakery Maandazi-12pcs@5,000",,Nafaka,0,2,500,"1,000.00",416.67,833.33,166.67,,,,,,
7/5/2026,21:07:26,Uhai(W)-13L,,Vinywaji,0,1,"4,500.00","4,500.00","3,400.00","3,400.00","1,100.00",,,,,,
7/5/2026,21:07:26,K-vant(S)-250ML,,Vinywaji,6.203E+12,1,"4,500.00","4,500.00","3,340.74","3,340.74","1,159.26",,,,,,
7/5/2026,21:07:26,Pepsi : 350ml,,Vinywaji,0,1,700,700,500,500,200,,,,,,
7/5/2026,21:07:26,Winston(R),,Sigara & RIZLA,0,0.5,200,100,130.53,65.26,34.74,,,,,,
7/5/2026,21:09:15,Niceone-400g,,Usafi:Jumla,6.20302E+12,1,"1,000.00","1,000.00",837.5,837.5,162.5,,,,,,
7/5/2026,21:09:15,Nyota/Kali,,Sigara & RIZLA,0,5,150,750,85.48,427.39,322.61,,,,,,
7/5/2026,21:09:15,Portsman,,Sigara & RIZLA,0,1,300,300,220.88,220.88,79.12,,,,,,
7/5/2026,21:09:15,Double(KK)-200ml,,Vinywaji,6.20301E+12,3,"2,000.00","6,000.00","1,794.67","5,384.00",616,,,,,,
7/5/2026,21:09:15,Mayai@Kizungu,,Viungo,0,6,333.33,"2,000.00",266.67,"1,600.00",400,,,,,,
7/5/2026,21:09:15,Tamu : Bakery Mkate-1pcs@800,,Nafaka,0,1,"1,000.00","1,000.00",800,800,200,,,,,,
7/5/2026,21:09:15,Mosquito :COIL,,Afya,0,1,250,250,140,140,110,,,,,,
7/5/2026,21:09:15,"Tamu : Bakery Maandazi-12pcs@5,000",,Nafaka,0,2,500,"1,000.00",416.67,833.33,166.67,,,,,,
7/5/2026,21:09:15,Uhai(W)-13L,,Vinywaji,0,1,"4,500.00","4,500.00","3,400.00","3,400.00","1,100.00",,,,,,
7/5/2026,21:09:15,K-vant(S)-250ML,,Vinywaji,6.203E+12,1,"4,500.00","4,500.00","3,340.74","3,340.74","1,159.26",,,,,,
7/5/2026,21:09:15,Pepsi : 350ml,,Vinywaji,0,1,700,700,500,500,200,,,,,,
7/5/2026,21:09:15,Winston(R),,Sigara & RIZLA,0,0.5,200,100,130.53,65.26,34.74,,,,,,
7/5/2026,21:11:24,Niceone-400g,,Usafi:Jumla,6.20302E+12,1,"1,000.00","1,000.00",837.5,837.5,162.5,,,,,,
7/5/2026,21:11:24,Nyota/Kali,,Sigara & RIZLA,0,5,150,750,85.48,427.39,322.61,,,,,,
7/5/2026,21:11:24,Portsman,,Sigara & RIZLA,0,1,300,300,220.88,220.88,79.12,,,,,,
7/5/2026,21:11:24,Double(KK)-200ml,,Vinywaji,6.20301E+12,3,"2,000.00","6,000.00","1,794.67","5,384.00",616,,,,,,
7/5/2026,21:11:24,Mayai@Kizungu,,Viungo,0,6,333.33,"2,000.00",266.67,"1,600.00",400,,,,,,
7/5/2026,21:11:24,Tamu : Bakery Mkate-1pcs@800,,Nafaka,0,1,"1,000.00","1,000.00",800,800,200,,,,,,
7/5/2026,21:11:24,Mosquito :COIL,,Afya,0,1,250,250,140,140,110,,,,,,
7/5/2026,21:11:24,"Tamu : Bakery Maandazi-12pcs@5,000",,Nafaka,0,2,500,"1,000.00",416.67,833.33,166.67,,,,,,
7/5/2026,21:11:24,Uhai(W)-13L,,Vinywaji,0,1,"4,500.00","4,500.00","3,400.00","3,400.00","1,100.00",,,,,,
7/5/2026,21:11:24,K-vant(S)-250ML,,Vinywaji,6.203E+12,1,"4,500.00","4,500.00","3,340.74","3,340.74","1,159.26",,,,,,
7/5/2026,21:11:24,Pepsi : 350ml,,Vinywaji,0,1,700,700,500,500,200,,,,,,
7/5/2026,21:11:24,Winston(R),,Sigara & RIZLA,0,0.5,200,100,130.53,65.26,34.74,,,,,,
7/5/2026,22:37:14,Winston(R),,Sigara & RIZLA,0,8,200,"1,600.00",130.53,"1,044.21",555.79,,,,,,
7/5/2026,22:37:14,Azam-Cola-300ML,,Vinywaji,6.20301E+12,2,600,"1,200.00",423.55,847.1,352.9,,,,,,
7/5/2026,22:37:14,Pepsi : 600ML,,Vinywaji,6.2011E+12,1,"1,200.00","1,200.00",800,800,400,,,,,,
7/5/2026,22:37:14,Mosquito :COIL,,Afya,0,2,250,500,140,280,220,,,,,,
7/5/2026,22:37:14,Jambo:Cocopine-300ml,,Vinywaji,6.203E+12,2,600,"1,200.00",417.29,834.58,365.42,,,,,,
7/5/2026,22:37:14,Nyota/Kali,,Sigara & RIZLA,0,5,150,750,85.48,427.39,322.61,,,,,,
7/5/2026,22:37:14,Double(KK)-200ml,,Vinywaji,6.20301E+12,1,"2,000.00","2,000.00","1,794.67","1,794.67",205.33,,,,,,
7/5/2026,22:37:14,Uhai(W)-13L,,Vinywaji,0,1,"4,500.00","4,500.00","3,400.00","3,400.00","1,100.00",,,,,,
7/5/2026,22:58:24,Mosquito :COIL,,Afya,0,8,250,"2,000.00",140,"1,120.00",880,,,,,,
7/5/2026,23:02:41,Uhai(W)-1L,,Vinywaji,6.20301E+12,1,600,600,417.49,417.49,182.51,,,,,,
7/6/2026,17:04:14,Azam-Cola-300ML,,Vinywaji,6.20301E+12,1,600,600,423.55,423.55,176.45,,,,,,
7/6/2026,17:04:14,Uhai(W)-1L,,Vinywaji,6.20301E+12,2,600,"1,200.00",417.49,834.98,365.02,,,,,,
7/6/2026,17:04:14,Uhai(W)-1.6L,,Vinywaji,6.20301E+12,1,800,800,498.15,498.15,301.85,,,,,,
7/6/2026,17:04:14,Pakiti/Ndimu-Unga,,Viungo,0,1,100,100,45.45,45.45,54.55,,,,,,
7/6/2026,17:04:14,Pepsi : 600ML,,Vinywaji,6.2011E+12,1,"1,200.00","1,200.00",800,800,400,,,,,,
7/6/2026,17:04:14,Fanta-Orange : 350mL,,Vinywaji,0,1,800,800,558.33,558.33,241.67,,,,,,
7/6/2026,17:04:14,Niceone-180g,,Usafi:Jumla,6.20302E+12,1,500,500,417.5,417.5,82.5,,,,,,
7/6/2026,17:04:14,Mayai@Kizungu,,Viungo,0,3,333.33,"1,000.00",266.67,800,200,,,,,,
